CAGR | ABB | 2012-12 | revenue_cagr_3yr | INSUFFICIENT
CAGR | ABB | 2012-12 | revenue_cagr_5yr | INSUFFICIENT
CAGR | ABB | 2012-12 | revenue_cagr_10yr | INSUFFICIENT
CAGR | ABB | 2012-12 | pat_cagr_3yr | INSUFFICIENT
CAGR | ABB | 2012-12 | pat_cagr_5yr | INSUFFICIENT
CAGR | ABB | 2012-12 | pat_cagr_10yr | INSUFFICIENT
CAGR | ABB | 2012-12 | eps_cagr_3yr | INSUFFICIENT
CAGR | ABB | 2012-12 | eps_cagr_5yr | INSUFFICIENT
CAGR | ABB | 2012-12 | eps_cagr_10yr | INSUFFICIENT
CAGR | ABB | 2014-03 | revenue_cagr_3yr | INSUFFICIENT
CAGR | ABB | 2014-03 | revenue_cagr_5yr | INSUFFICIENT
CAGR | ABB | 2014-03 | revenue_cagr_10yr | INSUFFICIENT
CAGR | ABB | 2014-03 | pat_cagr_3yr | INSUFFICIENT
CAGR | ABB | 2014-03 | pat_cagr_5yr | INSUFFICIENT
CAGR | ABB | 2014-03 | pat_cagr_10yr | INSUFFICIENT
CAGR | ABB | 2014-03 | eps_cagr_3yr | INSUFFICIENT
CAGR | ABB | 2014-03 | eps_cagr_5yr | INSUFFICIENT
CAGR | ABB | 2014-03 | eps_cagr_10yr | INSUFFICIENT
CAGR | ABB | 2015-03 | revenue_cagr_5yr | INSUFFICIENT
CAGR | ABB | 2015-03 | revenue_cagr_10yr | INSUFFICIENT
CAGR | ABB | 2015-03 | pat_cagr_5yr | INSUFFICIENT
CAGR | ABB | 2015-03 | pat_cagr_10yr | INSUFFICIENT
CAGR | ABB | 2015-03 | eps_cagr_5yr | INSUFFICIENT
CAGR | ABB | 2015-03 | eps_cagr_10yr | INSUFFICIENT
CAGR | ABB | 2016-03 | revenue_cagr_3yr | INSUFFICIENT
CAGR | ABB | 2016-03 | revenue_cagr_5yr | INSUFFICIENT
CAGR | ABB | 2016-03 | revenue_cagr_10yr | INSUFFICIENT
CAGR | ABB | 2016-03 | pat_cagr_3yr | INSUFFICIENT
CAGR | ABB | 2016-03 | pat_cagr_5yr | INSUFFICIENT
CAGR | ABB | 2016-03 | pat_cagr_10yr | INSUFFICIENT
CAGR | ABB | 2016-03 | eps_cagr_3yr | INSUFFICIENT
CAGR | ABB | 2016-03 | eps_cagr_5yr | INSUFFICIENT
CAGR | ABB | 2016-03 | eps_cagr_10yr | INSUFFICIENT
CAGR | ABB | 2017-03 | revenue_cagr_10yr | INSUFFICIENT
CAGR | ABB | 2017-03 | pat_cagr_10yr | INSUFFICIENT
CAGR | ABB | 2017-03 | eps_cagr_10yr | INSUFFICIENT
CAGR | ABB | 2018-03 | revenue_cagr_5yr | INSUFFICIENT
CAGR | ABB | 2018-03 | revenue_cagr_10yr | INSUFFICIENT
CAGR | ABB | 2018-03 | pat_cagr_5yr | INSUFFICIENT
CAGR | ABB | 2018-03 | pat_cagr_10yr | INSUFFICIENT
CAGR | ABB | 2018-03 | eps_cagr_5yr | INSUFFICIENT
CAGR | ABB | 2018-03 | eps_cagr_10yr | INSUFFICIENT
CAGR | ABB | 2019-03 | revenue_cagr_10yr | INSUFFICIENT
CAGR | ABB | 2019-03 | pat_cagr_10yr | INSUFFICIENT
CAGR | ABB | 2019-03 | eps_cagr_10yr | INSUFFICIENT
CAGR | ABB | 2020-03 | revenue_cagr_10yr | INSUFFICIENT
CAGR | ABB | 2020-03 | pat_cagr_10yr | INSUFFICIENT
CAGR | ABB | 2020-03 | eps_cagr_10yr | INSUFFICIENT
CAGR | ABB | 2021-03 | revenue_cagr_10yr | INSUFFICIENT
CAGR | ABB | 2021-03 | pat_cagr_10yr | INSUFFICIENT
CAGR | ABB | 2021-03 | eps_cagr_10yr | INSUFFICIENT
CAGR | ABB | 2023-03 | revenue_cagr_10yr | INSUFFICIENT
CAGR | ABB | 2023-03 | pat_cagr_10yr | INSUFFICIENT
CAGR | ABB | 2023-03 | eps_cagr_10yr | INSUFFICIENT
CAGR | ABB | 2024-09 | revenue_cagr_3yr | INSUFFICIENT
CAGR | ABB | 2024-09 | revenue_cagr_5yr | INSUFFICIENT
CAGR | ABB | 2024-09 | revenue_cagr_10yr | INSUFFICIENT
CAGR | ABB | 2024-09 | pat_cagr_3yr | INSUFFICIENT
CAGR | ABB | 2024-09 | pat_cagr_5yr | INSUFFICIENT
CAGR | ABB | 2024-09 | pat_cagr_10yr | INSUFFICIENT
CAGR | ABB | 2024-09 | eps_cagr_3yr | INSUFFICIENT
CAGR | ABB | 2024-09 | eps_cagr_5yr | INSUFFICIENT
CAGR | ABB | 2024-09 | eps_cagr_10yr | INSUFFICIENT
CAGR | ADANIENSOL | 2014-03 | revenue_cagr_3yr | INSUFFICIENT
CAGR | ADANIENSOL | 2014-03 | revenue_cagr_5yr | INSUFFICIENT
CAGR | ADANIENSOL | 2014-03 | revenue_cagr_10yr | INSUFFICIENT
CAGR | ADANIENSOL | 2014-03 | pat_cagr_3yr | INSUFFICIENT
CAGR | ADANIENSOL | 2014-03 | pat_cagr_5yr | INSUFFICIENT
CAGR | ADANIENSOL | 2014-03 | pat_cagr_10yr | INSUFFICIENT
CAGR | ADANIENSOL | 2014-03 | eps_cagr_3yr | INSUFFICIENT
CAGR | ADANIENSOL | 2014-03 | eps_cagr_5yr | INSUFFICIENT
CAGR | ADANIENSOL | 2014-03 | eps_cagr_10yr | INSUFFICIENT
CAGR | ADANIENSOL | 2015-03 | revenue_cagr_3yr | INSUFFICIENT
CAGR | ADANIENSOL | 2015-03 | revenue_cagr_5yr | INSUFFICIENT
CAGR | ADANIENSOL | 2015-03 | revenue_cagr_10yr | INSUFFICIENT
CAGR | ADANIENSOL | 2015-03 | pat_cagr_3yr | INSUFFICIENT
CAGR | ADANIENSOL | 2015-03 | pat_cagr_5yr | INSUFFICIENT
CAGR | ADANIENSOL | 2015-03 | pat_cagr_10yr | INSUFFICIENT
CAGR | ADANIENSOL | 2015-03 | eps_cagr_3yr | INSUFFICIENT
CAGR | ADANIENSOL | 2015-03 | eps_cagr_5yr | INSUFFICIENT
CAGR | ADANIENSOL | 2015-03 | eps_cagr_10yr | INSUFFICIENT
CAGR | ADANIENSOL | 2016-03 | revenue_cagr_3yr | INSUFFICIENT
CAGR | ADANIENSOL | 2016-03 | revenue_cagr_5yr | INSUFFICIENT
CAGR | ADANIENSOL | 2016-03 | revenue_cagr_10yr | INSUFFICIENT
CAGR | ADANIENSOL | 2016-03 | pat_cagr_3yr | INSUFFICIENT
CAGR | ADANIENSOL | 2016-03 | pat_cagr_5yr | INSUFFICIENT
CAGR | ADANIENSOL | 2016-03 | pat_cagr_10yr | INSUFFICIENT
CAGR | ADANIENSOL | 2016-03 | eps_cagr_3yr | INSUFFICIENT
CAGR | ADANIENSOL | 2016-03 | eps_cagr_5yr | INSUFFICIENT
CAGR | ADANIENSOL | 2016-03 | eps_cagr_10yr | INSUFFICIENT
CAGR | ADANIENSOL | 2017-03 | revenue_cagr_3yr | ZERO_BASE
CAGR | ADANIENSOL | 2017-03 | revenue_cagr_5yr | INSUFFICIENT
CAGR | ADANIENSOL | 2017-03 | revenue_cagr_10yr | INSUFFICIENT
CAGR | ADANIENSOL | 2017-03 | pat_cagr_3yr | ZERO_BASE
CAGR | ADANIENSOL | 2017-03 | pat_cagr_5yr | INSUFFICIENT
CAGR | ADANIENSOL | 2017-03 | pat_cagr_10yr | INSUFFICIENT
CAGR | ADANIENSOL | 2017-03 | eps_cagr_3yr | ZERO_BASE
CAGR | ADANIENSOL | 2017-03 | eps_cagr_5yr | INSUFFICIENT
CAGR | ADANIENSOL | 2017-03 | eps_cagr_10yr | INSUFFICIENT
CAGR | ADANIENSOL | 2018-03 | revenue_cagr_5yr | INSUFFICIENT
CAGR | ADANIENSOL | 2018-03 | revenue_cagr_10yr | INSUFFICIENT
CAGR | ADANIENSOL | 2018-03 | pat_cagr_3yr | TURNAROUND
CAGR | ADANIENSOL | 2018-03 | pat_cagr_5yr | INSUFFICIENT
CAGR | ADANIENSOL | 2018-03 | pat_cagr_10yr | INSUFFICIENT
CAGR | ADANIENSOL | 2018-03 | eps_cagr_3yr | ZERO_BASE
CAGR | ADANIENSOL | 2018-03 | eps_cagr_5yr | INSUFFICIENT
CAGR | ADANIENSOL | 2018-03 | eps_cagr_10yr | INSUFFICIENT
CAGR | ADANIENSOL | 2019-03 | revenue_cagr_5yr | ZERO_BASE
CAGR | ADANIENSOL | 2019-03 | revenue_cagr_10yr | INSUFFICIENT
CAGR | ADANIENSOL | 2019-03 | pat_cagr_5yr | ZERO_BASE
CAGR | ADANIENSOL | 2019-03 | pat_cagr_10yr | INSUFFICIENT
CAGR | ADANIENSOL | 2019-03 | eps_cagr_5yr | ZERO_BASE
CAGR | ADANIENSOL | 2019-03 | eps_cagr_10yr | INSUFFICIENT
CAGR | ADANIENSOL | 2020-03 | revenue_cagr_10yr | INSUFFICIENT
CAGR | ADANIENSOL | 2020-03 | pat_cagr_5yr | TURNAROUND
CAGR | ADANIENSOL | 2020-03 | pat_cagr_10yr | INSUFFICIENT
CAGR | ADANIENSOL | 2020-03 | eps_cagr_5yr | ZERO_BASE
CAGR | ADANIENSOL | 2020-03 | eps_cagr_10yr | INSUFFICIENT
CAGR | ADANIENSOL | 2021-03 | revenue_cagr_10yr | INSUFFICIENT
CAGR | ADANIENSOL | 2021-03 | pat_cagr_10yr | INSUFFICIENT
CAGR | ADANIENSOL | 2021-03 | eps_cagr_10yr | INSUFFICIENT
CAGR | ADANIENSOL | 2022-03 | revenue_cagr_10yr | INSUFFICIENT
CAGR | ADANIENSOL | 2022-03 | pat_cagr_10yr | INSUFFICIENT
CAGR | ADANIENSOL | 2022-03 | eps_cagr_10yr | INSUFFICIENT
CAGR | ADANIENSOL | 2023-03 | revenue_cagr_10yr | INSUFFICIENT
CAGR | ADANIENSOL | 2023-03 | pat_cagr_10yr | INSUFFICIENT
CAGR | ADANIENSOL | 2023-03 | eps_cagr_10yr | INSUFFICIENT
OPM | ADANIENSOL | 2024-03 | source=30.0 computed=34.3891 | SOURCE_MISMATCH
CAGR | ADANIENSOL | 2024-03 | revenue_cagr_10yr | ZERO_BASE
CAGR | ADANIENSOL | 2024-03 | pat_cagr_10yr | ZERO_BASE
CAGR | ADANIENSOL | 2024-03 | eps_cagr_10yr | ZERO_BASE
CAGR | ADANIENSOL | 2024-09 | revenue_cagr_3yr | INSUFFICIENT
CAGR | ADANIENSOL | 2024-09 | revenue_cagr_5yr | INSUFFICIENT
CAGR | ADANIENSOL | 2024-09 | revenue_cagr_10yr | INSUFFICIENT
CAGR | ADANIENSOL | 2024-09 | pat_cagr_3yr | INSUFFICIENT
CAGR | ADANIENSOL | 2024-09 | pat_cagr_5yr | INSUFFICIENT
CAGR | ADANIENSOL | 2024-09 | pat_cagr_10yr | INSUFFICIENT
CAGR | ADANIENSOL | 2024-09 | eps_cagr_3yr | INSUFFICIENT
CAGR | ADANIENSOL | 2024-09 | eps_cagr_5yr | INSUFFICIENT
CAGR | ADANIENSOL | 2024-09 | eps_cagr_10yr | INSUFFICIENT
CAGR | ADANIENT | 2013-03 | revenue_cagr_3yr | INSUFFICIENT
CAGR | ADANIENT | 2013-03 | revenue_cagr_5yr | INSUFFICIENT
CAGR | ADANIENT | 2013-03 | revenue_cagr_10yr | INSUFFICIENT
CAGR | ADANIENT | 2013-03 | pat_cagr_3yr | INSUFFICIENT
CAGR | ADANIENT | 2013-03 | pat_cagr_5yr | INSUFFICIENT
CAGR | ADANIENT | 2013-03 | pat_cagr_10yr | INSUFFICIENT
CAGR | ADANIENT | 2013-03 | eps_cagr_3yr | INSUFFICIENT
CAGR | ADANIENT | 2013-03 | eps_cagr_5yr | INSUFFICIENT
CAGR | ADANIENT | 2013-03 | eps_cagr_10yr | INSUFFICIENT
CAGR | ADANIENT | 2014-03 | revenue_cagr_3yr | INSUFFICIENT
CAGR | ADANIENT | 2014-03 | revenue_cagr_5yr | INSUFFICIENT
CAGR | ADANIENT | 2014-03 | revenue_cagr_10yr | INSUFFICIENT
CAGR | ADANIENT | 2014-03 | pat_cagr_3yr | INSUFFICIENT
CAGR | ADANIENT | 2014-03 | pat_cagr_5yr | INSUFFICIENT
CAGR | ADANIENT | 2014-03 | pat_cagr_10yr | INSUFFICIENT
CAGR | ADANIENT | 2014-03 | eps_cagr_3yr | INSUFFICIENT
CAGR | ADANIENT | 2014-03 | eps_cagr_5yr | INSUFFICIENT
CAGR | ADANIENT | 2014-03 | eps_cagr_10yr | INSUFFICIENT
CAGR | ADANIENT | 2015-03 | revenue_cagr_3yr | INSUFFICIENT
CAGR | ADANIENT | 2015-03 | revenue_cagr_5yr | INSUFFICIENT
CAGR | ADANIENT | 2015-03 | revenue_cagr_10yr | INSUFFICIENT
CAGR | ADANIENT | 2015-03 | pat_cagr_3yr | INSUFFICIENT
CAGR | ADANIENT | 2015-03 | pat_cagr_5yr | INSUFFICIENT
CAGR | ADANIENT | 2015-03 | pat_cagr_10yr | INSUFFICIENT
CAGR | ADANIENT | 2015-03 | eps_cagr_3yr | INSUFFICIENT
CAGR | ADANIENT | 2015-03 | eps_cagr_5yr | INSUFFICIENT
CAGR | ADANIENT | 2015-03 | eps_cagr_10yr | INSUFFICIENT
CAGR | ADANIENT | 2016-03 | revenue_cagr_5yr | INSUFFICIENT
CAGR | ADANIENT | 2016-03 | revenue_cagr_10yr | INSUFFICIENT
CAGR | ADANIENT | 2016-03 | pat_cagr_5yr | INSUFFICIENT
CAGR | ADANIENT | 2016-03 | pat_cagr_10yr | INSUFFICIENT
CAGR | ADANIENT | 2016-03 | eps_cagr_5yr | INSUFFICIENT
CAGR | ADANIENT | 2016-03 | eps_cagr_10yr | INSUFFICIENT
CAGR | ADANIENT | 2017-03 | revenue_cagr_5yr | INSUFFICIENT
CAGR | ADANIENT | 2017-03 | revenue_cagr_10yr | INSUFFICIENT
CAGR | ADANIENT | 2017-03 | pat_cagr_5yr | INSUFFICIENT
CAGR | ADANIENT | 2017-03 | pat_cagr_10yr | INSUFFICIENT
CAGR | ADANIENT | 2017-03 | eps_cagr_5yr | INSUFFICIENT
CAGR | ADANIENT | 2017-03 | eps_cagr_10yr | INSUFFICIENT
CAGR | ADANIENT | 2018-03 | revenue_cagr_10yr | INSUFFICIENT
CAGR | ADANIENT | 2018-03 | pat_cagr_10yr | INSUFFICIENT
CAGR | ADANIENT | 2018-03 | eps_cagr_10yr | INSUFFICIENT
CAGR | ADANIENT | 2019-03 | revenue_cagr_10yr | INSUFFICIENT
CAGR | ADANIENT | 2019-03 | pat_cagr_10yr | INSUFFICIENT
CAGR | ADANIENT | 2019-03 | eps_cagr_10yr | INSUFFICIENT
CAGR | ADANIENT | 2020-03 | revenue_cagr_10yr | INSUFFICIENT
CAGR | ADANIENT | 2020-03 | pat_cagr_10yr | INSUFFICIENT
CAGR | ADANIENT | 2020-03 | eps_cagr_10yr | INSUFFICIENT
CAGR | ADANIENT | 2021-03 | revenue_cagr_10yr | INSUFFICIENT
CAGR | ADANIENT | 2021-03 | pat_cagr_10yr | INSUFFICIENT
CAGR | ADANIENT | 2021-03 | eps_cagr_10yr | INSUFFICIENT
CAGR | ADANIENT | 2022-03 | revenue_cagr_10yr | INSUFFICIENT
CAGR | ADANIENT | 2022-03 | pat_cagr_10yr | INSUFFICIENT
CAGR | ADANIENT | 2022-03 | eps_cagr_10yr | INSUFFICIENT
CAGR | ADANIENT | 2024-09 | revenue_cagr_3yr | INSUFFICIENT
CAGR | ADANIENT | 2024-09 | revenue_cagr_5yr | INSUFFICIENT
CAGR | ADANIENT | 2024-09 | revenue_cagr_10yr | INSUFFICIENT
CAGR | ADANIENT | 2024-09 | pat_cagr_3yr | INSUFFICIENT
CAGR | ADANIENT | 2024-09 | pat_cagr_5yr | INSUFFICIENT
CAGR | ADANIENT | 2024-09 | pat_cagr_10yr | INSUFFICIENT
CAGR | ADANIENT | 2024-09 | eps_cagr_3yr | INSUFFICIENT
CAGR | ADANIENT | 2024-09 | eps_cagr_5yr | INSUFFICIENT
CAGR | ADANIENT | 2024-09 | eps_cagr_10yr | INSUFFICIENT
CAGR | ADANIGREEN | 2017-03 | revenue_cagr_3yr | INSUFFICIENT
CAGR | ADANIGREEN | 2017-03 | revenue_cagr_5yr | INSUFFICIENT
CAGR | ADANIGREEN | 2017-03 | revenue_cagr_10yr | INSUFFICIENT
CAGR | ADANIGREEN | 2017-03 | pat_cagr_3yr | INSUFFICIENT
CAGR | ADANIGREEN | 2017-03 | pat_cagr_5yr | INSUFFICIENT
CAGR | ADANIGREEN | 2017-03 | pat_cagr_10yr | INSUFFICIENT
CAGR | ADANIGREEN | 2017-03 | eps_cagr_3yr | INSUFFICIENT
CAGR | ADANIGREEN | 2017-03 | eps_cagr_5yr | INSUFFICIENT
CAGR | ADANIGREEN | 2017-03 | eps_cagr_10yr | INSUFFICIENT
CAGR | ADANIGREEN | 2018-03 | revenue_cagr_3yr | INSUFFICIENT
CAGR | ADANIGREEN | 2018-03 | revenue_cagr_5yr | INSUFFICIENT
CAGR | ADANIGREEN | 2018-03 | revenue_cagr_10yr | INSUFFICIENT
CAGR | ADANIGREEN | 2018-03 | pat_cagr_3yr | INSUFFICIENT
CAGR | ADANIGREEN | 2018-03 | pat_cagr_5yr | INSUFFICIENT
CAGR | ADANIGREEN | 2018-03 | pat_cagr_10yr | INSUFFICIENT
CAGR | ADANIGREEN | 2018-03 | eps_cagr_3yr | INSUFFICIENT
CAGR | ADANIGREEN | 2018-03 | eps_cagr_5yr | INSUFFICIENT
CAGR | ADANIGREEN | 2018-03 | eps_cagr_10yr | INSUFFICIENT
CAGR | ADANIGREEN | 2019-03 | revenue_cagr_3yr | INSUFFICIENT
CAGR | ADANIGREEN | 2019-03 | revenue_cagr_5yr | INSUFFICIENT
CAGR | ADANIGREEN | 2019-03 | revenue_cagr_10yr | INSUFFICIENT
CAGR | ADANIGREEN | 2019-03 | pat_cagr_3yr | INSUFFICIENT
CAGR | ADANIGREEN | 2019-03 | pat_cagr_5yr | INSUFFICIENT
CAGR | ADANIGREEN | 2019-03 | pat_cagr_10yr | INSUFFICIENT
CAGR | ADANIGREEN | 2019-03 | eps_cagr_3yr | INSUFFICIENT
CAGR | ADANIGREEN | 2019-03 | eps_cagr_5yr | INSUFFICIENT
CAGR | ADANIGREEN | 2019-03 | eps_cagr_10yr | INSUFFICIENT
CAGR | ADANIGREEN | 2020-03 | revenue_cagr_5yr | INSUFFICIENT
CAGR | ADANIGREEN | 2020-03 | revenue_cagr_10yr | INSUFFICIENT
CAGR | ADANIGREEN | 2020-03 | pat_cagr_3yr | BOTH_NEGATIVE
CAGR | ADANIGREEN | 2020-03 | pat_cagr_5yr | INSUFFICIENT
CAGR | ADANIGREEN | 2020-03 | pat_cagr_10yr | INSUFFICIENT
CAGR | ADANIGREEN | 2020-03 | eps_cagr_3yr | ZERO_BASE
CAGR | ADANIGREEN | 2020-03 | eps_cagr_5yr | INSUFFICIENT
CAGR | ADANIGREEN | 2020-03 | eps_cagr_10yr | INSUFFICIENT
CAGR | ADANIGREEN | 2021-03 | revenue_cagr_5yr | INSUFFICIENT
CAGR | ADANIGREEN | 2021-03 | revenue_cagr_10yr | INSUFFICIENT
CAGR | ADANIGREEN | 2021-03 | pat_cagr_3yr | TURNAROUND
CAGR | ADANIGREEN | 2021-03 | pat_cagr_5yr | INSUFFICIENT
CAGR | ADANIGREEN | 2021-03 | pat_cagr_10yr | INSUFFICIENT
CAGR | ADANIGREEN | 2021-03 | eps_cagr_3yr | TURNAROUND
CAGR | ADANIGREEN | 2021-03 | eps_cagr_5yr | INSUFFICIENT
CAGR | ADANIGREEN | 2021-03 | eps_cagr_10yr | INSUFFICIENT
CAGR | ADANIGREEN | 2022-03 | revenue_cagr_10yr | INSUFFICIENT
CAGR | ADANIGREEN | 2022-03 | pat_cagr_3yr | TURNAROUND
CAGR | ADANIGREEN | 2022-03 | pat_cagr_5yr | TURNAROUND
CAGR | ADANIGREEN | 2022-03 | pat_cagr_10yr | INSUFFICIENT
CAGR | ADANIGREEN | 2022-03 | eps_cagr_3yr | TURNAROUND
CAGR | ADANIGREEN | 2022-03 | eps_cagr_5yr | ZERO_BASE
CAGR | ADANIGREEN | 2022-03 | eps_cagr_10yr | INSUFFICIENT
CAGR | ADANIGREEN | 2023-03 | revenue_cagr_10yr | INSUFFICIENT
CAGR | ADANIGREEN | 2023-03 | pat_cagr_3yr | TURNAROUND
CAGR | ADANIGREEN | 2023-03 | pat_cagr_5yr | TURNAROUND
CAGR | ADANIGREEN | 2023-03 | pat_cagr_10yr | INSUFFICIENT
CAGR | ADANIGREEN | 2023-03 | eps_cagr_3yr | ZERO_BASE
CAGR | ADANIGREEN | 2023-03 | eps_cagr_5yr | TURNAROUND
CAGR | ADANIGREEN | 2023-03 | eps_cagr_10yr | INSUFFICIENT
CAGR | ADANIGREEN | 2024-03 | revenue_cagr_10yr | INSUFFICIENT
CAGR | ADANIGREEN | 2024-03 | pat_cagr_5yr | TURNAROUND
CAGR | ADANIGREEN | 2024-03 | pat_cagr_10yr | INSUFFICIENT
CAGR | ADANIGREEN | 2024-03 | eps_cagr_5yr | TURNAROUND
CAGR | ADANIGREEN | 2024-03 | eps_cagr_10yr | INSUFFICIENT
CAGR | ADANIGREEN | 2024-09 | revenue_cagr_3yr | INSUFFICIENT
CAGR | ADANIGREEN | 2024-09 | revenue_cagr_5yr | INSUFFICIENT
CAGR | ADANIGREEN | 2024-09 | revenue_cagr_10yr | INSUFFICIENT
CAGR | ADANIGREEN | 2024-09 | pat_cagr_3yr | INSUFFICIENT
CAGR | ADANIGREEN | 2024-09 | pat_cagr_5yr | INSUFFICIENT
CAGR | ADANIGREEN | 2024-09 | pat_cagr_10yr | INSUFFICIENT
CAGR | ADANIGREEN | 2024-09 | eps_cagr_3yr | INSUFFICIENT
CAGR | ADANIGREEN | 2024-09 | eps_cagr_5yr | INSUFFICIENT
CAGR | ADANIGREEN | 2024-09 | eps_cagr_10yr | INSUFFICIENT
CAGR | ADANIPORTS | 2013-03 | revenue_cagr_3yr | INSUFFICIENT
CAGR | ADANIPORTS | 2013-03 | revenue_cagr_5yr | INSUFFICIENT
CAGR | ADANIPORTS | 2013-03 | revenue_cagr_10yr | INSUFFICIENT
CAGR | ADANIPORTS | 2013-03 | pat_cagr_3yr | INSUFFICIENT
CAGR | ADANIPORTS | 2013-03 | pat_cagr_5yr | INSUFFICIENT
CAGR | ADANIPORTS | 2013-03 | pat_cagr_10yr | INSUFFICIENT
CAGR | ADANIPORTS | 2013-03 | eps_cagr_3yr | INSUFFICIENT
CAGR | ADANIPORTS | 2013-03 | eps_cagr_5yr | INSUFFICIENT
CAGR | ADANIPORTS | 2013-03 | eps_cagr_10yr | INSUFFICIENT
CAGR | ADANIPORTS | 2014-03 | revenue_cagr_3yr | INSUFFICIENT
CAGR | ADANIPORTS | 2014-03 | revenue_cagr_5yr | INSUFFICIENT
CAGR | ADANIPORTS | 2014-03 | revenue_cagr_10yr | INSUFFICIENT
CAGR | ADANIPORTS | 2014-03 | pat_cagr_3yr | INSUFFICIENT
CAGR | ADANIPORTS | 2014-03 | pat_cagr_5yr | INSUFFICIENT
CAGR | ADANIPORTS | 2014-03 | pat_cagr_10yr | INSUFFICIENT
CAGR | ADANIPORTS | 2014-03 | eps_cagr_3yr | INSUFFICIENT
CAGR | ADANIPORTS | 2014-03 | eps_cagr_5yr | INSUFFICIENT
CAGR | ADANIPORTS | 2014-03 | eps_cagr_10yr | INSUFFICIENT
CAGR | ADANIPORTS | 2015-03 | revenue_cagr_3yr | INSUFFICIENT
CAGR | ADANIPORTS | 2015-03 | revenue_cagr_5yr | INSUFFICIENT
CAGR | ADANIPORTS | 2015-03 | revenue_cagr_10yr | INSUFFICIENT
CAGR | ADANIPORTS | 2015-03 | pat_cagr_3yr | INSUFFICIENT
CAGR | ADANIPORTS | 2015-03 | pat_cagr_5yr | INSUFFICIENT
CAGR | ADANIPORTS | 2015-03 | pat_cagr_10yr | INSUFFICIENT
CAGR | ADANIPORTS | 2015-03 | eps_cagr_3yr | INSUFFICIENT
CAGR | ADANIPORTS | 2015-03 | eps_cagr_5yr | INSUFFICIENT
CAGR | ADANIPORTS | 2015-03 | eps_cagr_10yr | INSUFFICIENT
CAGR | ADANIPORTS | 2016-03 | revenue_cagr_5yr | INSUFFICIENT
CAGR | ADANIPORTS | 2016-03 | revenue_cagr_10yr | INSUFFICIENT
CAGR | ADANIPORTS | 2016-03 | pat_cagr_5yr | INSUFFICIENT
CAGR | ADANIPORTS | 2016-03 | pat_cagr_10yr | INSUFFICIENT
CAGR | ADANIPORTS | 2016-03 | eps_cagr_5yr | INSUFFICIENT
CAGR | ADANIPORTS | 2016-03 | eps_cagr_10yr | INSUFFICIENT
CAGR | ADANIPORTS | 2017-03 | revenue_cagr_5yr | INSUFFICIENT
CAGR | ADANIPORTS | 2017-03 | revenue_cagr_10yr | INSUFFICIENT
CAGR | ADANIPORTS | 2017-03 | pat_cagr_5yr | INSUFFICIENT
CAGR | ADANIPORTS | 2017-03 | pat_cagr_10yr | INSUFFICIENT
CAGR | ADANIPORTS | 2017-03 | eps_cagr_5yr | INSUFFICIENT
CAGR | ADANIPORTS | 2017-03 | eps_cagr_10yr | INSUFFICIENT
CAGR | ADANIPORTS | 2018-03 | revenue_cagr_10yr | INSUFFICIENT
CAGR | ADANIPORTS | 2018-03 | pat_cagr_10yr | INSUFFICIENT
CAGR | ADANIPORTS | 2018-03 | eps_cagr_10yr | INSUFFICIENT
CAGR | ADANIPORTS | 2019-03 | revenue_cagr_10yr | INSUFFICIENT
CAGR | ADANIPORTS | 2019-03 | pat_cagr_10yr | INSUFFICIENT
CAGR | ADANIPORTS | 2019-03 | eps_cagr_10yr | INSUFFICIENT
CAGR | ADANIPORTS | 2020-03 | revenue_cagr_10yr | INSUFFICIENT
CAGR | ADANIPORTS | 2020-03 | pat_cagr_10yr | INSUFFICIENT
CAGR | ADANIPORTS | 2020-03 | eps_cagr_10yr | INSUFFICIENT
CAGR | ADANIPORTS | 2021-03 | revenue_cagr_10yr | INSUFFICIENT
CAGR | ADANIPORTS | 2021-03 | pat_cagr_10yr | INSUFFICIENT
CAGR | ADANIPORTS | 2021-03 | eps_cagr_10yr | INSUFFICIENT
CAGR | ADANIPORTS | 2022-03 | revenue_cagr_10yr | INSUFFICIENT
CAGR | ADANIPORTS | 2022-03 | pat_cagr_10yr | INSUFFICIENT
CAGR | ADANIPORTS | 2022-03 | eps_cagr_10yr | INSUFFICIENT
CAGR | ADANIPORTS | 2024-09 | revenue_cagr_3yr | INSUFFICIENT
CAGR | ADANIPORTS | 2024-09 | revenue_cagr_5yr | INSUFFICIENT
CAGR | ADANIPORTS | 2024-09 | revenue_cagr_10yr | INSUFFICIENT
CAGR | ADANIPORTS | 2024-09 | pat_cagr_3yr | INSUFFICIENT
CAGR | ADANIPORTS | 2024-09 | pat_cagr_5yr | INSUFFICIENT
CAGR | ADANIPORTS | 2024-09 | pat_cagr_10yr | INSUFFICIENT
CAGR | ADANIPORTS | 2024-09 | eps_cagr_3yr | INSUFFICIENT
CAGR | ADANIPORTS | 2024-09 | eps_cagr_5yr | INSUFFICIENT
CAGR | ADANIPORTS | 2024-09 | eps_cagr_10yr | INSUFFICIENT
CAGR | ADANIPOWER | 2013-03 | revenue_cagr_3yr | INSUFFICIENT
CAGR | ADANIPOWER | 2013-03 | revenue_cagr_5yr | INSUFFICIENT
CAGR | ADANIPOWER | 2013-03 | revenue_cagr_10yr | INSUFFICIENT
CAGR | ADANIPOWER | 2013-03 | pat_cagr_3yr | INSUFFICIENT
CAGR | ADANIPOWER | 2013-03 | pat_cagr_5yr | INSUFFICIENT
CAGR | ADANIPOWER | 2013-03 | pat_cagr_10yr | INSUFFICIENT
CAGR | ADANIPOWER | 2013-03 | eps_cagr_3yr | INSUFFICIENT
CAGR | ADANIPOWER | 2013-03 | eps_cagr_5yr | INSUFFICIENT
CAGR | ADANIPOWER | 2013-03 | eps_cagr_10yr | INSUFFICIENT
CAGR | ADANIPOWER | 2014-03 | revenue_cagr_3yr | INSUFFICIENT
CAGR | ADANIPOWER | 2014-03 | revenue_cagr_5yr | INSUFFICIENT
CAGR | ADANIPOWER | 2014-03 | revenue_cagr_10yr | INSUFFICIENT
CAGR | ADANIPOWER | 2014-03 | pat_cagr_3yr | INSUFFICIENT
CAGR | ADANIPOWER | 2014-03 | pat_cagr_5yr | INSUFFICIENT
CAGR | ADANIPOWER | 2014-03 | pat_cagr_10yr | INSUFFICIENT
CAGR | ADANIPOWER | 2014-03 | eps_cagr_3yr | INSUFFICIENT
CAGR | ADANIPOWER | 2014-03 | eps_cagr_5yr | INSUFFICIENT
CAGR | ADANIPOWER | 2014-03 | eps_cagr_10yr | INSUFFICIENT
CAGR | ADANIPOWER | 2015-03 | revenue_cagr_3yr | INSUFFICIENT
CAGR | ADANIPOWER | 2015-03 | revenue_cagr_5yr | INSUFFICIENT
CAGR | ADANIPOWER | 2015-03 | revenue_cagr_10yr | INSUFFICIENT
CAGR | ADANIPOWER | 2015-03 | pat_cagr_3yr | INSUFFICIENT
CAGR | ADANIPOWER | 2015-03 | pat_cagr_5yr | INSUFFICIENT
CAGR | ADANIPOWER | 2015-03 | pat_cagr_10yr | INSUFFICIENT
CAGR | ADANIPOWER | 2015-03 | eps_cagr_3yr | INSUFFICIENT
CAGR | ADANIPOWER | 2015-03 | eps_cagr_5yr | INSUFFICIENT
CAGR | ADANIPOWER | 2015-03 | eps_cagr_10yr | INSUFFICIENT
CAGR | ADANIPOWER | 2016-03 | revenue_cagr_5yr | INSUFFICIENT
CAGR | ADANIPOWER | 2016-03 | revenue_cagr_10yr | INSUFFICIENT
CAGR | ADANIPOWER | 2016-03 | pat_cagr_3yr | TURNAROUND
CAGR | ADANIPOWER | 2016-03 | pat_cagr_5yr | INSUFFICIENT
CAGR | ADANIPOWER | 2016-03 | pat_cagr_10yr | INSUFFICIENT
CAGR | ADANIPOWER | 2016-03 | eps_cagr_3yr | TURNAROUND
CAGR | ADANIPOWER | 2016-03 | eps_cagr_5yr | INSUFFICIENT
CAGR | ADANIPOWER | 2016-03 | eps_cagr_10yr | INSUFFICIENT
CAGR | ADANIPOWER | 2017-03 | revenue_cagr_5yr | INSUFFICIENT
CAGR | ADANIPOWER | 2017-03 | revenue_cagr_10yr | INSUFFICIENT
CAGR | ADANIPOWER | 2017-03 | pat_cagr_3yr | BOTH_NEGATIVE
CAGR | ADANIPOWER | 2017-03 | pat_cagr_5yr | INSUFFICIENT
CAGR | ADANIPOWER | 2017-03 | pat_cagr_10yr | INSUFFICIENT
CAGR | ADANIPOWER | 2017-03 | eps_cagr_3yr | BOTH_NEGATIVE
CAGR | ADANIPOWER | 2017-03 | eps_cagr_5yr | INSUFFICIENT
CAGR | ADANIPOWER | 2017-03 | eps_cagr_10yr | INSUFFICIENT
CAGR | ADANIPOWER | 2018-03 | revenue_cagr_10yr | INSUFFICIENT
CAGR | ADANIPOWER | 2018-03 | pat_cagr_3yr | BOTH_NEGATIVE
CAGR | ADANIPOWER | 2018-03 | pat_cagr_5yr | BOTH_NEGATIVE
CAGR | ADANIPOWER | 2018-03 | pat_cagr_10yr | INSUFFICIENT
CAGR | ADANIPOWER | 2018-03 | eps_cagr_3yr | BOTH_NEGATIVE
CAGR | ADANIPOWER | 2018-03 | eps_cagr_5yr | BOTH_NEGATIVE
CAGR | ADANIPOWER | 2018-03 | eps_cagr_10yr | INSUFFICIENT
CAGR | ADANIPOWER | 2019-03 | revenue_cagr_10yr | INSUFFICIENT
CAGR | ADANIPOWER | 2019-03 | pat_cagr_3yr | DECLINE_TO_LOSS
CAGR | ADANIPOWER | 2019-03 | pat_cagr_5yr | BOTH_NEGATIVE
CAGR | ADANIPOWER | 2019-03 | pat_cagr_10yr | INSUFFICIENT
CAGR | ADANIPOWER | 2019-03 | eps_cagr_3yr | DECLINE_TO_LOSS
CAGR | ADANIPOWER | 2019-03 | eps_cagr_5yr | BOTH_NEGATIVE
CAGR | ADANIPOWER | 2019-03 | eps_cagr_10yr | INSUFFICIENT
CAGR | ADANIPOWER | 2020-03 | revenue_cagr_10yr | INSUFFICIENT
CAGR | ADANIPOWER | 2020-03 | pat_cagr_3yr | BOTH_NEGATIVE
CAGR | ADANIPOWER | 2020-03 | pat_cagr_5yr | BOTH_NEGATIVE
CAGR | ADANIPOWER | 2020-03 | pat_cagr_10yr | INSUFFICIENT
CAGR | ADANIPOWER | 2020-03 | eps_cagr_3yr | BOTH_NEGATIVE
CAGR | ADANIPOWER | 2020-03 | eps_cagr_5yr | BOTH_NEGATIVE
CAGR | ADANIPOWER | 2020-03 | eps_cagr_10yr | INSUFFICIENT
CAGR | ADANIPOWER | 2021-03 | revenue_cagr_10yr | INSUFFICIENT
CAGR | ADANIPOWER | 2021-03 | pat_cagr_3yr | TURNAROUND
CAGR | ADANIPOWER | 2021-03 | pat_cagr_10yr | INSUFFICIENT
CAGR | ADANIPOWER | 2021-03 | eps_cagr_3yr | TURNAROUND
CAGR | ADANIPOWER | 2021-03 | eps_cagr_10yr | INSUFFICIENT
CAGR | ADANIPOWER | 2022-03 | revenue_cagr_10yr | INSUFFICIENT
CAGR | ADANIPOWER | 2022-03 | pat_cagr_3yr | TURNAROUND
CAGR | ADANIPOWER | 2022-03 | pat_cagr_5yr | TURNAROUND
CAGR | ADANIPOWER | 2022-03 | pat_cagr_10yr | INSUFFICIENT
CAGR | ADANIPOWER | 2022-03 | eps_cagr_3yr | TURNAROUND
CAGR | ADANIPOWER | 2022-03 | eps_cagr_5yr | TURNAROUND
CAGR | ADANIPOWER | 2022-03 | eps_cagr_10yr | INSUFFICIENT
CAGR | ADANIPOWER | 2023-03 | pat_cagr_3yr | TURNAROUND
CAGR | ADANIPOWER | 2023-03 | pat_cagr_5yr | TURNAROUND
CAGR | ADANIPOWER | 2023-03 | pat_cagr_10yr | TURNAROUND
CAGR | ADANIPOWER | 2023-03 | eps_cagr_3yr | TURNAROUND
CAGR | ADANIPOWER | 2023-03 | eps_cagr_5yr | TURNAROUND
CAGR | ADANIPOWER | 2023-03 | eps_cagr_10yr | TURNAROUND
CAGR | ADANIPOWER | 2024-03 | pat_cagr_5yr | TURNAROUND
CAGR | ADANIPOWER | 2024-03 | pat_cagr_10yr | TURNAROUND
CAGR | ADANIPOWER | 2024-03 | eps_cagr_5yr | TURNAROUND
CAGR | ADANIPOWER | 2024-03 | eps_cagr_10yr | TURNAROUND
CAGR | ADANIPOWER | 2024-09 | revenue_cagr_3yr | INSUFFICIENT
CAGR | ADANIPOWER | 2024-09 | revenue_cagr_5yr | INSUFFICIENT
CAGR | ADANIPOWER | 2024-09 | revenue_cagr_10yr | INSUFFICIENT
CAGR | ADANIPOWER | 2024-09 | pat_cagr_3yr | INSUFFICIENT
CAGR | ADANIPOWER | 2024-09 | pat_cagr_5yr | INSUFFICIENT
CAGR | ADANIPOWER | 2024-09 | pat_cagr_10yr | INSUFFICIENT
CAGR | ADANIPOWER | 2024-09 | eps_cagr_3yr | INSUFFICIENT
CAGR | ADANIPOWER | 2024-09 | eps_cagr_5yr | INSUFFICIENT
CAGR | ADANIPOWER | 2024-09 | eps_cagr_10yr | INSUFFICIENT
CAGR | AMBUJACEM | 2012-12 | revenue_cagr_3yr | INSUFFICIENT
CAGR | AMBUJACEM | 2012-12 | revenue_cagr_5yr | INSUFFICIENT
CAGR | AMBUJACEM | 2012-12 | revenue_cagr_10yr | INSUFFICIENT
CAGR | AMBUJACEM | 2012-12 | pat_cagr_3yr | INSUFFICIENT
CAGR | AMBUJACEM | 2012-12 | pat_cagr_5yr | INSUFFICIENT
CAGR | AMBUJACEM | 2012-12 | pat_cagr_10yr | INSUFFICIENT
CAGR | AMBUJACEM | 2012-12 | eps_cagr_3yr | INSUFFICIENT
CAGR | AMBUJACEM | 2012-12 | eps_cagr_5yr | INSUFFICIENT
CAGR | AMBUJACEM | 2012-12 | eps_cagr_10yr | INSUFFICIENT
CAGR | AMBUJACEM | 2013-12 | revenue_cagr_3yr | INSUFFICIENT
CAGR | AMBUJACEM | 2013-12 | revenue_cagr_5yr | INSUFFICIENT
CAGR | AMBUJACEM | 2013-12 | revenue_cagr_10yr | INSUFFICIENT
CAGR | AMBUJACEM | 2013-12 | pat_cagr_3yr | INSUFFICIENT
CAGR | AMBUJACEM | 2013-12 | pat_cagr_5yr | INSUFFICIENT
CAGR | AMBUJACEM | 2013-12 | pat_cagr_10yr | INSUFFICIENT
CAGR | AMBUJACEM | 2013-12 | eps_cagr_3yr | INSUFFICIENT
CAGR | AMBUJACEM | 2013-12 | eps_cagr_5yr | INSUFFICIENT
CAGR | AMBUJACEM | 2013-12 | eps_cagr_10yr | INSUFFICIENT
CAGR | AMBUJACEM | 2014-12 | revenue_cagr_3yr | INSUFFICIENT
CAGR | AMBUJACEM | 2014-12 | revenue_cagr_5yr | INSUFFICIENT
CAGR | AMBUJACEM | 2014-12 | revenue_cagr_10yr | INSUFFICIENT
CAGR | AMBUJACEM | 2014-12 | pat_cagr_3yr | INSUFFICIENT
CAGR | AMBUJACEM | 2014-12 | pat_cagr_5yr | INSUFFICIENT
CAGR | AMBUJACEM | 2014-12 | pat_cagr_10yr | INSUFFICIENT
CAGR | AMBUJACEM | 2014-12 | eps_cagr_3yr | INSUFFICIENT
CAGR | AMBUJACEM | 2014-12 | eps_cagr_5yr | INSUFFICIENT
CAGR | AMBUJACEM | 2014-12 | eps_cagr_10yr | INSUFFICIENT
CAGR | AMBUJACEM | 2015-12 | revenue_cagr_5yr | INSUFFICIENT
CAGR | AMBUJACEM | 2015-12 | revenue_cagr_10yr | INSUFFICIENT
CAGR | AMBUJACEM | 2015-12 | pat_cagr_5yr | INSUFFICIENT
CAGR | AMBUJACEM | 2015-12 | pat_cagr_10yr | INSUFFICIENT
CAGR | AMBUJACEM | 2015-12 | eps_cagr_5yr | INSUFFICIENT
CAGR | AMBUJACEM | 2015-12 | eps_cagr_10yr | INSUFFICIENT
CAGR | AMBUJACEM | 2016-12 | revenue_cagr_5yr | INSUFFICIENT
CAGR | AMBUJACEM | 2016-12 | revenue_cagr_10yr | INSUFFICIENT
CAGR | AMBUJACEM | 2016-12 | pat_cagr_5yr | INSUFFICIENT
CAGR | AMBUJACEM | 2016-12 | pat_cagr_10yr | INSUFFICIENT
CAGR | AMBUJACEM | 2016-12 | eps_cagr_5yr | INSUFFICIENT
CAGR | AMBUJACEM | 2016-12 | eps_cagr_10yr | INSUFFICIENT
CAGR | AMBUJACEM | 2017-12 | revenue_cagr_10yr | INSUFFICIENT
CAGR | AMBUJACEM | 2017-12 | pat_cagr_10yr | INSUFFICIENT
CAGR | AMBUJACEM | 2017-12 | eps_cagr_10yr | INSUFFICIENT
CAGR | AMBUJACEM | 2018-12 | revenue_cagr_10yr | INSUFFICIENT
CAGR | AMBUJACEM | 2018-12 | pat_cagr_10yr | INSUFFICIENT
CAGR | AMBUJACEM | 2018-12 | eps_cagr_10yr | INSUFFICIENT
CAGR | AMBUJACEM | 2019-12 | revenue_cagr_10yr | INSUFFICIENT
CAGR | AMBUJACEM | 2019-12 | pat_cagr_10yr | INSUFFICIENT
CAGR | AMBUJACEM | 2019-12 | eps_cagr_10yr | INSUFFICIENT
CAGR | AMBUJACEM | 2020-12 | revenue_cagr_10yr | INSUFFICIENT
CAGR | AMBUJACEM | 2020-12 | pat_cagr_10yr | INSUFFICIENT
CAGR | AMBUJACEM | 2020-12 | eps_cagr_10yr | INSUFFICIENT
CAGR | AMBUJACEM | 2021-12 | revenue_cagr_10yr | INSUFFICIENT
CAGR | AMBUJACEM | 2021-12 | pat_cagr_10yr | INSUFFICIENT
CAGR | AMBUJACEM | 2021-12 | eps_cagr_10yr | INSUFFICIENT
CAGR | AMBUJACEM | 2023-03 | revenue_cagr_3yr | INSUFFICIENT
CAGR | AMBUJACEM | 2023-03 | revenue_cagr_5yr | INSUFFICIENT
CAGR | AMBUJACEM | 2023-03 | revenue_cagr_10yr | INSUFFICIENT
CAGR | AMBUJACEM | 2023-03 | pat_cagr_3yr | INSUFFICIENT
CAGR | AMBUJACEM | 2023-03 | pat_cagr_5yr | INSUFFICIENT
CAGR | AMBUJACEM | 2023-03 | pat_cagr_10yr | INSUFFICIENT
CAGR | AMBUJACEM | 2023-03 | eps_cagr_3yr | INSUFFICIENT
CAGR | AMBUJACEM | 2023-03 | eps_cagr_5yr | INSUFFICIENT
CAGR | AMBUJACEM | 2023-03 | eps_cagr_10yr | INSUFFICIENT
CAGR | AMBUJACEM | 2024-09 | revenue_cagr_3yr | INSUFFICIENT
CAGR | AMBUJACEM | 2024-09 | revenue_cagr_5yr | INSUFFICIENT
CAGR | AMBUJACEM | 2024-09 | revenue_cagr_10yr | INSUFFICIENT
CAGR | AMBUJACEM | 2024-09 | pat_cagr_3yr | INSUFFICIENT
CAGR | AMBUJACEM | 2024-09 | pat_cagr_5yr | INSUFFICIENT
CAGR | AMBUJACEM | 2024-09 | pat_cagr_10yr | INSUFFICIENT
CAGR | AMBUJACEM | 2024-09 | eps_cagr_3yr | INSUFFICIENT
CAGR | AMBUJACEM | 2024-09 | eps_cagr_5yr | INSUFFICIENT
CAGR | AMBUJACEM | 2024-09 | eps_cagr_10yr | INSUFFICIENT
CAGR | APOLLOHOSP | 2013-03 | revenue_cagr_3yr | INSUFFICIENT
CAGR | APOLLOHOSP | 2013-03 | revenue_cagr_5yr | INSUFFICIENT
CAGR | APOLLOHOSP | 2013-03 | revenue_cagr_10yr | INSUFFICIENT
CAGR | APOLLOHOSP | 2013-03 | pat_cagr_3yr | INSUFFICIENT
CAGR | APOLLOHOSP | 2013-03 | pat_cagr_5yr | INSUFFICIENT
CAGR | APOLLOHOSP | 2013-03 | pat_cagr_10yr | INSUFFICIENT
CAGR | APOLLOHOSP | 2013-03 | eps_cagr_3yr | INSUFFICIENT
CAGR | APOLLOHOSP | 2013-03 | eps_cagr_5yr | INSUFFICIENT
CAGR | APOLLOHOSP | 2013-03 | eps_cagr_10yr | INSUFFICIENT
CAGR | APOLLOHOSP | 2014-03 | revenue_cagr_3yr | INSUFFICIENT
CAGR | APOLLOHOSP | 2014-03 | revenue_cagr_5yr | INSUFFICIENT
CAGR | APOLLOHOSP | 2014-03 | revenue_cagr_10yr | INSUFFICIENT
CAGR | APOLLOHOSP | 2014-03 | pat_cagr_3yr | INSUFFICIENT
CAGR | APOLLOHOSP | 2014-03 | pat_cagr_5yr | INSUFFICIENT
CAGR | APOLLOHOSP | 2014-03 | pat_cagr_10yr | INSUFFICIENT
CAGR | APOLLOHOSP | 2014-03 | eps_cagr_3yr | INSUFFICIENT
CAGR | APOLLOHOSP | 2014-03 | eps_cagr_5yr | INSUFFICIENT
CAGR | APOLLOHOSP | 2014-03 | eps_cagr_10yr | INSUFFICIENT
CAGR | APOLLOHOSP | 2015-03 | revenue_cagr_3yr | INSUFFICIENT
CAGR | APOLLOHOSP | 2015-03 | revenue_cagr_5yr | INSUFFICIENT
CAGR | APOLLOHOSP | 2015-03 | revenue_cagr_10yr | INSUFFICIENT
CAGR | APOLLOHOSP | 2015-03 | pat_cagr_3yr | INSUFFICIENT
CAGR | APOLLOHOSP | 2015-03 | pat_cagr_5yr | INSUFFICIENT
CAGR | APOLLOHOSP | 2015-03 | pat_cagr_10yr | INSUFFICIENT
CAGR | APOLLOHOSP | 2015-03 | eps_cagr_3yr | INSUFFICIENT
CAGR | APOLLOHOSP | 2015-03 | eps_cagr_5yr | INSUFFICIENT
CAGR | APOLLOHOSP | 2015-03 | eps_cagr_10yr | INSUFFICIENT
CAGR | APOLLOHOSP | 2016-03 | revenue_cagr_5yr | INSUFFICIENT
CAGR | APOLLOHOSP | 2016-03 | revenue_cagr_10yr | INSUFFICIENT
CAGR | APOLLOHOSP | 2016-03 | pat_cagr_5yr | INSUFFICIENT
CAGR | APOLLOHOSP | 2016-03 | pat_cagr_10yr | INSUFFICIENT
CAGR | APOLLOHOSP | 2016-03 | eps_cagr_5yr | INSUFFICIENT
CAGR | APOLLOHOSP | 2016-03 | eps_cagr_10yr | INSUFFICIENT
CAGR | APOLLOHOSP | 2017-03 | revenue_cagr_5yr | INSUFFICIENT
CAGR | APOLLOHOSP | 2017-03 | revenue_cagr_10yr | INSUFFICIENT
CAGR | APOLLOHOSP | 2017-03 | pat_cagr_5yr | INSUFFICIENT
CAGR | APOLLOHOSP | 2017-03 | pat_cagr_10yr | INSUFFICIENT
CAGR | APOLLOHOSP | 2017-03 | eps_cagr_5yr | INSUFFICIENT
CAGR | APOLLOHOSP | 2017-03 | eps_cagr_10yr | INSUFFICIENT
CAGR | APOLLOHOSP | 2018-03 | revenue_cagr_10yr | INSUFFICIENT
CAGR | APOLLOHOSP | 2018-03 | pat_cagr_10yr | INSUFFICIENT
CAGR | APOLLOHOSP | 2018-03 | eps_cagr_10yr | INSUFFICIENT
CAGR | APOLLOHOSP | 2019-03 | revenue_cagr_10yr | INSUFFICIENT
CAGR | APOLLOHOSP | 2019-03 | pat_cagr_10yr | INSUFFICIENT
CAGR | APOLLOHOSP | 2019-03 | eps_cagr_10yr | INSUFFICIENT
CAGR | APOLLOHOSP | 2020-03 | revenue_cagr_10yr | INSUFFICIENT
CAGR | APOLLOHOSP | 2020-03 | pat_cagr_10yr | INSUFFICIENT
CAGR | APOLLOHOSP | 2020-03 | eps_cagr_10yr | INSUFFICIENT
CAGR | APOLLOHOSP | 2021-03 | revenue_cagr_10yr | INSUFFICIENT
CAGR | APOLLOHOSP | 2021-03 | pat_cagr_10yr | INSUFFICIENT
CAGR | APOLLOHOSP | 2021-03 | eps_cagr_10yr | INSUFFICIENT
CAGR | APOLLOHOSP | 2022-03 | revenue_cagr_10yr | INSUFFICIENT
CAGR | APOLLOHOSP | 2022-03 | pat_cagr_10yr | INSUFFICIENT
CAGR | APOLLOHOSP | 2022-03 | eps_cagr_10yr | INSUFFICIENT
CAGR | APOLLOHOSP | 2024-09 | revenue_cagr_3yr | INSUFFICIENT
CAGR | APOLLOHOSP | 2024-09 | revenue_cagr_5yr | INSUFFICIENT
CAGR | APOLLOHOSP | 2024-09 | revenue_cagr_10yr | INSUFFICIENT
CAGR | APOLLOHOSP | 2024-09 | pat_cagr_3yr | INSUFFICIENT
CAGR | APOLLOHOSP | 2024-09 | pat_cagr_5yr | INSUFFICIENT
CAGR | APOLLOHOSP | 2024-09 | pat_cagr_10yr | INSUFFICIENT
CAGR | APOLLOHOSP | 2024-09 | eps_cagr_3yr | INSUFFICIENT
CAGR | APOLLOHOSP | 2024-09 | eps_cagr_5yr | INSUFFICIENT
CAGR | APOLLOHOSP | 2024-09 | eps_cagr_10yr | INSUFFICIENT
CAGR | ASIANPAINT | 2013-03 | revenue_cagr_3yr | INSUFFICIENT
CAGR | ASIANPAINT | 2013-03 | revenue_cagr_5yr | INSUFFICIENT
CAGR | ASIANPAINT | 2013-03 | revenue_cagr_10yr | INSUFFICIENT
CAGR | ASIANPAINT | 2013-03 | pat_cagr_3yr | INSUFFICIENT
CAGR | ASIANPAINT | 2013-03 | pat_cagr_5yr | INSUFFICIENT
CAGR | ASIANPAINT | 2013-03 | pat_cagr_10yr | INSUFFICIENT
CAGR | ASIANPAINT | 2013-03 | eps_cagr_3yr | INSUFFICIENT
CAGR | ASIANPAINT | 2013-03 | eps_cagr_5yr | INSUFFICIENT
CAGR | ASIANPAINT | 2013-03 | eps_cagr_10yr | INSUFFICIENT
CAGR | ASIANPAINT | 2014-03 | revenue_cagr_3yr | INSUFFICIENT
CAGR | ASIANPAINT | 2014-03 | revenue_cagr_5yr | INSUFFICIENT
CAGR | ASIANPAINT | 2014-03 | revenue_cagr_10yr | INSUFFICIENT
CAGR | ASIANPAINT | 2014-03 | pat_cagr_3yr | INSUFFICIENT
CAGR | ASIANPAINT | 2014-03 | pat_cagr_5yr | INSUFFICIENT
CAGR | ASIANPAINT | 2014-03 | pat_cagr_10yr | INSUFFICIENT
CAGR | ASIANPAINT | 2014-03 | eps_cagr_3yr | INSUFFICIENT
CAGR | ASIANPAINT | 2014-03 | eps_cagr_5yr | INSUFFICIENT
CAGR | ASIANPAINT | 2014-03 | eps_cagr_10yr | INSUFFICIENT
CAGR | ASIANPAINT | 2015-03 | revenue_cagr_3yr | INSUFFICIENT
CAGR | ASIANPAINT | 2015-03 | revenue_cagr_5yr | INSUFFICIENT
CAGR | ASIANPAINT | 2015-03 | revenue_cagr_10yr | INSUFFICIENT
CAGR | ASIANPAINT | 2015-03 | pat_cagr_3yr | INSUFFICIENT
CAGR | ASIANPAINT | 2015-03 | pat_cagr_5yr | INSUFFICIENT
CAGR | ASIANPAINT | 2015-03 | pat_cagr_10yr | INSUFFICIENT
CAGR | ASIANPAINT | 2015-03 | eps_cagr_3yr | INSUFFICIENT
CAGR | ASIANPAINT | 2015-03 | eps_cagr_5yr | INSUFFICIENT
CAGR | ASIANPAINT | 2015-03 | eps_cagr_10yr | INSUFFICIENT
CAGR | ASIANPAINT | 2016-03 | revenue_cagr_5yr | INSUFFICIENT
CAGR | ASIANPAINT | 2016-03 | revenue_cagr_10yr | INSUFFICIENT
CAGR | ASIANPAINT | 2016-03 | pat_cagr_5yr | INSUFFICIENT
CAGR | ASIANPAINT | 2016-03 | pat_cagr_10yr | INSUFFICIENT
CAGR | ASIANPAINT | 2016-03 | eps_cagr_5yr | INSUFFICIENT
CAGR | ASIANPAINT | 2016-03 | eps_cagr_10yr | INSUFFICIENT
CAGR | ASIANPAINT | 2017-03 | revenue_cagr_5yr | INSUFFICIENT
CAGR | ASIANPAINT | 2017-03 | revenue_cagr_10yr | INSUFFICIENT
CAGR | ASIANPAINT | 2017-03 | pat_cagr_5yr | INSUFFICIENT
CAGR | ASIANPAINT | 2017-03 | pat_cagr_10yr | INSUFFICIENT
CAGR | ASIANPAINT | 2017-03 | eps_cagr_5yr | INSUFFICIENT
CAGR | ASIANPAINT | 2017-03 | eps_cagr_10yr | INSUFFICIENT
CAGR | ASIANPAINT | 2018-03 | revenue_cagr_10yr | INSUFFICIENT
CAGR | ASIANPAINT | 2018-03 | pat_cagr_10yr | INSUFFICIENT
CAGR | ASIANPAINT | 2018-03 | eps_cagr_10yr | INSUFFICIENT
CAGR | ASIANPAINT | 2019-03 | revenue_cagr_10yr | INSUFFICIENT
CAGR | ASIANPAINT | 2019-03 | pat_cagr_10yr | INSUFFICIENT
CAGR | ASIANPAINT | 2019-03 | eps_cagr_10yr | INSUFFICIENT
CAGR | ASIANPAINT | 2020-03 | revenue_cagr_10yr | INSUFFICIENT
CAGR | ASIANPAINT | 2020-03 | pat_cagr_10yr | INSUFFICIENT
CAGR | ASIANPAINT | 2020-03 | eps_cagr_10yr | INSUFFICIENT
CAGR | ASIANPAINT | 2021-03 | revenue_cagr_10yr | INSUFFICIENT
CAGR | ASIANPAINT | 2021-03 | pat_cagr_10yr | INSUFFICIENT
CAGR | ASIANPAINT | 2021-03 | eps_cagr_10yr | INSUFFICIENT
CAGR | ASIANPAINT | 2022-03 | revenue_cagr_10yr | INSUFFICIENT
CAGR | ASIANPAINT | 2022-03 | pat_cagr_10yr | INSUFFICIENT
CAGR | ASIANPAINT | 2022-03 | eps_cagr_10yr | INSUFFICIENT
CAGR | ASIANPAINT | 2024-09 | revenue_cagr_3yr | INSUFFICIENT
CAGR | ASIANPAINT | 2024-09 | revenue_cagr_5yr | INSUFFICIENT
CAGR | ASIANPAINT | 2024-09 | revenue_cagr_10yr | INSUFFICIENT
CAGR | ASIANPAINT | 2024-09 | pat_cagr_3yr | INSUFFICIENT
CAGR | ASIANPAINT | 2024-09 | pat_cagr_5yr | INSUFFICIENT
CAGR | ASIANPAINT | 2024-09 | pat_cagr_10yr | INSUFFICIENT
CAGR | ASIANPAINT | 2024-09 | eps_cagr_3yr | INSUFFICIENT
CAGR | ASIANPAINT | 2024-09 | eps_cagr_5yr | INSUFFICIENT
CAGR | ASIANPAINT | 2024-09 | eps_cagr_10yr | INSUFFICIENT
CAGR | ATGL | 2018-03 | revenue_cagr_3yr | INSUFFICIENT
CAGR | ATGL | 2018-03 | revenue_cagr_5yr | INSUFFICIENT
CAGR | ATGL | 2018-03 | revenue_cagr_10yr | INSUFFICIENT
CAGR | ATGL | 2018-03 | pat_cagr_3yr | INSUFFICIENT
CAGR | ATGL | 2018-03 | pat_cagr_5yr | INSUFFICIENT
CAGR | ATGL | 2018-03 | pat_cagr_10yr | INSUFFICIENT
CAGR | ATGL | 2018-03 | eps_cagr_3yr | INSUFFICIENT
CAGR | ATGL | 2018-03 | eps_cagr_5yr | INSUFFICIENT
CAGR | ATGL | 2018-03 | eps_cagr_10yr | INSUFFICIENT
CAGR | ATGL | 2019-03 | revenue_cagr_3yr | INSUFFICIENT
CAGR | ATGL | 2019-03 | revenue_cagr_5yr | INSUFFICIENT
CAGR | ATGL | 2019-03 | revenue_cagr_10yr | INSUFFICIENT
CAGR | ATGL | 2019-03 | pat_cagr_3yr | INSUFFICIENT
CAGR | ATGL | 2019-03 | pat_cagr_5yr | INSUFFICIENT
CAGR | ATGL | 2019-03 | pat_cagr_10yr | INSUFFICIENT
CAGR | ATGL | 2019-03 | eps_cagr_3yr | INSUFFICIENT
CAGR | ATGL | 2019-03 | eps_cagr_5yr | INSUFFICIENT
CAGR | ATGL | 2019-03 | eps_cagr_10yr | INSUFFICIENT
CAGR | ATGL | 2020-03 | revenue_cagr_3yr | INSUFFICIENT
CAGR | ATGL | 2020-03 | revenue_cagr_5yr | INSUFFICIENT
CAGR | ATGL | 2020-03 | revenue_cagr_10yr | INSUFFICIENT
CAGR | ATGL | 2020-03 | pat_cagr_3yr | INSUFFICIENT
CAGR | ATGL | 2020-03 | pat_cagr_5yr | INSUFFICIENT
CAGR | ATGL | 2020-03 | pat_cagr_10yr | INSUFFICIENT
CAGR | ATGL | 2020-03 | eps_cagr_3yr | INSUFFICIENT
CAGR | ATGL | 2020-03 | eps_cagr_5yr | INSUFFICIENT
CAGR | ATGL | 2020-03 | eps_cagr_10yr | INSUFFICIENT
CAGR | ATGL | 2021-03 | revenue_cagr_5yr | INSUFFICIENT
CAGR | ATGL | 2021-03 | revenue_cagr_10yr | INSUFFICIENT
CAGR | ATGL | 2021-03 | pat_cagr_5yr | INSUFFICIENT
CAGR | ATGL | 2021-03 | pat_cagr_10yr | INSUFFICIENT
CAGR | ATGL | 2021-03 | eps_cagr_5yr | INSUFFICIENT
CAGR | ATGL | 2021-03 | eps_cagr_10yr | INSUFFICIENT
CAGR | ATGL | 2022-03 | revenue_cagr_5yr | INSUFFICIENT
CAGR | ATGL | 2022-03 | revenue_cagr_10yr | INSUFFICIENT
CAGR | ATGL | 2022-03 | pat_cagr_5yr | INSUFFICIENT
CAGR | ATGL | 2022-03 | pat_cagr_10yr | INSUFFICIENT
CAGR | ATGL | 2022-03 | eps_cagr_5yr | INSUFFICIENT
CAGR | ATGL | 2022-03 | eps_cagr_10yr | INSUFFICIENT
CAGR | ATGL | 2023-03 | revenue_cagr_10yr | INSUFFICIENT
CAGR | ATGL | 2023-03 | pat_cagr_10yr | INSUFFICIENT
CAGR | ATGL | 2023-03 | eps_cagr_10yr | INSUFFICIENT
CAGR | ATGL | 2024-03 | revenue_cagr_10yr | INSUFFICIENT
CAGR | ATGL | 2024-03 | pat_cagr_10yr | INSUFFICIENT
CAGR | ATGL | 2024-03 | eps_cagr_10yr | INSUFFICIENT
CAGR | ATGL | 2024-09 | revenue_cagr_3yr | INSUFFICIENT
CAGR | ATGL | 2024-09 | revenue_cagr_5yr | INSUFFICIENT
CAGR | ATGL | 2024-09 | revenue_cagr_10yr | INSUFFICIENT
CAGR | ATGL | 2024-09 | pat_cagr_3yr | INSUFFICIENT
CAGR | ATGL | 2024-09 | pat_cagr_5yr | INSUFFICIENT
CAGR | ATGL | 2024-09 | pat_cagr_10yr | INSUFFICIENT
CAGR | ATGL | 2024-09 | eps_cagr_3yr | INSUFFICIENT
CAGR | ATGL | 2024-09 | eps_cagr_5yr | INSUFFICIENT
CAGR | ATGL | 2024-09 | eps_cagr_10yr | INSUFFICIENT
OPM | AXISBANK | 2013-03 | source=1353.0 computed=30.5816 | SOURCE_MISMATCH
CAGR | AXISBANK | 2013-03 | revenue_cagr_3yr | INSUFFICIENT
CAGR | AXISBANK | 2013-03 | revenue_cagr_5yr | INSUFFICIENT
CAGR | AXISBANK | 2013-03 | revenue_cagr_10yr | INSUFFICIENT
CAGR | AXISBANK | 2013-03 | pat_cagr_3yr | INSUFFICIENT
CAGR | AXISBANK | 2013-03 | pat_cagr_5yr | INSUFFICIENT
CAGR | AXISBANK | 2013-03 | pat_cagr_10yr | INSUFFICIENT
CAGR | AXISBANK | 2013-03 | eps_cagr_3yr | INSUFFICIENT
CAGR | AXISBANK | 2013-03 | eps_cagr_5yr | INSUFFICIENT
CAGR | AXISBANK | 2013-03 | eps_cagr_10yr | INSUFFICIENT
OPM | AXISBANK | 2014-03 | source=2307.0 computed=31.4742 | SOURCE_MISMATCH
CAGR | AXISBANK | 2014-03 | revenue_cagr_3yr | INSUFFICIENT
CAGR | AXISBANK | 2014-03 | revenue_cagr_5yr | INSUFFICIENT
CAGR | AXISBANK | 2014-03 | revenue_cagr_10yr | INSUFFICIENT
CAGR | AXISBANK | 2014-03 | pat_cagr_3yr | INSUFFICIENT
CAGR | AXISBANK | 2014-03 | pat_cagr_5yr | INSUFFICIENT
CAGR | AXISBANK | 2014-03 | pat_cagr_10yr | INSUFFICIENT
CAGR | AXISBANK | 2014-03 | eps_cagr_3yr | INSUFFICIENT
CAGR | AXISBANK | 2014-03 | eps_cagr_5yr | INSUFFICIENT
CAGR | AXISBANK | 2014-03 | eps_cagr_10yr | INSUFFICIENT
OPM | AXISBANK | 2015-03 | source=3097.0 computed=31.3622 | SOURCE_MISMATCH
CAGR | AXISBANK | 2015-03 | revenue_cagr_3yr | INSUFFICIENT
CAGR | AXISBANK | 2015-03 | revenue_cagr_5yr | INSUFFICIENT
CAGR | AXISBANK | 2015-03 | revenue_cagr_10yr | INSUFFICIENT
CAGR | AXISBANK | 2015-03 | pat_cagr_3yr | INSUFFICIENT
CAGR | AXISBANK | 2015-03 | pat_cagr_5yr | INSUFFICIENT
CAGR | AXISBANK | 2015-03 | pat_cagr_10yr | INSUFFICIENT
CAGR | AXISBANK | 2015-03 | eps_cagr_3yr | INSUFFICIENT
CAGR | AXISBANK | 2015-03 | eps_cagr_5yr | INSUFFICIENT
CAGR | AXISBANK | 2015-03 | eps_cagr_10yr | INSUFFICIENT
OPM | AXISBANK | 2016-03 | source=3466.0 computed=32.6120 | SOURCE_MISMATCH
CAGR | AXISBANK | 2016-03 | revenue_cagr_5yr | INSUFFICIENT
CAGR | AXISBANK | 2016-03 | revenue_cagr_10yr | INSUFFICIENT
CAGR | AXISBANK | 2016-03 | pat_cagr_5yr | INSUFFICIENT
CAGR | AXISBANK | 2016-03 | pat_cagr_10yr | INSUFFICIENT
CAGR | AXISBANK | 2016-03 | eps_cagr_5yr | INSUFFICIENT
CAGR | AXISBANK | 2016-03 | eps_cagr_10yr | INSUFFICIENT
OPM | AXISBANK | 2017-03 | source=-5715.0 computed=53.4507 | SOURCE_MISMATCH
CAGR | AXISBANK | 2017-03 | revenue_cagr_5yr | INSUFFICIENT
CAGR | AXISBANK | 2017-03 | revenue_cagr_10yr | INSUFFICIENT
CAGR | AXISBANK | 2017-03 | pat_cagr_5yr | INSUFFICIENT
CAGR | AXISBANK | 2017-03 | pat_cagr_10yr | INSUFFICIENT
CAGR | AXISBANK | 2017-03 | eps_cagr_5yr | INSUFFICIENT
CAGR | AXISBANK | 2017-03 | eps_cagr_10yr | INSUFFICIENT
OPM | AXISBANK | 2018-03 | source=-10277.0 computed=63.1171 | SOURCE_MISMATCH
CAGR | AXISBANK | 2018-03 | revenue_cagr_10yr | INSUFFICIENT
CAGR | AXISBANK | 2018-03 | pat_cagr_10yr | INSUFFICIENT
CAGR | AXISBANK | 2018-03 | eps_cagr_10yr | INSUFFICIENT
OPM | AXISBANK | 2019-03 | source=-5447.0 computed=49.3853 | SOURCE_MISMATCH
CAGR | AXISBANK | 2019-03 | revenue_cagr_10yr | INSUFFICIENT
CAGR | AXISBANK | 2019-03 | pat_cagr_10yr | INSUFFICIENT
CAGR | AXISBANK | 2019-03 | eps_cagr_10yr | INSUFFICIENT
OPM | AXISBANK | 2020-03 | source=-9859.0 computed=55.9847 | SOURCE_MISMATCH
CAGR | AXISBANK | 2020-03 | revenue_cagr_10yr | INSUFFICIENT
CAGR | AXISBANK | 2020-03 | pat_cagr_10yr | INSUFFICIENT
CAGR | AXISBANK | 2020-03 | eps_cagr_10yr | INSUFFICIENT
OPM | AXISBANK | 2021-03 | source=-2510.0 computed=50.1200 | SOURCE_MISMATCH
CAGR | AXISBANK | 2021-03 | revenue_cagr_10yr | INSUFFICIENT
CAGR | AXISBANK | 2021-03 | pat_cagr_10yr | INSUFFICIENT
CAGR | AXISBANK | 2021-03 | eps_cagr_10yr | INSUFFICIENT
OPM | AXISBANK | 2022-03 | source=3170.0 computed=44.4692 | SOURCE_MISMATCH
CAGR | AXISBANK | 2022-03 | revenue_cagr_10yr | INSUFFICIENT
CAGR | AXISBANK | 2022-03 | pat_cagr_10yr | INSUFFICIENT
CAGR | AXISBANK | 2022-03 | eps_cagr_10yr | INSUFFICIENT
OPM | AXISBANK | 2023-03 | source=13857.0 computed=34.1565 | SOURCE_MISMATCH
OPM | AXISBANK | 2024-03 | source=11952.0 computed=34.6926 | SOURCE_MISMATCH
CAGR | BAJAJ-AUTO | 2013-03 | revenue_cagr_3yr | INSUFFICIENT
CAGR | BAJAJ-AUTO | 2013-03 | revenue_cagr_5yr | INSUFFICIENT
CAGR | BAJAJ-AUTO | 2013-03 | revenue_cagr_10yr | INSUFFICIENT
CAGR | BAJAJ-AUTO | 2013-03 | pat_cagr_3yr | INSUFFICIENT
CAGR | BAJAJ-AUTO | 2013-03 | pat_cagr_5yr | INSUFFICIENT
CAGR | BAJAJ-AUTO | 2013-03 | pat_cagr_10yr | INSUFFICIENT
CAGR | BAJAJ-AUTO | 2013-03 | eps_cagr_3yr | INSUFFICIENT
CAGR | BAJAJ-AUTO | 2013-03 | eps_cagr_5yr | INSUFFICIENT
CAGR | BAJAJ-AUTO | 2013-03 | eps_cagr_10yr | INSUFFICIENT
CAGR | BAJAJ-AUTO | 2014-03 | revenue_cagr_3yr | INSUFFICIENT
CAGR | BAJAJ-AUTO | 2014-03 | revenue_cagr_5yr | INSUFFICIENT
CAGR | BAJAJ-AUTO | 2014-03 | revenue_cagr_10yr | INSUFFICIENT
CAGR | BAJAJ-AUTO | 2014-03 | pat_cagr_3yr | INSUFFICIENT
CAGR | BAJAJ-AUTO | 2014-03 | pat_cagr_5yr | INSUFFICIENT
CAGR | BAJAJ-AUTO | 2014-03 | pat_cagr_10yr | INSUFFICIENT
CAGR | BAJAJ-AUTO | 2014-03 | eps_cagr_3yr | INSUFFICIENT
CAGR | BAJAJ-AUTO | 2014-03 | eps_cagr_5yr | INSUFFICIENT
CAGR | BAJAJ-AUTO | 2014-03 | eps_cagr_10yr | INSUFFICIENT
CAGR | BAJAJ-AUTO | 2015-03 | revenue_cagr_3yr | INSUFFICIENT
CAGR | BAJAJ-AUTO | 2015-03 | revenue_cagr_5yr | INSUFFICIENT
CAGR | BAJAJ-AUTO | 2015-03 | revenue_cagr_10yr | INSUFFICIENT
CAGR | BAJAJ-AUTO | 2015-03 | pat_cagr_3yr | INSUFFICIENT
CAGR | BAJAJ-AUTO | 2015-03 | pat_cagr_5yr | INSUFFICIENT
CAGR | BAJAJ-AUTO | 2015-03 | pat_cagr_10yr | INSUFFICIENT
CAGR | BAJAJ-AUTO | 2015-03 | eps_cagr_3yr | INSUFFICIENT
CAGR | BAJAJ-AUTO | 2015-03 | eps_cagr_5yr | INSUFFICIENT
CAGR | BAJAJ-AUTO | 2015-03 | eps_cagr_10yr | INSUFFICIENT
CAGR | BAJAJ-AUTO | 2016-03 | revenue_cagr_5yr | INSUFFICIENT
CAGR | BAJAJ-AUTO | 2016-03 | revenue_cagr_10yr | INSUFFICIENT
CAGR | BAJAJ-AUTO | 2016-03 | pat_cagr_5yr | INSUFFICIENT
CAGR | BAJAJ-AUTO | 2016-03 | pat_cagr_10yr | INSUFFICIENT
CAGR | BAJAJ-AUTO | 2016-03 | eps_cagr_5yr | INSUFFICIENT
CAGR | BAJAJ-AUTO | 2016-03 | eps_cagr_10yr | INSUFFICIENT
CAGR | BAJAJ-AUTO | 2017-03 | revenue_cagr_5yr | INSUFFICIENT
CAGR | BAJAJ-AUTO | 2017-03 | revenue_cagr_10yr | INSUFFICIENT
CAGR | BAJAJ-AUTO | 2017-03 | pat_cagr_5yr | INSUFFICIENT
CAGR | BAJAJ-AUTO | 2017-03 | pat_cagr_10yr | INSUFFICIENT
CAGR | BAJAJ-AUTO | 2017-03 | eps_cagr_5yr | INSUFFICIENT
CAGR | BAJAJ-AUTO | 2017-03 | eps_cagr_10yr | INSUFFICIENT
CAGR | BAJAJ-AUTO | 2018-03 | revenue_cagr_10yr | INSUFFICIENT
CAGR | BAJAJ-AUTO | 2018-03 | pat_cagr_10yr | INSUFFICIENT
CAGR | BAJAJ-AUTO | 2018-03 | eps_cagr_10yr | INSUFFICIENT
CAGR | BAJAJ-AUTO | 2019-03 | revenue_cagr_10yr | INSUFFICIENT
CAGR | BAJAJ-AUTO | 2019-03 | pat_cagr_10yr | INSUFFICIENT
CAGR | BAJAJ-AUTO | 2019-03 | eps_cagr_10yr | INSUFFICIENT
CAGR | BAJAJ-AUTO | 2020-03 | revenue_cagr_10yr | INSUFFICIENT
CAGR | BAJAJ-AUTO | 2020-03 | pat_cagr_10yr | INSUFFICIENT
CAGR | BAJAJ-AUTO | 2020-03 | eps_cagr_10yr | INSUFFICIENT
CAGR | BAJAJ-AUTO | 2021-03 | revenue_cagr_10yr | INSUFFICIENT
CAGR | BAJAJ-AUTO | 2021-03 | pat_cagr_10yr | INSUFFICIENT
CAGR | BAJAJ-AUTO | 2021-03 | eps_cagr_10yr | INSUFFICIENT
CAGR | BAJAJ-AUTO | 2022-03 | revenue_cagr_10yr | INSUFFICIENT
CAGR | BAJAJ-AUTO | 2022-03 | pat_cagr_10yr | INSUFFICIENT
CAGR | BAJAJ-AUTO | 2022-03 | eps_cagr_10yr | INSUFFICIENT
CAGR | BAJAJ-AUTO | 2024-09 | revenue_cagr_3yr | INSUFFICIENT
CAGR | BAJAJ-AUTO | 2024-09 | revenue_cagr_5yr | INSUFFICIENT
CAGR | BAJAJ-AUTO | 2024-09 | revenue_cagr_10yr | INSUFFICIENT
CAGR | BAJAJ-AUTO | 2024-09 | pat_cagr_3yr | INSUFFICIENT
CAGR | BAJAJ-AUTO | 2024-09 | pat_cagr_5yr | INSUFFICIENT
CAGR | BAJAJ-AUTO | 2024-09 | pat_cagr_10yr | INSUFFICIENT
CAGR | BAJAJ-AUTO | 2024-09 | eps_cagr_3yr | INSUFFICIENT
CAGR | BAJAJ-AUTO | 2024-09 | eps_cagr_5yr | INSUFFICIENT
CAGR | BAJAJ-AUTO | 2024-09 | eps_cagr_10yr | INSUFFICIENT
CAGR | BAJAJFINSV | 2013-03 | revenue_cagr_3yr | INSUFFICIENT
CAGR | BAJAJFINSV | 2013-03 | revenue_cagr_5yr | INSUFFICIENT
CAGR | BAJAJFINSV | 2013-03 | revenue_cagr_10yr | INSUFFICIENT
CAGR | BAJAJFINSV | 2013-03 | pat_cagr_3yr | INSUFFICIENT
CAGR | BAJAJFINSV | 2013-03 | pat_cagr_5yr | INSUFFICIENT
CAGR | BAJAJFINSV | 2013-03 | pat_cagr_10yr | INSUFFICIENT
CAGR | BAJAJFINSV | 2013-03 | eps_cagr_3yr | INSUFFICIENT
CAGR | BAJAJFINSV | 2013-03 | eps_cagr_5yr | INSUFFICIENT
CAGR | BAJAJFINSV | 2013-03 | eps_cagr_10yr | INSUFFICIENT
CAGR | BAJAJFINSV | 2014-03 | revenue_cagr_3yr | INSUFFICIENT
CAGR | BAJAJFINSV | 2014-03 | revenue_cagr_5yr | INSUFFICIENT
CAGR | BAJAJFINSV | 2014-03 | revenue_cagr_10yr | INSUFFICIENT
CAGR | BAJAJFINSV | 2014-03 | pat_cagr_3yr | INSUFFICIENT
CAGR | BAJAJFINSV | 2014-03 | pat_cagr_5yr | INSUFFICIENT
CAGR | BAJAJFINSV | 2014-03 | pat_cagr_10yr | INSUFFICIENT
CAGR | BAJAJFINSV | 2014-03 | eps_cagr_3yr | INSUFFICIENT
CAGR | BAJAJFINSV | 2014-03 | eps_cagr_5yr | INSUFFICIENT
CAGR | BAJAJFINSV | 2014-03 | eps_cagr_10yr | INSUFFICIENT
CAGR | BAJAJFINSV | 2015-03 | revenue_cagr_3yr | INSUFFICIENT
CAGR | BAJAJFINSV | 2015-03 | revenue_cagr_5yr | INSUFFICIENT
CAGR | BAJAJFINSV | 2015-03 | revenue_cagr_10yr | INSUFFICIENT
CAGR | BAJAJFINSV | 2015-03 | pat_cagr_3yr | INSUFFICIENT
CAGR | BAJAJFINSV | 2015-03 | pat_cagr_5yr | INSUFFICIENT
CAGR | BAJAJFINSV | 2015-03 | pat_cagr_10yr | INSUFFICIENT
CAGR | BAJAJFINSV | 2015-03 | eps_cagr_3yr | INSUFFICIENT
CAGR | BAJAJFINSV | 2015-03 | eps_cagr_5yr | INSUFFICIENT
CAGR | BAJAJFINSV | 2015-03 | eps_cagr_10yr | INSUFFICIENT
CAGR | BAJAJFINSV | 2016-03 | revenue_cagr_5yr | INSUFFICIENT
CAGR | BAJAJFINSV | 2016-03 | revenue_cagr_10yr | INSUFFICIENT
CAGR | BAJAJFINSV | 2016-03 | pat_cagr_5yr | INSUFFICIENT
CAGR | BAJAJFINSV | 2016-03 | pat_cagr_10yr | INSUFFICIENT
CAGR | BAJAJFINSV | 2016-03 | eps_cagr_5yr | INSUFFICIENT
CAGR | BAJAJFINSV | 2016-03 | eps_cagr_10yr | INSUFFICIENT
CAGR | BAJAJFINSV | 2017-03 | revenue_cagr_5yr | INSUFFICIENT
CAGR | BAJAJFINSV | 2017-03 | revenue_cagr_10yr | INSUFFICIENT
CAGR | BAJAJFINSV | 2017-03 | pat_cagr_5yr | INSUFFICIENT
CAGR | BAJAJFINSV | 2017-03 | pat_cagr_10yr | INSUFFICIENT
CAGR | BAJAJFINSV | 2017-03 | eps_cagr_5yr | INSUFFICIENT
CAGR | BAJAJFINSV | 2017-03 | eps_cagr_10yr | INSUFFICIENT
CAGR | BAJAJFINSV | 2018-03 | revenue_cagr_10yr | INSUFFICIENT
CAGR | BAJAJFINSV | 2018-03 | pat_cagr_10yr | INSUFFICIENT
CAGR | BAJAJFINSV | 2018-03 | eps_cagr_10yr | INSUFFICIENT
CAGR | BAJAJFINSV | 2019-03 | revenue_cagr_10yr | INSUFFICIENT
CAGR | BAJAJFINSV | 2019-03 | pat_cagr_10yr | INSUFFICIENT
CAGR | BAJAJFINSV | 2019-03 | eps_cagr_10yr | INSUFFICIENT
CAGR | BAJAJFINSV | 2020-03 | revenue_cagr_10yr | INSUFFICIENT
CAGR | BAJAJFINSV | 2020-03 | pat_cagr_10yr | INSUFFICIENT
CAGR | BAJAJFINSV | 2020-03 | eps_cagr_10yr | INSUFFICIENT
CAGR | BAJAJFINSV | 2021-03 | revenue_cagr_10yr | INSUFFICIENT
CAGR | BAJAJFINSV | 2021-03 | pat_cagr_10yr | INSUFFICIENT
CAGR | BAJAJFINSV | 2021-03 | eps_cagr_10yr | INSUFFICIENT
CAGR | BAJAJFINSV | 2022-03 | revenue_cagr_10yr | INSUFFICIENT
CAGR | BAJAJFINSV | 2022-03 | pat_cagr_10yr | INSUFFICIENT
CAGR | BAJAJFINSV | 2022-03 | eps_cagr_10yr | INSUFFICIENT
CAGR | BAJAJFINSV | 2024-09 | revenue_cagr_3yr | INSUFFICIENT
CAGR | BAJAJFINSV | 2024-09 | revenue_cagr_5yr | INSUFFICIENT
CAGR | BAJAJFINSV | 2024-09 | revenue_cagr_10yr | INSUFFICIENT
CAGR | BAJAJFINSV | 2024-09 | pat_cagr_3yr | INSUFFICIENT
CAGR | BAJAJFINSV | 2024-09 | pat_cagr_5yr | INSUFFICIENT
CAGR | BAJAJFINSV | 2024-09 | pat_cagr_10yr | INSUFFICIENT
CAGR | BAJAJFINSV | 2024-09 | eps_cagr_3yr | INSUFFICIENT
CAGR | BAJAJFINSV | 2024-09 | eps_cagr_5yr | INSUFFICIENT
CAGR | BAJAJFINSV | 2024-09 | eps_cagr_10yr | INSUFFICIENT
CAGR | BAJAJHLDNG | 2013-03 | revenue_cagr_3yr | INSUFFICIENT
CAGR | BAJAJHLDNG | 2013-03 | revenue_cagr_5yr | INSUFFICIENT
CAGR | BAJAJHLDNG | 2013-03 | revenue_cagr_10yr | INSUFFICIENT
CAGR | BAJAJHLDNG | 2013-03 | pat_cagr_3yr | INSUFFICIENT
CAGR | BAJAJHLDNG | 2013-03 | pat_cagr_5yr | INSUFFICIENT
CAGR | BAJAJHLDNG | 2013-03 | pat_cagr_10yr | INSUFFICIENT
CAGR | BAJAJHLDNG | 2013-03 | eps_cagr_3yr | INSUFFICIENT
CAGR | BAJAJHLDNG | 2013-03 | eps_cagr_5yr | INSUFFICIENT
CAGR | BAJAJHLDNG | 2013-03 | eps_cagr_10yr | INSUFFICIENT
CAGR | BAJAJHLDNG | 2014-03 | revenue_cagr_3yr | INSUFFICIENT
CAGR | BAJAJHLDNG | 2014-03 | revenue_cagr_5yr | INSUFFICIENT
CAGR | BAJAJHLDNG | 2014-03 | revenue_cagr_10yr | INSUFFICIENT
CAGR | BAJAJHLDNG | 2014-03 | pat_cagr_3yr | INSUFFICIENT
CAGR | BAJAJHLDNG | 2014-03 | pat_cagr_5yr | INSUFFICIENT
CAGR | BAJAJHLDNG | 2014-03 | pat_cagr_10yr | INSUFFICIENT
CAGR | BAJAJHLDNG | 2014-03 | eps_cagr_3yr | INSUFFICIENT
CAGR | BAJAJHLDNG | 2014-03 | eps_cagr_5yr | INSUFFICIENT
CAGR | BAJAJHLDNG | 2014-03 | eps_cagr_10yr | INSUFFICIENT
CAGR | BAJAJHLDNG | 2015-03 | revenue_cagr_3yr | INSUFFICIENT
CAGR | BAJAJHLDNG | 2015-03 | revenue_cagr_5yr | INSUFFICIENT
CAGR | BAJAJHLDNG | 2015-03 | revenue_cagr_10yr | INSUFFICIENT
CAGR | BAJAJHLDNG | 2015-03 | pat_cagr_3yr | INSUFFICIENT
CAGR | BAJAJHLDNG | 2015-03 | pat_cagr_5yr | INSUFFICIENT
CAGR | BAJAJHLDNG | 2015-03 | pat_cagr_10yr | INSUFFICIENT
CAGR | BAJAJHLDNG | 2015-03 | eps_cagr_3yr | INSUFFICIENT
CAGR | BAJAJHLDNG | 2015-03 | eps_cagr_5yr | INSUFFICIENT
CAGR | BAJAJHLDNG | 2015-03 | eps_cagr_10yr | INSUFFICIENT
CAGR | BAJAJHLDNG | 2016-03 | revenue_cagr_5yr | INSUFFICIENT
CAGR | BAJAJHLDNG | 2016-03 | revenue_cagr_10yr | INSUFFICIENT
CAGR | BAJAJHLDNG | 2016-03 | pat_cagr_5yr | INSUFFICIENT
CAGR | BAJAJHLDNG | 2016-03 | pat_cagr_10yr | INSUFFICIENT
CAGR | BAJAJHLDNG | 2016-03 | eps_cagr_5yr | INSUFFICIENT
CAGR | BAJAJHLDNG | 2016-03 | eps_cagr_10yr | INSUFFICIENT
CAGR | BAJAJHLDNG | 2017-03 | revenue_cagr_5yr | INSUFFICIENT
CAGR | BAJAJHLDNG | 2017-03 | revenue_cagr_10yr | INSUFFICIENT
CAGR | BAJAJHLDNG | 2017-03 | pat_cagr_5yr | INSUFFICIENT
CAGR | BAJAJHLDNG | 2017-03 | pat_cagr_10yr | INSUFFICIENT
CAGR | BAJAJHLDNG | 2017-03 | eps_cagr_5yr | INSUFFICIENT
CAGR | BAJAJHLDNG | 2017-03 | eps_cagr_10yr | INSUFFICIENT
CAGR | BAJAJHLDNG | 2018-03 | revenue_cagr_10yr | INSUFFICIENT
CAGR | BAJAJHLDNG | 2018-03 | pat_cagr_10yr | INSUFFICIENT
CAGR | BAJAJHLDNG | 2018-03 | eps_cagr_10yr | INSUFFICIENT
CAGR | BAJAJHLDNG | 2019-03 | revenue_cagr_10yr | INSUFFICIENT
CAGR | BAJAJHLDNG | 2019-03 | pat_cagr_10yr | INSUFFICIENT
CAGR | BAJAJHLDNG | 2019-03 | eps_cagr_10yr | INSUFFICIENT
CAGR | BAJAJHLDNG | 2020-03 | revenue_cagr_10yr | INSUFFICIENT
CAGR | BAJAJHLDNG | 2020-03 | pat_cagr_10yr | INSUFFICIENT
CAGR | BAJAJHLDNG | 2020-03 | eps_cagr_10yr | INSUFFICIENT
CAGR | BAJAJHLDNG | 2021-03 | revenue_cagr_10yr | INSUFFICIENT
CAGR | BAJAJHLDNG | 2021-03 | pat_cagr_10yr | INSUFFICIENT
CAGR | BAJAJHLDNG | 2021-03 | eps_cagr_10yr | INSUFFICIENT
CAGR | BAJAJHLDNG | 2022-03 | revenue_cagr_10yr | INSUFFICIENT
CAGR | BAJAJHLDNG | 2022-03 | pat_cagr_10yr | INSUFFICIENT
CAGR | BAJAJHLDNG | 2022-03 | eps_cagr_10yr | INSUFFICIENT
CAGR | BAJAJHLDNG | 2024-09 | revenue_cagr_3yr | INSUFFICIENT
CAGR | BAJAJHLDNG | 2024-09 | revenue_cagr_5yr | INSUFFICIENT
CAGR | BAJAJHLDNG | 2024-09 | revenue_cagr_10yr | INSUFFICIENT
CAGR | BAJAJHLDNG | 2024-09 | pat_cagr_3yr | INSUFFICIENT
CAGR | BAJAJHLDNG | 2024-09 | pat_cagr_5yr | INSUFFICIENT
CAGR | BAJAJHLDNG | 2024-09 | pat_cagr_10yr | INSUFFICIENT
CAGR | BAJAJHLDNG | 2024-09 | eps_cagr_3yr | INSUFFICIENT
CAGR | BAJAJHLDNG | 2024-09 | eps_cagr_5yr | INSUFFICIENT
CAGR | BAJAJHLDNG | 2024-09 | eps_cagr_10yr | INSUFFICIENT
OPM | BAJFINANCE | 2015-03 | source=1367.0 computed=32.4926 | SOURCE_MISMATCH
CAGR | BAJFINANCE | 2015-03 | revenue_cagr_3yr | INSUFFICIENT
CAGR | BAJFINANCE | 2015-03 | revenue_cagr_5yr | INSUFFICIENT
CAGR | BAJFINANCE | 2015-03 | revenue_cagr_10yr | INSUFFICIENT
CAGR | BAJFINANCE | 2015-03 | pat_cagr_3yr | INSUFFICIENT
CAGR | BAJFINANCE | 2015-03 | pat_cagr_5yr | INSUFFICIENT
CAGR | BAJFINANCE | 2015-03 | pat_cagr_10yr | INSUFFICIENT
CAGR | BAJFINANCE | 2015-03 | eps_cagr_3yr | INSUFFICIENT
CAGR | BAJFINANCE | 2015-03 | eps_cagr_5yr | INSUFFICIENT
CAGR | BAJFINANCE | 2015-03 | eps_cagr_10yr | INSUFFICIENT
OPM | BAJFINANCE | 2016-03 | source=1986.0 computed=32.2510 | SOURCE_MISMATCH
CAGR | BAJFINANCE | 2016-03 | revenue_cagr_3yr | INSUFFICIENT
CAGR | BAJFINANCE | 2016-03 | revenue_cagr_5yr | INSUFFICIENT
CAGR | BAJFINANCE | 2016-03 | revenue_cagr_10yr | INSUFFICIENT
CAGR | BAJFINANCE | 2016-03 | pat_cagr_3yr | INSUFFICIENT
CAGR | BAJFINANCE | 2016-03 | pat_cagr_5yr | INSUFFICIENT
CAGR | BAJFINANCE | 2016-03 | pat_cagr_10yr | INSUFFICIENT
CAGR | BAJFINANCE | 2016-03 | eps_cagr_3yr | INSUFFICIENT
CAGR | BAJFINANCE | 2016-03 | eps_cagr_5yr | INSUFFICIENT
CAGR | BAJFINANCE | 2016-03 | eps_cagr_10yr | INSUFFICIENT
OPM | BAJFINANCE | 2017-03 | source=2867.0 computed=32.5978 | SOURCE_MISMATCH
CAGR | BAJFINANCE | 2017-03 | revenue_cagr_3yr | INSUFFICIENT
CAGR | BAJFINANCE | 2017-03 | revenue_cagr_5yr | INSUFFICIENT
CAGR | BAJFINANCE | 2017-03 | revenue_cagr_10yr | INSUFFICIENT
CAGR | BAJFINANCE | 2017-03 | pat_cagr_3yr | INSUFFICIENT
CAGR | BAJFINANCE | 2017-03 | pat_cagr_5yr | INSUFFICIENT
CAGR | BAJFINANCE | 2017-03 | pat_cagr_10yr | INSUFFICIENT
CAGR | BAJFINANCE | 2017-03 | eps_cagr_3yr | INSUFFICIENT
CAGR | BAJFINANCE | 2017-03 | eps_cagr_5yr | INSUFFICIENT
CAGR | BAJFINANCE | 2017-03 | eps_cagr_10yr | INSUFFICIENT
OPM | BAJFINANCE | 2018-03 | source=3935.0 computed=32.2846 | SOURCE_MISMATCH
CAGR | BAJFINANCE | 2018-03 | revenue_cagr_5yr | INSUFFICIENT
CAGR | BAJFINANCE | 2018-03 | revenue_cagr_10yr | INSUFFICIENT
CAGR | BAJFINANCE | 2018-03 | pat_cagr_5yr | INSUFFICIENT
CAGR | BAJFINANCE | 2018-03 | pat_cagr_10yr | INSUFFICIENT
CAGR | BAJFINANCE | 2018-03 | eps_cagr_5yr | INSUFFICIENT
CAGR | BAJFINANCE | 2018-03 | eps_cagr_10yr | INSUFFICIENT
OPM | BAJFINANCE | 2019-03 | source=6310.0 computed=29.5018 | SOURCE_MISMATCH
CAGR | BAJFINANCE | 2019-03 | revenue_cagr_5yr | INSUFFICIENT
CAGR | BAJFINANCE | 2019-03 | revenue_cagr_10yr | INSUFFICIENT
CAGR | BAJFINANCE | 2019-03 | pat_cagr_5yr | INSUFFICIENT
CAGR | BAJFINANCE | 2019-03 | pat_cagr_10yr | INSUFFICIENT
CAGR | BAJFINANCE | 2019-03 | eps_cagr_5yr | INSUFFICIENT
CAGR | BAJFINANCE | 2019-03 | eps_cagr_10yr | INSUFFICIENT
OPM | BAJFINANCE | 2020-03 | source=7608.0 computed=34.7274 | SOURCE_MISMATCH
CAGR | BAJFINANCE | 2020-03 | revenue_cagr_10yr | INSUFFICIENT
CAGR | BAJFINANCE | 2020-03 | pat_cagr_10yr | INSUFFICIENT
CAGR | BAJFINANCE | 2020-03 | eps_cagr_10yr | INSUFFICIENT
OPM | BAJFINANCE | 2021-03 | source=6314.0 computed=40.6366 | SOURCE_MISMATCH
CAGR | BAJFINANCE | 2021-03 | revenue_cagr_10yr | INSUFFICIENT
CAGR | BAJFINANCE | 2021-03 | pat_cagr_10yr | INSUFFICIENT
CAGR | BAJFINANCE | 2021-03 | eps_cagr_10yr | INSUFFICIENT
OPM | BAJFINANCE | 2022-03 | source=9906.0 computed=37.5462 | SOURCE_MISMATCH
CAGR | BAJFINANCE | 2022-03 | revenue_cagr_10yr | INSUFFICIENT
CAGR | BAJFINANCE | 2022-03 | pat_cagr_10yr | INSUFFICIENT
CAGR | BAJFINANCE | 2022-03 | eps_cagr_10yr | INSUFFICIENT
OPM | BAJFINANCE | 2023-03 | source=16018.0 computed=30.6513 | SOURCE_MISMATCH
CAGR | BAJFINANCE | 2023-03 | revenue_cagr_10yr | INSUFFICIENT
CAGR | BAJFINANCE | 2023-03 | pat_cagr_10yr | INSUFFICIENT
CAGR | BAJFINANCE | 2023-03 | eps_cagr_10yr | INSUFFICIENT
OPM | BAJFINANCE | 2024-03 | source=19987.0 computed=29.2858 | SOURCE_MISMATCH
CAGR | BAJFINANCE | 2024-03 | revenue_cagr_10yr | INSUFFICIENT
CAGR | BAJFINANCE | 2024-03 | pat_cagr_10yr | INSUFFICIENT
CAGR | BAJFINANCE | 2024-03 | eps_cagr_10yr | INSUFFICIENT
CAGR | BAJFINANCE | 2024-09 | revenue_cagr_3yr | INSUFFICIENT
CAGR | BAJFINANCE | 2024-09 | revenue_cagr_5yr | INSUFFICIENT
CAGR | BAJFINANCE | 2024-09 | revenue_cagr_10yr | INSUFFICIENT
CAGR | BAJFINANCE | 2024-09 | pat_cagr_3yr | INSUFFICIENT
CAGR | BAJFINANCE | 2024-09 | pat_cagr_5yr | INSUFFICIENT
CAGR | BAJFINANCE | 2024-09 | pat_cagr_10yr | INSUFFICIENT
CAGR | BAJFINANCE | 2024-09 | eps_cagr_3yr | INSUFFICIENT
CAGR | BAJFINANCE | 2024-09 | eps_cagr_5yr | INSUFFICIENT
CAGR | BAJFINANCE | 2024-09 | eps_cagr_10yr | INSUFFICIENT
OPM | BANKBARODA | 2013-03 | source=1006.0 computed=30.0477 | SOURCE_MISMATCH
CAGR | BANKBARODA | 2013-03 | revenue_cagr_3yr | INSUFFICIENT
CAGR | BANKBARODA | 2013-03 | revenue_cagr_5yr | INSUFFICIENT
CAGR | BANKBARODA | 2013-03 | revenue_cagr_10yr | INSUFFICIENT
CAGR | BANKBARODA | 2013-03 | pat_cagr_3yr | INSUFFICIENT
CAGR | BANKBARODA | 2013-03 | pat_cagr_5yr | INSUFFICIENT
CAGR | BANKBARODA | 2013-03 | pat_cagr_10yr | INSUFFICIENT
CAGR | BANKBARODA | 2013-03 | eps_cagr_3yr | INSUFFICIENT
CAGR | BANKBARODA | 2013-03 | eps_cagr_5yr | INSUFFICIENT
CAGR | BANKBARODA | 2013-03 | eps_cagr_10yr | INSUFFICIENT
OPM | BANKBARODA | 2014-03 | source=809.0 computed=29.7778 | SOURCE_MISMATCH
CAGR | BANKBARODA | 2014-03 | revenue_cagr_3yr | INSUFFICIENT
CAGR | BANKBARODA | 2014-03 | revenue_cagr_5yr | INSUFFICIENT
CAGR | BANKBARODA | 2014-03 | revenue_cagr_10yr | INSUFFICIENT
CAGR | BANKBARODA | 2014-03 | pat_cagr_3yr | INSUFFICIENT
CAGR | BANKBARODA | 2014-03 | pat_cagr_5yr | INSUFFICIENT
CAGR | BANKBARODA | 2014-03 | pat_cagr_10yr | INSUFFICIENT
CAGR | BANKBARODA | 2014-03 | eps_cagr_3yr | INSUFFICIENT
CAGR | BANKBARODA | 2014-03 | eps_cagr_5yr | INSUFFICIENT
CAGR | BANKBARODA | 2014-03 | eps_cagr_10yr | INSUFFICIENT
OPM | BANKBARODA | 2015-03 | source=902.0 computed=29.9811 | SOURCE_MISMATCH
CAGR | BANKBARODA | 2015-03 | revenue_cagr_3yr | INSUFFICIENT
CAGR | BANKBARODA | 2015-03 | revenue_cagr_5yr | INSUFFICIENT
CAGR | BANKBARODA | 2015-03 | revenue_cagr_10yr | INSUFFICIENT
CAGR | BANKBARODA | 2015-03 | pat_cagr_3yr | INSUFFICIENT
CAGR | BANKBARODA | 2015-03 | pat_cagr_5yr | INSUFFICIENT
CAGR | BANKBARODA | 2015-03 | pat_cagr_10yr | INSUFFICIENT
CAGR | BANKBARODA | 2015-03 | eps_cagr_3yr | INSUFFICIENT
CAGR | BANKBARODA | 2015-03 | eps_cagr_5yr | INSUFFICIENT
CAGR | BANKBARODA | 2015-03 | eps_cagr_10yr | INSUFFICIENT
OPM | BANKBARODA | 2016-03 | source=-11700.0 computed=55.4401 | SOURCE_MISMATCH
CAGR | BANKBARODA | 2016-03 | revenue_cagr_5yr | INSUFFICIENT
CAGR | BANKBARODA | 2016-03 | revenue_cagr_10yr | INSUFFICIENT
CAGR | BANKBARODA | 2016-03 | pat_cagr_3yr | DECLINE_TO_LOSS
CAGR | BANKBARODA | 2016-03 | pat_cagr_5yr | INSUFFICIENT
CAGR | BANKBARODA | 2016-03 | pat_cagr_10yr | INSUFFICIENT
CAGR | BANKBARODA | 2016-03 | eps_cagr_3yr | DECLINE_TO_LOSS
CAGR | BANKBARODA | 2016-03 | eps_cagr_5yr | INSUFFICIENT
CAGR | BANKBARODA | 2016-03 | eps_cagr_10yr | INSUFFICIENT
OPM | BANKBARODA | 2017-03 | source=-4372.0 computed=43.2847 | SOURCE_MISMATCH
CAGR | BANKBARODA | 2017-03 | revenue_cagr_5yr | INSUFFICIENT
CAGR | BANKBARODA | 2017-03 | revenue_cagr_10yr | INSUFFICIENT
CAGR | BANKBARODA | 2017-03 | pat_cagr_5yr | INSUFFICIENT
CAGR | BANKBARODA | 2017-03 | pat_cagr_10yr | INSUFFICIENT
CAGR | BANKBARODA | 2017-03 | eps_cagr_5yr | INSUFFICIENT
CAGR | BANKBARODA | 2017-03 | eps_cagr_10yr | INSUFFICIENT
OPM | BANKBARODA | 2018-03 | source=-9197.0 computed=56.6549 | SOURCE_MISMATCH
CAGR | BANKBARODA | 2018-03 | revenue_cagr_10yr | INSUFFICIENT
CAGR | BANKBARODA | 2018-03 | pat_cagr_3yr | DECLINE_TO_LOSS
CAGR | BANKBARODA | 2018-03 | pat_cagr_5yr | DECLINE_TO_LOSS
CAGR | BANKBARODA | 2018-03 | pat_cagr_10yr | INSUFFICIENT
CAGR | BANKBARODA | 2018-03 | eps_cagr_3yr | DECLINE_TO_LOSS
CAGR | BANKBARODA | 2018-03 | eps_cagr_5yr | DECLINE_TO_LOSS
CAGR | BANKBARODA | 2018-03 | eps_cagr_10yr | INSUFFICIENT
OPM | BANKBARODA | 2019-03 | source=-5414.0 computed=48.7941 | SOURCE_MISMATCH
CAGR | BANKBARODA | 2019-03 | revenue_cagr_10yr | INSUFFICIENT
CAGR | BANKBARODA | 2019-03 | pat_cagr_3yr | TURNAROUND
CAGR | BANKBARODA | 2019-03 | pat_cagr_10yr | INSUFFICIENT
CAGR | BANKBARODA | 2019-03 | eps_cagr_3yr | TURNAROUND
CAGR | BANKBARODA | 2019-03 | eps_cagr_10yr | INSUFFICIENT
OPM | BANKBARODA | 2020-03 | source=-11728.0 computed=51.4393 | SOURCE_MISMATCH
CAGR | BANKBARODA | 2020-03 | revenue_cagr_10yr | INSUFFICIENT
CAGR | BANKBARODA | 2020-03 | pat_cagr_10yr | INSUFFICIENT
CAGR | BANKBARODA | 2020-03 | eps_cagr_10yr | INSUFFICIENT
OPM | BANKBARODA | 2021-03 | source=-6957.0 computed=51.2286 | SOURCE_MISMATCH
CAGR | BANKBARODA | 2021-03 | revenue_cagr_10yr | INSUFFICIENT
CAGR | BANKBARODA | 2021-03 | pat_cagr_3yr | TURNAROUND
CAGR | BANKBARODA | 2021-03 | pat_cagr_5yr | TURNAROUND
CAGR | BANKBARODA | 2021-03 | pat_cagr_10yr | INSUFFICIENT
CAGR | BANKBARODA | 2021-03 | eps_cagr_3yr | TURNAROUND
CAGR | BANKBARODA | 2021-03 | eps_cagr_5yr | TURNAROUND
CAGR | BANKBARODA | 2021-03 | eps_cagr_10yr | INSUFFICIENT
OPM | BANKBARODA | 2022-03 | source=-2948.0 computed=51.1249 | SOURCE_MISMATCH
CAGR | BANKBARODA | 2022-03 | revenue_cagr_10yr | INSUFFICIENT
CAGR | BANKBARODA | 2022-03 | pat_cagr_10yr | INSUFFICIENT
CAGR | BANKBARODA | 2022-03 | eps_cagr_10yr | INSUFFICIENT
OPM | BANKBARODA | 2023-03 | source=6329.0 computed=40.4548 | SOURCE_MISMATCH
CAGR | BANKBARODA | 2023-03 | pat_cagr_5yr | TURNAROUND
CAGR | BANKBARODA | 2023-03 | eps_cagr_5yr | TURNAROUND
OPM | BANKBARODA | 2024-03 | source=4102.0 computed=37.4889 | SOURCE_MISMATCH
CAGR | BEL | 2013-03 | revenue_cagr_3yr | INSUFFICIENT
CAGR | BEL | 2013-03 | revenue_cagr_5yr | INSUFFICIENT
CAGR | BEL | 2013-03 | revenue_cagr_10yr | INSUFFICIENT
CAGR | BEL | 2013-03 | pat_cagr_3yr | INSUFFICIENT
CAGR | BEL | 2013-03 | pat_cagr_5yr | INSUFFICIENT
CAGR | BEL | 2013-03 | pat_cagr_10yr | INSUFFICIENT
CAGR | BEL | 2013-03 | eps_cagr_3yr | INSUFFICIENT
CAGR | BEL | 2013-03 | eps_cagr_5yr | INSUFFICIENT
CAGR | BEL | 2013-03 | eps_cagr_10yr | INSUFFICIENT
CAGR | BEL | 2014-03 | revenue_cagr_3yr | INSUFFICIENT
CAGR | BEL | 2014-03 | revenue_cagr_5yr | INSUFFICIENT
CAGR | BEL | 2014-03 | revenue_cagr_10yr | INSUFFICIENT
CAGR | BEL | 2014-03 | pat_cagr_3yr | INSUFFICIENT
CAGR | BEL | 2014-03 | pat_cagr_5yr | INSUFFICIENT
CAGR | BEL | 2014-03 | pat_cagr_10yr | INSUFFICIENT
CAGR | BEL | 2014-03 | eps_cagr_3yr | INSUFFICIENT
CAGR | BEL | 2014-03 | eps_cagr_5yr | INSUFFICIENT
CAGR | BEL | 2014-03 | eps_cagr_10yr | INSUFFICIENT
CAGR | BEL | 2015-03 | revenue_cagr_3yr | INSUFFICIENT
CAGR | BEL | 2015-03 | revenue_cagr_5yr | INSUFFICIENT
CAGR | BEL | 2015-03 | revenue_cagr_10yr | INSUFFICIENT
CAGR | BEL | 2015-03 | pat_cagr_3yr | INSUFFICIENT
CAGR | BEL | 2015-03 | pat_cagr_5yr | INSUFFICIENT
CAGR | BEL | 2015-03 | pat_cagr_10yr | INSUFFICIENT
CAGR | BEL | 2015-03 | eps_cagr_3yr | INSUFFICIENT
CAGR | BEL | 2015-03 | eps_cagr_5yr | INSUFFICIENT
CAGR | BEL | 2015-03 | eps_cagr_10yr | INSUFFICIENT
CAGR | BEL | 2016-03 | revenue_cagr_5yr | INSUFFICIENT
CAGR | BEL | 2016-03 | revenue_cagr_10yr | INSUFFICIENT
CAGR | BEL | 2016-03 | pat_cagr_5yr | INSUFFICIENT
CAGR | BEL | 2016-03 | pat_cagr_10yr | INSUFFICIENT
CAGR | BEL | 2016-03 | eps_cagr_5yr | INSUFFICIENT
CAGR | BEL | 2016-03 | eps_cagr_10yr | INSUFFICIENT
CAGR | BEL | 2017-03 | revenue_cagr_5yr | INSUFFICIENT
CAGR | BEL | 2017-03 | revenue_cagr_10yr | INSUFFICIENT
CAGR | BEL | 2017-03 | pat_cagr_5yr | INSUFFICIENT
CAGR | BEL | 2017-03 | pat_cagr_10yr | INSUFFICIENT
CAGR | BEL | 2017-03 | eps_cagr_5yr | INSUFFICIENT
CAGR | BEL | 2017-03 | eps_cagr_10yr | INSUFFICIENT
CAGR | BEL | 2018-03 | revenue_cagr_10yr | INSUFFICIENT
CAGR | BEL | 2018-03 | pat_cagr_10yr | INSUFFICIENT
CAGR | BEL | 2018-03 | eps_cagr_10yr | INSUFFICIENT
CAGR | BEL | 2019-03 | revenue_cagr_10yr | INSUFFICIENT
CAGR | BEL | 2019-03 | pat_cagr_10yr | INSUFFICIENT
CAGR | BEL | 2019-03 | eps_cagr_10yr | INSUFFICIENT
CAGR | BEL | 2020-03 | revenue_cagr_10yr | INSUFFICIENT
CAGR | BEL | 2020-03 | pat_cagr_10yr | INSUFFICIENT
CAGR | BEL | 2020-03 | eps_cagr_10yr | INSUFFICIENT
CAGR | BEL | 2021-03 | revenue_cagr_10yr | INSUFFICIENT
CAGR | BEL | 2021-03 | pat_cagr_10yr | INSUFFICIENT
CAGR | BEL | 2021-03 | eps_cagr_10yr | INSUFFICIENT
CAGR | BEL | 2022-03 | revenue_cagr_10yr | INSUFFICIENT
CAGR | BEL | 2022-03 | pat_cagr_10yr | INSUFFICIENT
CAGR | BEL | 2022-03 | eps_cagr_10yr | INSUFFICIENT
CAGR | BEL | 2024-09 | revenue_cagr_3yr | INSUFFICIENT
CAGR | BEL | 2024-09 | revenue_cagr_5yr | INSUFFICIENT
CAGR | BEL | 2024-09 | revenue_cagr_10yr | INSUFFICIENT
CAGR | BEL | 2024-09 | pat_cagr_3yr | INSUFFICIENT
CAGR | BEL | 2024-09 | pat_cagr_5yr | INSUFFICIENT
CAGR | BEL | 2024-09 | pat_cagr_10yr | INSUFFICIENT
CAGR | BEL | 2024-09 | eps_cagr_3yr | INSUFFICIENT
CAGR | BEL | 2024-09 | eps_cagr_5yr | INSUFFICIENT
CAGR | BEL | 2024-09 | eps_cagr_10yr | INSUFFICIENT
CAGR | BHARTIARTL | 2013-03 | revenue_cagr_3yr | INSUFFICIENT
CAGR | BHARTIARTL | 2013-03 | revenue_cagr_5yr | INSUFFICIENT
CAGR | BHARTIARTL | 2013-03 | revenue_cagr_10yr | INSUFFICIENT
CAGR | BHARTIARTL | 2013-03 | pat_cagr_3yr | INSUFFICIENT
CAGR | BHARTIARTL | 2013-03 | pat_cagr_5yr | INSUFFICIENT
CAGR | BHARTIARTL | 2013-03 | pat_cagr_10yr | INSUFFICIENT
CAGR | BHARTIARTL | 2013-03 | eps_cagr_3yr | INSUFFICIENT
CAGR | BHARTIARTL | 2013-03 | eps_cagr_5yr | INSUFFICIENT
CAGR | BHARTIARTL | 2013-03 | eps_cagr_10yr | INSUFFICIENT
CAGR | BHARTIARTL | 2014-03 | revenue_cagr_3yr | INSUFFICIENT
CAGR | BHARTIARTL | 2014-03 | revenue_cagr_5yr | INSUFFICIENT
CAGR | BHARTIARTL | 2014-03 | revenue_cagr_10yr | INSUFFICIENT
CAGR | BHARTIARTL | 2014-03 | pat_cagr_3yr | INSUFFICIENT
CAGR | BHARTIARTL | 2014-03 | pat_cagr_5yr | INSUFFICIENT
CAGR | BHARTIARTL | 2014-03 | pat_cagr_10yr | INSUFFICIENT
CAGR | BHARTIARTL | 2014-03 | eps_cagr_3yr | INSUFFICIENT
CAGR | BHARTIARTL | 2014-03 | eps_cagr_5yr | INSUFFICIENT
CAGR | BHARTIARTL | 2014-03 | eps_cagr_10yr | INSUFFICIENT
CAGR | BHARTIARTL | 2015-03 | revenue_cagr_3yr | INSUFFICIENT
CAGR | BHARTIARTL | 2015-03 | revenue_cagr_5yr | INSUFFICIENT
CAGR | BHARTIARTL | 2015-03 | revenue_cagr_10yr | INSUFFICIENT
CAGR | BHARTIARTL | 2015-03 | pat_cagr_3yr | INSUFFICIENT
CAGR | BHARTIARTL | 2015-03 | pat_cagr_5yr | INSUFFICIENT
CAGR | BHARTIARTL | 2015-03 | pat_cagr_10yr | INSUFFICIENT
CAGR | BHARTIARTL | 2015-03 | eps_cagr_3yr | INSUFFICIENT
CAGR | BHARTIARTL | 2015-03 | eps_cagr_5yr | INSUFFICIENT
CAGR | BHARTIARTL | 2015-03 | eps_cagr_10yr | INSUFFICIENT
CAGR | BHARTIARTL | 2016-03 | revenue_cagr_5yr | INSUFFICIENT
CAGR | BHARTIARTL | 2016-03 | revenue_cagr_10yr | INSUFFICIENT
CAGR | BHARTIARTL | 2016-03 | pat_cagr_5yr | INSUFFICIENT
CAGR | BHARTIARTL | 2016-03 | pat_cagr_10yr | INSUFFICIENT
CAGR | BHARTIARTL | 2016-03 | eps_cagr_5yr | INSUFFICIENT
CAGR | BHARTIARTL | 2016-03 | eps_cagr_10yr | INSUFFICIENT
CAGR | BHARTIARTL | 2017-03 | revenue_cagr_5yr | INSUFFICIENT
CAGR | BHARTIARTL | 2017-03 | revenue_cagr_10yr | INSUFFICIENT
CAGR | BHARTIARTL | 2017-03 | pat_cagr_5yr | INSUFFICIENT
CAGR | BHARTIARTL | 2017-03 | pat_cagr_10yr | INSUFFICIENT
CAGR | BHARTIARTL | 2017-03 | eps_cagr_5yr | INSUFFICIENT
CAGR | BHARTIARTL | 2017-03 | eps_cagr_10yr | INSUFFICIENT
CAGR | BHARTIARTL | 2018-03 | revenue_cagr_10yr | INSUFFICIENT
CAGR | BHARTIARTL | 2018-03 | pat_cagr_10yr | INSUFFICIENT
CAGR | BHARTIARTL | 2018-03 | eps_cagr_10yr | INSUFFICIENT
CAGR | BHARTIARTL | 2019-03 | revenue_cagr_10yr | INSUFFICIENT
CAGR | BHARTIARTL | 2019-03 | pat_cagr_10yr | INSUFFICIENT
CAGR | BHARTIARTL | 2019-03 | eps_cagr_10yr | INSUFFICIENT
CAGR | BHARTIARTL | 2020-03 | revenue_cagr_10yr | INSUFFICIENT
CAGR | BHARTIARTL | 2020-03 | pat_cagr_3yr | DECLINE_TO_LOSS
CAGR | BHARTIARTL | 2020-03 | pat_cagr_5yr | DECLINE_TO_LOSS
CAGR | BHARTIARTL | 2020-03 | pat_cagr_10yr | INSUFFICIENT
CAGR | BHARTIARTL | 2020-03 | eps_cagr_3yr | DECLINE_TO_LOSS
CAGR | BHARTIARTL | 2020-03 | eps_cagr_5yr | DECLINE_TO_LOSS
CAGR | BHARTIARTL | 2020-03 | eps_cagr_10yr | INSUFFICIENT
CAGR | BHARTIARTL | 2021-03 | revenue_cagr_10yr | INSUFFICIENT
CAGR | BHARTIARTL | 2021-03 | pat_cagr_3yr | DECLINE_TO_LOSS
CAGR | BHARTIARTL | 2021-03 | pat_cagr_5yr | DECLINE_TO_LOSS
CAGR | BHARTIARTL | 2021-03 | pat_cagr_10yr | INSUFFICIENT
CAGR | BHARTIARTL | 2021-03 | eps_cagr_3yr | DECLINE_TO_LOSS
CAGR | BHARTIARTL | 2021-03 | eps_cagr_5yr | DECLINE_TO_LOSS
CAGR | BHARTIARTL | 2021-03 | eps_cagr_10yr | INSUFFICIENT
CAGR | BHARTIARTL | 2022-03 | revenue_cagr_10yr | INSUFFICIENT
CAGR | BHARTIARTL | 2022-03 | pat_cagr_10yr | INSUFFICIENT
CAGR | BHARTIARTL | 2022-03 | eps_cagr_10yr | INSUFFICIENT
CAGR | BHARTIARTL | 2023-03 | pat_cagr_3yr | TURNAROUND
CAGR | BHARTIARTL | 2023-03 | eps_cagr_3yr | TURNAROUND
CAGR | BHARTIARTL | 2024-03 | pat_cagr_3yr | TURNAROUND
CAGR | BHARTIARTL | 2024-03 | eps_cagr_3yr | TURNAROUND
CAGR | BHARTIARTL | 2024-09 | revenue_cagr_3yr | INSUFFICIENT
CAGR | BHARTIARTL | 2024-09 | revenue_cagr_5yr | INSUFFICIENT
CAGR | BHARTIARTL | 2024-09 | revenue_cagr_10yr | INSUFFICIENT
CAGR | BHARTIARTL | 2024-09 | pat_cagr_3yr | INSUFFICIENT
CAGR | BHARTIARTL | 2024-09 | pat_cagr_5yr | INSUFFICIENT
CAGR | BHARTIARTL | 2024-09 | pat_cagr_10yr | INSUFFICIENT
CAGR | BHARTIARTL | 2024-09 | eps_cagr_3yr | INSUFFICIENT
CAGR | BHARTIARTL | 2024-09 | eps_cagr_5yr | INSUFFICIENT
CAGR | BHARTIARTL | 2024-09 | eps_cagr_10yr | INSUFFICIENT
CAGR | BHEL | 2013-03 | revenue_cagr_3yr | INSUFFICIENT
CAGR | BHEL | 2013-03 | revenue_cagr_5yr | INSUFFICIENT
CAGR | BHEL | 2013-03 | revenue_cagr_10yr | INSUFFICIENT
CAGR | BHEL | 2013-03 | pat_cagr_3yr | INSUFFICIENT
CAGR | BHEL | 2013-03 | pat_cagr_5yr | INSUFFICIENT
CAGR | BHEL | 2013-03 | pat_cagr_10yr | INSUFFICIENT
CAGR | BHEL | 2013-03 | eps_cagr_3yr | INSUFFICIENT
CAGR | BHEL | 2013-03 | eps_cagr_5yr | INSUFFICIENT
CAGR | BHEL | 2013-03 | eps_cagr_10yr | INSUFFICIENT
CAGR | BHEL | 2014-03 | revenue_cagr_3yr | INSUFFICIENT
CAGR | BHEL | 2014-03 | revenue_cagr_5yr | INSUFFICIENT
CAGR | BHEL | 2014-03 | revenue_cagr_10yr | INSUFFICIENT
CAGR | BHEL | 2014-03 | pat_cagr_3yr | INSUFFICIENT
CAGR | BHEL | 2014-03 | pat_cagr_5yr | INSUFFICIENT
CAGR | BHEL | 2014-03 | pat_cagr_10yr | INSUFFICIENT
CAGR | BHEL | 2014-03 | eps_cagr_3yr | INSUFFICIENT
CAGR | BHEL | 2014-03 | eps_cagr_5yr | INSUFFICIENT
CAGR | BHEL | 2014-03 | eps_cagr_10yr | INSUFFICIENT
CAGR | BHEL | 2015-03 | revenue_cagr_3yr | INSUFFICIENT
CAGR | BHEL | 2015-03 | revenue_cagr_5yr | INSUFFICIENT
CAGR | BHEL | 2015-03 | revenue_cagr_10yr | INSUFFICIENT
CAGR | BHEL | 2015-03 | pat_cagr_3yr | INSUFFICIENT
CAGR | BHEL | 2015-03 | pat_cagr_5yr | INSUFFICIENT
CAGR | BHEL | 2015-03 | pat_cagr_10yr | INSUFFICIENT
CAGR | BHEL | 2015-03 | eps_cagr_3yr | INSUFFICIENT
CAGR | BHEL | 2015-03 | eps_cagr_5yr | INSUFFICIENT
CAGR | BHEL | 2015-03 | eps_cagr_10yr | INSUFFICIENT
CAGR | BHEL | 2016-03 | revenue_cagr_5yr | INSUFFICIENT
CAGR | BHEL | 2016-03 | revenue_cagr_10yr | INSUFFICIENT
CAGR | BHEL | 2016-03 | pat_cagr_3yr | DECLINE_TO_LOSS
CAGR | BHEL | 2016-03 | pat_cagr_5yr | INSUFFICIENT
CAGR | BHEL | 2016-03 | pat_cagr_10yr | INSUFFICIENT
CAGR | BHEL | 2016-03 | eps_cagr_3yr | DECLINE_TO_LOSS
CAGR | BHEL | 2016-03 | eps_cagr_5yr | INSUFFICIENT
CAGR | BHEL | 2016-03 | eps_cagr_10yr | INSUFFICIENT
CAGR | BHEL | 2017-03 | revenue_cagr_5yr | INSUFFICIENT
CAGR | BHEL | 2017-03 | revenue_cagr_10yr | INSUFFICIENT
CAGR | BHEL | 2017-03 | pat_cagr_5yr | INSUFFICIENT
CAGR | BHEL | 2017-03 | pat_cagr_10yr | INSUFFICIENT
CAGR | BHEL | 2017-03 | eps_cagr_5yr | INSUFFICIENT
CAGR | BHEL | 2017-03 | eps_cagr_10yr | INSUFFICIENT
CAGR | BHEL | 2018-03 | revenue_cagr_10yr | INSUFFICIENT
CAGR | BHEL | 2018-03 | pat_cagr_10yr | INSUFFICIENT
CAGR | BHEL | 2018-03 | eps_cagr_10yr | INSUFFICIENT
CAGR | BHEL | 2019-03 | revenue_cagr_10yr | INSUFFICIENT
CAGR | BHEL | 2019-03 | pat_cagr_3yr | TURNAROUND
CAGR | BHEL | 2019-03 | pat_cagr_10yr | INSUFFICIENT
CAGR | BHEL | 2019-03 | eps_cagr_3yr | TURNAROUND
CAGR | BHEL | 2019-03 | eps_cagr_10yr | INSUFFICIENT
CAGR | BHEL | 2020-03 | revenue_cagr_10yr | INSUFFICIENT
CAGR | BHEL | 2020-03 | pat_cagr_3yr | DECLINE_TO_LOSS
CAGR | BHEL | 2020-03 | pat_cagr_5yr | DECLINE_TO_LOSS
CAGR | BHEL | 2020-03 | pat_cagr_10yr | INSUFFICIENT
CAGR | BHEL | 2020-03 | eps_cagr_3yr | DECLINE_TO_LOSS
CAGR | BHEL | 2020-03 | eps_cagr_5yr | DECLINE_TO_LOSS
CAGR | BHEL | 2020-03 | eps_cagr_10yr | INSUFFICIENT
CAGR | BHEL | 2021-03 | revenue_cagr_10yr | INSUFFICIENT
CAGR | BHEL | 2021-03 | pat_cagr_3yr | DECLINE_TO_LOSS
CAGR | BHEL | 2021-03 | pat_cagr_5yr | BOTH_NEGATIVE
CAGR | BHEL | 2021-03 | pat_cagr_10yr | INSUFFICIENT
CAGR | BHEL | 2021-03 | eps_cagr_3yr | DECLINE_TO_LOSS
CAGR | BHEL | 2021-03 | eps_cagr_5yr | BOTH_NEGATIVE
CAGR | BHEL | 2021-03 | eps_cagr_10yr | INSUFFICIENT
CAGR | BHEL | 2022-03 | revenue_cagr_10yr | INSUFFICIENT
CAGR | BHEL | 2022-03 | pat_cagr_10yr | INSUFFICIENT
CAGR | BHEL | 2022-03 | eps_cagr_10yr | INSUFFICIENT
CAGR | BHEL | 2023-03 | pat_cagr_3yr | TURNAROUND
CAGR | BHEL | 2023-03 | eps_cagr_3yr | TURNAROUND
CAGR | BHEL | 2024-03 | pat_cagr_3yr | TURNAROUND
CAGR | BHEL | 2024-03 | eps_cagr_3yr | TURNAROUND
CAGR | BHEL | 2024-09 | revenue_cagr_3yr | INSUFFICIENT
CAGR | BHEL | 2024-09 | revenue_cagr_5yr | INSUFFICIENT
CAGR | BHEL | 2024-09 | revenue_cagr_10yr | INSUFFICIENT
CAGR | BHEL | 2024-09 | pat_cagr_3yr | INSUFFICIENT
CAGR | BHEL | 2024-09 | pat_cagr_5yr | INSUFFICIENT
CAGR | BHEL | 2024-09 | pat_cagr_10yr | INSUFFICIENT
CAGR | BHEL | 2024-09 | eps_cagr_3yr | INSUFFICIENT
CAGR | BHEL | 2024-09 | eps_cagr_5yr | INSUFFICIENT
CAGR | BHEL | 2024-09 | eps_cagr_10yr | INSUFFICIENT
CAGR | BOSCHLTD | 2012-12 | revenue_cagr_3yr | INSUFFICIENT
CAGR | BOSCHLTD | 2012-12 | revenue_cagr_5yr | INSUFFICIENT
CAGR | BOSCHLTD | 2012-12 | revenue_cagr_10yr | INSUFFICIENT
CAGR | BOSCHLTD | 2012-12 | pat_cagr_3yr | INSUFFICIENT
CAGR | BOSCHLTD | 2012-12 | pat_cagr_5yr | INSUFFICIENT
CAGR | BOSCHLTD | 2012-12 | pat_cagr_10yr | INSUFFICIENT
CAGR | BOSCHLTD | 2012-12 | eps_cagr_3yr | INSUFFICIENT
CAGR | BOSCHLTD | 2012-12 | eps_cagr_5yr | INSUFFICIENT
CAGR | BOSCHLTD | 2012-12 | eps_cagr_10yr | INSUFFICIENT
CAGR | BOSCHLTD | 2013-12 | revenue_cagr_3yr | INSUFFICIENT
CAGR | BOSCHLTD | 2013-12 | revenue_cagr_5yr | INSUFFICIENT
CAGR | BOSCHLTD | 2013-12 | revenue_cagr_10yr | INSUFFICIENT
CAGR | BOSCHLTD | 2013-12 | pat_cagr_3yr | INSUFFICIENT
CAGR | BOSCHLTD | 2013-12 | pat_cagr_5yr | INSUFFICIENT
CAGR | BOSCHLTD | 2013-12 | pat_cagr_10yr | INSUFFICIENT
CAGR | BOSCHLTD | 2013-12 | eps_cagr_3yr | INSUFFICIENT
CAGR | BOSCHLTD | 2013-12 | eps_cagr_5yr | INSUFFICIENT
CAGR | BOSCHLTD | 2013-12 | eps_cagr_10yr | INSUFFICIENT
CAGR | BOSCHLTD | 2015-03 | revenue_cagr_5yr | INSUFFICIENT
CAGR | BOSCHLTD | 2015-03 | revenue_cagr_10yr | INSUFFICIENT
CAGR | BOSCHLTD | 2015-03 | pat_cagr_5yr | INSUFFICIENT
CAGR | BOSCHLTD | 2015-03 | pat_cagr_10yr | INSUFFICIENT
CAGR | BOSCHLTD | 2015-03 | eps_cagr_5yr | INSUFFICIENT
CAGR | BOSCHLTD | 2015-03 | eps_cagr_10yr | INSUFFICIENT
CAGR | BOSCHLTD | 2016-03 | revenue_cagr_5yr | INSUFFICIENT
CAGR | BOSCHLTD | 2016-03 | revenue_cagr_10yr | INSUFFICIENT
CAGR | BOSCHLTD | 2016-03 | pat_cagr_5yr | INSUFFICIENT
CAGR | BOSCHLTD | 2016-03 | pat_cagr_10yr | INSUFFICIENT
CAGR | BOSCHLTD | 2016-03 | eps_cagr_5yr | INSUFFICIENT
CAGR | BOSCHLTD | 2016-03 | eps_cagr_10yr | INSUFFICIENT
CAGR | BOSCHLTD | 2017-03 | revenue_cagr_3yr | INSUFFICIENT
CAGR | BOSCHLTD | 2017-03 | revenue_cagr_10yr | INSUFFICIENT
CAGR | BOSCHLTD | 2017-03 | pat_cagr_3yr | INSUFFICIENT
CAGR | BOSCHLTD | 2017-03 | pat_cagr_10yr | INSUFFICIENT
CAGR | BOSCHLTD | 2017-03 | eps_cagr_3yr | INSUFFICIENT
CAGR | BOSCHLTD | 2017-03 | eps_cagr_10yr | INSUFFICIENT
CAGR | BOSCHLTD | 2018-03 | revenue_cagr_10yr | INSUFFICIENT
CAGR | BOSCHLTD | 2018-03 | pat_cagr_10yr | INSUFFICIENT
CAGR | BOSCHLTD | 2018-03 | eps_cagr_10yr | INSUFFICIENT
CAGR | BOSCHLTD | 2019-03 | revenue_cagr_5yr | INSUFFICIENT
CAGR | BOSCHLTD | 2019-03 | revenue_cagr_10yr | INSUFFICIENT
CAGR | BOSCHLTD | 2019-03 | pat_cagr_5yr | INSUFFICIENT
CAGR | BOSCHLTD | 2019-03 | pat_cagr_10yr | INSUFFICIENT
CAGR | BOSCHLTD | 2019-03 | eps_cagr_5yr | INSUFFICIENT
CAGR | BOSCHLTD | 2019-03 | eps_cagr_10yr | INSUFFICIENT
CAGR | BOSCHLTD | 2020-03 | revenue_cagr_10yr | INSUFFICIENT
CAGR | BOSCHLTD | 2020-03 | pat_cagr_10yr | INSUFFICIENT
CAGR | BOSCHLTD | 2020-03 | eps_cagr_10yr | INSUFFICIENT
CAGR | BOSCHLTD | 2021-03 | revenue_cagr_10yr | INSUFFICIENT
CAGR | BOSCHLTD | 2021-03 | pat_cagr_10yr | INSUFFICIENT
CAGR | BOSCHLTD | 2021-03 | eps_cagr_10yr | INSUFFICIENT
CAGR | BOSCHLTD | 2024-03 | revenue_cagr_10yr | INSUFFICIENT
CAGR | BOSCHLTD | 2024-03 | pat_cagr_10yr | INSUFFICIENT
CAGR | BOSCHLTD | 2024-03 | eps_cagr_10yr | INSUFFICIENT
CAGR | BOSCHLTD | 2024-09 | revenue_cagr_3yr | INSUFFICIENT
CAGR | BOSCHLTD | 2024-09 | revenue_cagr_5yr | INSUFFICIENT
CAGR | BOSCHLTD | 2024-09 | revenue_cagr_10yr | INSUFFICIENT
CAGR | BOSCHLTD | 2024-09 | pat_cagr_3yr | INSUFFICIENT
CAGR | BOSCHLTD | 2024-09 | pat_cagr_5yr | INSUFFICIENT
CAGR | BOSCHLTD | 2024-09 | pat_cagr_10yr | INSUFFICIENT
CAGR | BOSCHLTD | 2024-09 | eps_cagr_3yr | INSUFFICIENT
CAGR | BOSCHLTD | 2024-09 | eps_cagr_5yr | INSUFFICIENT
CAGR | BOSCHLTD | 2024-09 | eps_cagr_10yr | INSUFFICIENT
CAGR | BPCL | 2013-03 | revenue_cagr_3yr | INSUFFICIENT
CAGR | BPCL | 2013-03 | revenue_cagr_5yr | INSUFFICIENT
CAGR | BPCL | 2013-03 | revenue_cagr_10yr | INSUFFICIENT
CAGR | BPCL | 2013-03 | pat_cagr_3yr | INSUFFICIENT
CAGR | BPCL | 2013-03 | pat_cagr_5yr | INSUFFICIENT
CAGR | BPCL | 2013-03 | pat_cagr_10yr | INSUFFICIENT
CAGR | BPCL | 2013-03 | eps_cagr_3yr | INSUFFICIENT
CAGR | BPCL | 2013-03 | eps_cagr_5yr | INSUFFICIENT
CAGR | BPCL | 2013-03 | eps_cagr_10yr | INSUFFICIENT
CAGR | BPCL | 2014-03 | revenue_cagr_3yr | INSUFFICIENT
CAGR | BPCL | 2014-03 | revenue_cagr_5yr | INSUFFICIENT
CAGR | BPCL | 2014-03 | revenue_cagr_10yr | INSUFFICIENT
CAGR | BPCL | 2014-03 | pat_cagr_3yr | INSUFFICIENT
CAGR | BPCL | 2014-03 | pat_cagr_5yr | INSUFFICIENT
CAGR | BPCL | 2014-03 | pat_cagr_10yr | INSUFFICIENT
CAGR | BPCL | 2014-03 | eps_cagr_3yr | INSUFFICIENT
CAGR | BPCL | 2014-03 | eps_cagr_5yr | INSUFFICIENT
CAGR | BPCL | 2014-03 | eps_cagr_10yr | INSUFFICIENT
CAGR | BPCL | 2015-03 | revenue_cagr_3yr | INSUFFICIENT
CAGR | BPCL | 2015-03 | revenue_cagr_5yr | INSUFFICIENT
CAGR | BPCL | 2015-03 | revenue_cagr_10yr | INSUFFICIENT
CAGR | BPCL | 2015-03 | pat_cagr_3yr | INSUFFICIENT
CAGR | BPCL | 2015-03 | pat_cagr_5yr | INSUFFICIENT
CAGR | BPCL | 2015-03 | pat_cagr_10yr | INSUFFICIENT
CAGR | BPCL | 2015-03 | eps_cagr_3yr | INSUFFICIENT
CAGR | BPCL | 2015-03 | eps_cagr_5yr | INSUFFICIENT
CAGR | BPCL | 2015-03 | eps_cagr_10yr | INSUFFICIENT
CAGR | BPCL | 2016-03 | revenue_cagr_5yr | INSUFFICIENT
CAGR | BPCL | 2016-03 | revenue_cagr_10yr | INSUFFICIENT
CAGR | BPCL | 2016-03 | pat_cagr_5yr | INSUFFICIENT
CAGR | BPCL | 2016-03 | pat_cagr_10yr | INSUFFICIENT
CAGR | BPCL | 2016-03 | eps_cagr_5yr | INSUFFICIENT
CAGR | BPCL | 2016-03 | eps_cagr_10yr | INSUFFICIENT
CAGR | BPCL | 2017-03 | revenue_cagr_5yr | INSUFFICIENT
CAGR | BPCL | 2017-03 | revenue_cagr_10yr | INSUFFICIENT
CAGR | BPCL | 2017-03 | pat_cagr_5yr | INSUFFICIENT
CAGR | BPCL | 2017-03 | pat_cagr_10yr | INSUFFICIENT
CAGR | BPCL | 2017-03 | eps_cagr_5yr | INSUFFICIENT
CAGR | BPCL | 2017-03 | eps_cagr_10yr | INSUFFICIENT
CAGR | BPCL | 2018-03 | revenue_cagr_10yr | INSUFFICIENT
CAGR | BPCL | 2018-03 | pat_cagr_10yr | INSUFFICIENT
CAGR | BPCL | 2018-03 | eps_cagr_10yr | INSUFFICIENT
CAGR | BPCL | 2019-03 | revenue_cagr_10yr | INSUFFICIENT
CAGR | BPCL | 2019-03 | pat_cagr_10yr | INSUFFICIENT
CAGR | BPCL | 2019-03 | eps_cagr_10yr | INSUFFICIENT
CAGR | BPCL | 2020-03 | revenue_cagr_10yr | INSUFFICIENT
CAGR | BPCL | 2020-03 | pat_cagr_10yr | INSUFFICIENT
CAGR | BPCL | 2020-03 | eps_cagr_10yr | INSUFFICIENT
CAGR | BPCL | 2021-03 | revenue_cagr_10yr | INSUFFICIENT
CAGR | BPCL | 2021-03 | pat_cagr_10yr | INSUFFICIENT
CAGR | BPCL | 2021-03 | eps_cagr_10yr | INSUFFICIENT
CAGR | BPCL | 2022-03 | revenue_cagr_10yr | INSUFFICIENT
CAGR | BPCL | 2022-03 | pat_cagr_10yr | INSUFFICIENT
CAGR | BPCL | 2022-03 | eps_cagr_10yr | INSUFFICIENT
CAGR | BPCL | 2024-09 | revenue_cagr_3yr | INSUFFICIENT
CAGR | BPCL | 2024-09 | revenue_cagr_5yr | INSUFFICIENT
CAGR | BPCL | 2024-09 | revenue_cagr_10yr | INSUFFICIENT
CAGR | BPCL | 2024-09 | pat_cagr_3yr | INSUFFICIENT
CAGR | BPCL | 2024-09 | pat_cagr_5yr | INSUFFICIENT
CAGR | BPCL | 2024-09 | pat_cagr_10yr | INSUFFICIENT
CAGR | BPCL | 2024-09 | eps_cagr_3yr | INSUFFICIENT
CAGR | BPCL | 2024-09 | eps_cagr_5yr | INSUFFICIENT
CAGR | BPCL | 2024-09 | eps_cagr_10yr | INSUFFICIENT
CAGR | BRITANNIA | 2013-03 | revenue_cagr_3yr | INSUFFICIENT
CAGR | BRITANNIA | 2013-03 | revenue_cagr_5yr | INSUFFICIENT
CAGR | BRITANNIA | 2013-03 | revenue_cagr_10yr | INSUFFICIENT
CAGR | BRITANNIA | 2013-03 | pat_cagr_3yr | INSUFFICIENT
CAGR | BRITANNIA | 2013-03 | pat_cagr_5yr | INSUFFICIENT
CAGR | BRITANNIA | 2013-03 | pat_cagr_10yr | INSUFFICIENT
CAGR | BRITANNIA | 2013-03 | eps_cagr_3yr | INSUFFICIENT
CAGR | BRITANNIA | 2013-03 | eps_cagr_5yr | INSUFFICIENT
CAGR | BRITANNIA | 2013-03 | eps_cagr_10yr | INSUFFICIENT
CAGR | BRITANNIA | 2014-03 | revenue_cagr_3yr | INSUFFICIENT
CAGR | BRITANNIA | 2014-03 | revenue_cagr_5yr | INSUFFICIENT
CAGR | BRITANNIA | 2014-03 | revenue_cagr_10yr | INSUFFICIENT
CAGR | BRITANNIA | 2014-03 | pat_cagr_3yr | INSUFFICIENT
CAGR | BRITANNIA | 2014-03 | pat_cagr_5yr | INSUFFICIENT
CAGR | BRITANNIA | 2014-03 | pat_cagr_10yr | INSUFFICIENT
CAGR | BRITANNIA | 2014-03 | eps_cagr_3yr | INSUFFICIENT
CAGR | BRITANNIA | 2014-03 | eps_cagr_5yr | INSUFFICIENT
CAGR | BRITANNIA | 2014-03 | eps_cagr_10yr | INSUFFICIENT
CAGR | BRITANNIA | 2015-03 | revenue_cagr_3yr | INSUFFICIENT
CAGR | BRITANNIA | 2015-03 | revenue_cagr_5yr | INSUFFICIENT
CAGR | BRITANNIA | 2015-03 | revenue_cagr_10yr | INSUFFICIENT
CAGR | BRITANNIA | 2015-03 | pat_cagr_3yr | INSUFFICIENT
CAGR | BRITANNIA | 2015-03 | pat_cagr_5yr | INSUFFICIENT
CAGR | BRITANNIA | 2015-03 | pat_cagr_10yr | INSUFFICIENT
CAGR | BRITANNIA | 2015-03 | eps_cagr_3yr | INSUFFICIENT
CAGR | BRITANNIA | 2015-03 | eps_cagr_5yr | INSUFFICIENT
CAGR | BRITANNIA | 2015-03 | eps_cagr_10yr | INSUFFICIENT
CAGR | BRITANNIA | 2016-03 | revenue_cagr_5yr | INSUFFICIENT
CAGR | BRITANNIA | 2016-03 | revenue_cagr_10yr | INSUFFICIENT
CAGR | BRITANNIA | 2016-03 | pat_cagr_5yr | INSUFFICIENT
CAGR | BRITANNIA | 2016-03 | pat_cagr_10yr | INSUFFICIENT
CAGR | BRITANNIA | 2016-03 | eps_cagr_5yr | INSUFFICIENT
CAGR | BRITANNIA | 2016-03 | eps_cagr_10yr | INSUFFICIENT
CAGR | BRITANNIA | 2017-03 | revenue_cagr_5yr | INSUFFICIENT
CAGR | BRITANNIA | 2017-03 | revenue_cagr_10yr | INSUFFICIENT
CAGR | BRITANNIA | 2017-03 | pat_cagr_5yr | INSUFFICIENT
CAGR | BRITANNIA | 2017-03 | pat_cagr_10yr | INSUFFICIENT
CAGR | BRITANNIA | 2017-03 | eps_cagr_5yr | INSUFFICIENT
CAGR | BRITANNIA | 2017-03 | eps_cagr_10yr | INSUFFICIENT
CAGR | BRITANNIA | 2018-03 | revenue_cagr_10yr | INSUFFICIENT
CAGR | BRITANNIA | 2018-03 | pat_cagr_10yr | INSUFFICIENT
CAGR | BRITANNIA | 2018-03 | eps_cagr_10yr | INSUFFICIENT
CAGR | BRITANNIA | 2019-03 | revenue_cagr_10yr | INSUFFICIENT
CAGR | BRITANNIA | 2019-03 | pat_cagr_10yr | INSUFFICIENT
CAGR | BRITANNIA | 2019-03 | eps_cagr_10yr | INSUFFICIENT
CAGR | BRITANNIA | 2020-03 | revenue_cagr_10yr | INSUFFICIENT
CAGR | BRITANNIA | 2020-03 | pat_cagr_10yr | INSUFFICIENT
CAGR | BRITANNIA | 2020-03 | eps_cagr_10yr | INSUFFICIENT
CAGR | BRITANNIA | 2021-03 | revenue_cagr_10yr | INSUFFICIENT
CAGR | BRITANNIA | 2021-03 | pat_cagr_10yr | INSUFFICIENT
CAGR | BRITANNIA | 2021-03 | eps_cagr_10yr | INSUFFICIENT
CAGR | BRITANNIA | 2022-03 | revenue_cagr_10yr | INSUFFICIENT
CAGR | BRITANNIA | 2022-03 | pat_cagr_10yr | INSUFFICIENT
CAGR | BRITANNIA | 2022-03 | eps_cagr_10yr | INSUFFICIENT
CAGR | BRITANNIA | 2024-09 | revenue_cagr_3yr | INSUFFICIENT
CAGR | BRITANNIA | 2024-09 | revenue_cagr_5yr | INSUFFICIENT
CAGR | BRITANNIA | 2024-09 | revenue_cagr_10yr | INSUFFICIENT
CAGR | BRITANNIA | 2024-09 | pat_cagr_3yr | INSUFFICIENT
CAGR | BRITANNIA | 2024-09 | pat_cagr_5yr | INSUFFICIENT
CAGR | BRITANNIA | 2024-09 | pat_cagr_10yr | INSUFFICIENT
CAGR | BRITANNIA | 2024-09 | eps_cagr_3yr | INSUFFICIENT
CAGR | BRITANNIA | 2024-09 | eps_cagr_5yr | INSUFFICIENT
CAGR | BRITANNIA | 2024-09 | eps_cagr_10yr | INSUFFICIENT
OPM | CANBK | 2013-03 | source=655.0 computed=21.1829 | SOURCE_MISMATCH
CAGR | CANBK | 2013-03 | revenue_cagr_3yr | INSUFFICIENT
CAGR | CANBK | 2013-03 | revenue_cagr_5yr | INSUFFICIENT
CAGR | CANBK | 2013-03 | revenue_cagr_10yr | INSUFFICIENT
CAGR | CANBK | 2013-03 | pat_cagr_3yr | INSUFFICIENT
CAGR | CANBK | 2013-03 | pat_cagr_5yr | INSUFFICIENT
CAGR | CANBK | 2013-03 | pat_cagr_10yr | INSUFFICIENT
CAGR | CANBK | 2013-03 | eps_cagr_3yr | INSUFFICIENT
CAGR | CANBK | 2013-03 | eps_cagr_5yr | INSUFFICIENT
CAGR | CANBK | 2013-03 | eps_cagr_10yr | INSUFFICIENT
OPM | CANBK | 2014-03 | source=-672.0 computed=24.3518 | SOURCE_MISMATCH
CAGR | CANBK | 2014-03 | revenue_cagr_3yr | INSUFFICIENT
CAGR | CANBK | 2014-03 | revenue_cagr_5yr | INSUFFICIENT
CAGR | CANBK | 2014-03 | revenue_cagr_10yr | INSUFFICIENT
CAGR | CANBK | 2014-03 | pat_cagr_3yr | INSUFFICIENT
CAGR | CANBK | 2014-03 | pat_cagr_5yr | INSUFFICIENT
CAGR | CANBK | 2014-03 | pat_cagr_10yr | INSUFFICIENT
CAGR | CANBK | 2014-03 | eps_cagr_3yr | INSUFFICIENT
CAGR | CANBK | 2014-03 | eps_cagr_5yr | INSUFFICIENT
CAGR | CANBK | 2014-03 | eps_cagr_10yr | INSUFFICIENT
OPM | CANBK | 2015-03 | source=-621.0 computed=23.5136 | SOURCE_MISMATCH
CAGR | CANBK | 2015-03 | revenue_cagr_3yr | INSUFFICIENT
CAGR | CANBK | 2015-03 | revenue_cagr_5yr | INSUFFICIENT
CAGR | CANBK | 2015-03 | revenue_cagr_10yr | INSUFFICIENT
CAGR | CANBK | 2015-03 | pat_cagr_3yr | INSUFFICIENT
CAGR | CANBK | 2015-03 | pat_cagr_5yr | INSUFFICIENT
CAGR | CANBK | 2015-03 | pat_cagr_10yr | INSUFFICIENT
CAGR | CANBK | 2015-03 | eps_cagr_3yr | INSUFFICIENT
CAGR | CANBK | 2015-03 | eps_cagr_5yr | INSUFFICIENT
CAGR | CANBK | 2015-03 | eps_cagr_10yr | INSUFFICIENT
OPM | CANBK | 2016-03 | source=-8008.0 computed=40.3847 | SOURCE_MISMATCH
CAGR | CANBK | 2016-03 | revenue_cagr_5yr | INSUFFICIENT
CAGR | CANBK | 2016-03 | revenue_cagr_10yr | INSUFFICIENT
CAGR | CANBK | 2016-03 | pat_cagr_3yr | DECLINE_TO_LOSS
CAGR | CANBK | 2016-03 | pat_cagr_5yr | INSUFFICIENT
CAGR | CANBK | 2016-03 | pat_cagr_10yr | INSUFFICIENT
CAGR | CANBK | 2016-03 | eps_cagr_3yr | DECLINE_TO_LOSS
CAGR | CANBK | 2016-03 | eps_cagr_5yr | INSUFFICIENT
CAGR | CANBK | 2016-03 | eps_cagr_10yr | INSUFFICIENT
OPM | CANBK | 2017-03 | source=-5775.0 computed=37.8489 | SOURCE_MISMATCH
CAGR | CANBK | 2017-03 | revenue_cagr_5yr | INSUFFICIENT
CAGR | CANBK | 2017-03 | revenue_cagr_10yr | INSUFFICIENT
CAGR | CANBK | 2017-03 | pat_cagr_5yr | INSUFFICIENT
CAGR | CANBK | 2017-03 | pat_cagr_10yr | INSUFFICIENT
CAGR | CANBK | 2017-03 | eps_cagr_5yr | INSUFFICIENT
CAGR | CANBK | 2017-03 | eps_cagr_10yr | INSUFFICIENT
OPM | CANBK | 2018-03 | source=-13350.0 computed=61.8745 | SOURCE_MISMATCH
CAGR | CANBK | 2018-03 | revenue_cagr_10yr | INSUFFICIENT
CAGR | CANBK | 2018-03 | pat_cagr_3yr | DECLINE_TO_LOSS
CAGR | CANBK | 2018-03 | pat_cagr_5yr | DECLINE_TO_LOSS
CAGR | CANBK | 2018-03 | pat_cagr_10yr | INSUFFICIENT
CAGR | CANBK | 2018-03 | eps_cagr_3yr | DECLINE_TO_LOSS
CAGR | CANBK | 2018-03 | eps_cagr_5yr | DECLINE_TO_LOSS
CAGR | CANBK | 2018-03 | eps_cagr_10yr | INSUFFICIENT
OPM | CANBK | 2019-03 | source=-11590.0 computed=56.7287 | SOURCE_MISMATCH
CAGR | CANBK | 2019-03 | revenue_cagr_10yr | INSUFFICIENT
CAGR | CANBK | 2019-03 | pat_cagr_3yr | TURNAROUND
CAGR | CANBK | 2019-03 | pat_cagr_10yr | INSUFFICIENT
CAGR | CANBK | 2019-03 | eps_cagr_3yr | TURNAROUND
CAGR | CANBK | 2019-03 | eps_cagr_10yr | INSUFFICIENT
OPM | CANBK | 2020-03 | source=-12867.0 computed=53.8777 | SOURCE_MISMATCH
CAGR | CANBK | 2020-03 | revenue_cagr_10yr | INSUFFICIENT
CAGR | CANBK | 2020-03 | pat_cagr_3yr | DECLINE_TO_LOSS
CAGR | CANBK | 2020-03 | pat_cagr_5yr | DECLINE_TO_LOSS
CAGR | CANBK | 2020-03 | pat_cagr_10yr | INSUFFICIENT
CAGR | CANBK | 2020-03 | eps_cagr_3yr | DECLINE_TO_LOSS
CAGR | CANBK | 2020-03 | eps_cagr_5yr | DECLINE_TO_LOSS
CAGR | CANBK | 2020-03 | eps_cagr_10yr | INSUFFICIENT
OPM | CANBK | 2021-03 | source=-18367.0 computed=61.8294 | SOURCE_MISMATCH
CAGR | CANBK | 2021-03 | revenue_cagr_10yr | INSUFFICIENT
CAGR | CANBK | 2021-03 | pat_cagr_3yr | TURNAROUND
CAGR | CANBK | 2021-03 | pat_cagr_5yr | TURNAROUND
CAGR | CANBK | 2021-03 | pat_cagr_10yr | INSUFFICIENT
CAGR | CANBK | 2021-03 | eps_cagr_3yr | TURNAROUND
CAGR | CANBK | 2021-03 | eps_cagr_5yr | TURNAROUND
CAGR | CANBK | 2021-03 | eps_cagr_10yr | INSUFFICIENT
OPM | CANBK | 2022-03 | source=-13657.0 computed=58.3949 | SOURCE_MISMATCH
CAGR | CANBK | 2022-03 | revenue_cagr_10yr | INSUFFICIENT
CAGR | CANBK | 2022-03 | pat_cagr_10yr | INSUFFICIENT
CAGR | CANBK | 2022-03 | eps_cagr_10yr | INSUFFICIENT
OPM | CANBK | 2023-03 | source=-9877.0 computed=49.8015 | SOURCE_MISMATCH
CAGR | CANBK | 2023-03 | pat_cagr_3yr | TURNAROUND
CAGR | CANBK | 2023-03 | pat_cagr_5yr | TURNAROUND
CAGR | CANBK | 2023-03 | eps_cagr_3yr | TURNAROUND
CAGR | CANBK | 2023-03 | eps_cagr_5yr | TURNAROUND
OPM | CANBK | 2024-03 | source=-7745.0 computed=41.7539 | SOURCE_MISMATCH
OPM | CHOLAFIN | 2013-03 | source=472.0 computed=26.7704 | SOURCE_MISMATCH
CAGR | CHOLAFIN | 2013-03 | revenue_cagr_3yr | INSUFFICIENT
CAGR | CHOLAFIN | 2013-03 | revenue_cagr_5yr | INSUFFICIENT
CAGR | CHOLAFIN | 2013-03 | revenue_cagr_10yr | INSUFFICIENT
CAGR | CHOLAFIN | 2013-03 | pat_cagr_3yr | INSUFFICIENT
CAGR | CHOLAFIN | 2013-03 | pat_cagr_5yr | INSUFFICIENT
CAGR | CHOLAFIN | 2013-03 | pat_cagr_10yr | INSUFFICIENT
CAGR | CHOLAFIN | 2013-03 | eps_cagr_3yr | INSUFFICIENT
CAGR | CHOLAFIN | 2013-03 | eps_cagr_5yr | INSUFFICIENT
CAGR | CHOLAFIN | 2013-03 | eps_cagr_10yr | INSUFFICIENT
OPM | CHOLAFIN | 2014-03 | source=578.0 computed=28.4233 | SOURCE_MISMATCH
CAGR | CHOLAFIN | 2014-03 | revenue_cagr_3yr | INSUFFICIENT
CAGR | CHOLAFIN | 2014-03 | revenue_cagr_5yr | INSUFFICIENT
CAGR | CHOLAFIN | 2014-03 | revenue_cagr_10yr | INSUFFICIENT
CAGR | CHOLAFIN | 2014-03 | pat_cagr_3yr | INSUFFICIENT
CAGR | CHOLAFIN | 2014-03 | pat_cagr_5yr | INSUFFICIENT
CAGR | CHOLAFIN | 2014-03 | pat_cagr_10yr | INSUFFICIENT
CAGR | CHOLAFIN | 2014-03 | eps_cagr_3yr | INSUFFICIENT
CAGR | CHOLAFIN | 2014-03 | eps_cagr_5yr | INSUFFICIENT
CAGR | CHOLAFIN | 2014-03 | eps_cagr_10yr | INSUFFICIENT
OPM | CHOLAFIN | 2015-03 | source=696.0 computed=28.5599 | SOURCE_MISMATCH
CAGR | CHOLAFIN | 2015-03 | revenue_cagr_3yr | INSUFFICIENT
CAGR | CHOLAFIN | 2015-03 | revenue_cagr_5yr | INSUFFICIENT
CAGR | CHOLAFIN | 2015-03 | revenue_cagr_10yr | INSUFFICIENT
CAGR | CHOLAFIN | 2015-03 | pat_cagr_3yr | INSUFFICIENT
CAGR | CHOLAFIN | 2015-03 | pat_cagr_5yr | INSUFFICIENT
CAGR | CHOLAFIN | 2015-03 | pat_cagr_10yr | INSUFFICIENT
CAGR | CHOLAFIN | 2015-03 | eps_cagr_3yr | INSUFFICIENT
CAGR | CHOLAFIN | 2015-03 | eps_cagr_5yr | INSUFFICIENT
CAGR | CHOLAFIN | 2015-03 | eps_cagr_10yr | INSUFFICIENT
OPM | CHOLAFIN | 2016-03 | source=899.0 computed=30.0427 | SOURCE_MISMATCH
CAGR | CHOLAFIN | 2016-03 | revenue_cagr_5yr | INSUFFICIENT
CAGR | CHOLAFIN | 2016-03 | revenue_cagr_10yr | INSUFFICIENT
CAGR | CHOLAFIN | 2016-03 | pat_cagr_5yr | INSUFFICIENT
CAGR | CHOLAFIN | 2016-03 | pat_cagr_10yr | INSUFFICIENT
CAGR | CHOLAFIN | 2016-03 | eps_cagr_5yr | INSUFFICIENT
CAGR | CHOLAFIN | 2016-03 | eps_cagr_10yr | INSUFFICIENT
OPM | CHOLAFIN | 2017-03 | source=1143.0 computed=28.1636 | SOURCE_MISMATCH
CAGR | CHOLAFIN | 2017-03 | revenue_cagr_5yr | INSUFFICIENT
CAGR | CHOLAFIN | 2017-03 | revenue_cagr_10yr | INSUFFICIENT
CAGR | CHOLAFIN | 2017-03 | pat_cagr_5yr | INSUFFICIENT
CAGR | CHOLAFIN | 2017-03 | pat_cagr_10yr | INSUFFICIENT
CAGR | CHOLAFIN | 2017-03 | eps_cagr_5yr | INSUFFICIENT
CAGR | CHOLAFIN | 2017-03 | eps_cagr_10yr | INSUFFICIENT
OPM | CHOLAFIN | 2018-03 | source=1451.0 computed=26.1018 | SOURCE_MISMATCH
CAGR | CHOLAFIN | 2018-03 | revenue_cagr_10yr | INSUFFICIENT
CAGR | CHOLAFIN | 2018-03 | pat_cagr_10yr | INSUFFICIENT
CAGR | CHOLAFIN | 2018-03 | eps_cagr_10yr | INSUFFICIENT
OPM | CHOLAFIN | 2019-03 | source=1888.0 computed=22.9600 | SOURCE_MISMATCH
CAGR | CHOLAFIN | 2019-03 | revenue_cagr_10yr | INSUFFICIENT
CAGR | CHOLAFIN | 2019-03 | pat_cagr_10yr | INSUFFICIENT
CAGR | CHOLAFIN | 2019-03 | eps_cagr_10yr | INSUFFICIENT
OPM | CHOLAFIN | 2020-03 | source=1699.0 computed=27.7893 | SOURCE_MISMATCH
CAGR | CHOLAFIN | 2020-03 | revenue_cagr_10yr | INSUFFICIENT
CAGR | CHOLAFIN | 2020-03 | pat_cagr_10yr | INSUFFICIENT
CAGR | CHOLAFIN | 2020-03 | eps_cagr_10yr | INSUFFICIENT
OPM | CHOLAFIN | 2021-03 | source=2094.0 computed=30.3976 | SOURCE_MISMATCH
CAGR | CHOLAFIN | 2021-03 | revenue_cagr_10yr | INSUFFICIENT
CAGR | CHOLAFIN | 2021-03 | pat_cagr_10yr | INSUFFICIENT
CAGR | CHOLAFIN | 2021-03 | eps_cagr_10yr | INSUFFICIENT
OPM | CHOLAFIN | 2022-03 | source=2924.0 computed=28.8333 | SOURCE_MISMATCH
CAGR | CHOLAFIN | 2022-03 | revenue_cagr_10yr | INSUFFICIENT
CAGR | CHOLAFIN | 2022-03 | pat_cagr_10yr | INSUFFICIENT
CAGR | CHOLAFIN | 2022-03 | eps_cagr_10yr | INSUFFICIENT
OPM | CHOLAFIN | 2023-03 | source=3515.0 computed=28.1046 | SOURCE_MISMATCH
OPM | CHOLAFIN | 2024-03 | source=4548.0 computed=28.1010 | SOURCE_MISMATCH
CAGR | CHOLAFIN | 2024-09 | revenue_cagr_3yr | INSUFFICIENT
CAGR | CHOLAFIN | 2024-09 | revenue_cagr_5yr | INSUFFICIENT
CAGR | CHOLAFIN | 2024-09 | revenue_cagr_10yr | INSUFFICIENT
CAGR | CHOLAFIN | 2024-09 | pat_cagr_3yr | INSUFFICIENT
CAGR | CHOLAFIN | 2024-09 | pat_cagr_5yr | INSUFFICIENT
CAGR | CHOLAFIN | 2024-09 | pat_cagr_10yr | INSUFFICIENT
CAGR | CHOLAFIN | 2024-09 | eps_cagr_3yr | INSUFFICIENT
CAGR | CHOLAFIN | 2024-09 | eps_cagr_5yr | INSUFFICIENT
CAGR | CHOLAFIN | 2024-09 | eps_cagr_10yr | INSUFFICIENT
OPM | CIPLA | 2013-03 | source=2214.0 computed=73.2576 | SOURCE_MISMATCH
CAGR | CIPLA | 2013-03 | revenue_cagr_3yr | INSUFFICIENT
CAGR | CIPLA | 2013-03 | revenue_cagr_5yr | INSUFFICIENT
CAGR | CIPLA | 2013-03 | revenue_cagr_10yr | INSUFFICIENT
CAGR | CIPLA | 2013-03 | pat_cagr_3yr | INSUFFICIENT
CAGR | CIPLA | 2013-03 | pat_cagr_5yr | INSUFFICIENT
CAGR | CIPLA | 2013-03 | pat_cagr_10yr | INSUFFICIENT
CAGR | CIPLA | 2013-03 | eps_cagr_3yr | INSUFFICIENT
CAGR | CIPLA | 2013-03 | eps_cagr_5yr | INSUFFICIENT
CAGR | CIPLA | 2013-03 | eps_cagr_10yr | INSUFFICIENT
OPM | CIPLA | 2014-03 | source=2147.0 computed=78.8951 | SOURCE_MISMATCH
CAGR | CIPLA | 2014-03 | revenue_cagr_3yr | INSUFFICIENT
CAGR | CIPLA | 2014-03 | revenue_cagr_5yr | INSUFFICIENT
CAGR | CIPLA | 2014-03 | revenue_cagr_10yr | INSUFFICIENT
CAGR | CIPLA | 2014-03 | pat_cagr_3yr | INSUFFICIENT
CAGR | CIPLA | 2014-03 | pat_cagr_5yr | INSUFFICIENT
CAGR | CIPLA | 2014-03 | pat_cagr_10yr | INSUFFICIENT
CAGR | CIPLA | 2014-03 | eps_cagr_3yr | INSUFFICIENT
CAGR | CIPLA | 2014-03 | eps_cagr_5yr | INSUFFICIENT
CAGR | CIPLA | 2014-03 | eps_cagr_10yr | INSUFFICIENT
OPM | CIPLA | 2015-03 | source=2163.0 computed=80.9431 | SOURCE_MISMATCH
CAGR | CIPLA | 2015-03 | revenue_cagr_3yr | INSUFFICIENT
CAGR | CIPLA | 2015-03 | revenue_cagr_5yr | INSUFFICIENT
CAGR | CIPLA | 2015-03 | revenue_cagr_10yr | INSUFFICIENT
CAGR | CIPLA | 2015-03 | pat_cagr_3yr | INSUFFICIENT
CAGR | CIPLA | 2015-03 | pat_cagr_5yr | INSUFFICIENT
CAGR | CIPLA | 2015-03 | pat_cagr_10yr | INSUFFICIENT
CAGR | CIPLA | 2015-03 | eps_cagr_3yr | INSUFFICIENT
CAGR | CIPLA | 2015-03 | eps_cagr_5yr | INSUFFICIENT
CAGR | CIPLA | 2015-03 | eps_cagr_10yr | INSUFFICIENT
OPM | CIPLA | 2016-03 | source=2480.0 computed=82.0160 | SOURCE_MISMATCH
CAGR | CIPLA | 2016-03 | revenue_cagr_5yr | INSUFFICIENT
CAGR | CIPLA | 2016-03 | revenue_cagr_10yr | INSUFFICIENT
CAGR | CIPLA | 2016-03 | pat_cagr_5yr | INSUFFICIENT
CAGR | CIPLA | 2016-03 | pat_cagr_10yr | INSUFFICIENT
CAGR | CIPLA | 2016-03 | eps_cagr_5yr | INSUFFICIENT
CAGR | CIPLA | 2016-03 | eps_cagr_10yr | INSUFFICIENT
OPM | CIPLA | 2017-03 | source=2496.0 computed=82.6594 | SOURCE_MISMATCH
CAGR | CIPLA | 2017-03 | revenue_cagr_5yr | INSUFFICIENT
CAGR | CIPLA | 2017-03 | revenue_cagr_10yr | INSUFFICIENT
CAGR | CIPLA | 2017-03 | pat_cagr_5yr | INSUFFICIENT
CAGR | CIPLA | 2017-03 | pat_cagr_10yr | INSUFFICIENT
CAGR | CIPLA | 2017-03 | eps_cagr_5yr | INSUFFICIENT
CAGR | CIPLA | 2017-03 | eps_cagr_10yr | INSUFFICIENT
OPM | CIPLA | 2018-03 | source=2826.0 computed=81.3473 | SOURCE_MISMATCH
CAGR | CIPLA | 2018-03 | revenue_cagr_10yr | INSUFFICIENT
CAGR | CIPLA | 2018-03 | pat_cagr_10yr | INSUFFICIENT
CAGR | CIPLA | 2018-03 | eps_cagr_10yr | INSUFFICIENT
OPM | CIPLA | 2019-03 | source=3097.0 computed=81.0720 | SOURCE_MISMATCH
CAGR | CIPLA | 2019-03 | revenue_cagr_10yr | INSUFFICIENT
CAGR | CIPLA | 2019-03 | pat_cagr_10yr | INSUFFICIENT
CAGR | CIPLA | 2019-03 | eps_cagr_10yr | INSUFFICIENT
OPM | CIPLA | 2020-03 | source=3206.0 computed=81.2865 | SOURCE_MISMATCH
CAGR | CIPLA | 2020-03 | revenue_cagr_10yr | INSUFFICIENT
CAGR | CIPLA | 2020-03 | pat_cagr_10yr | INSUFFICIENT
CAGR | CIPLA | 2020-03 | eps_cagr_10yr | INSUFFICIENT
OPM | CIPLA | 2021-03 | source=4252.0 computed=77.8027 | SOURCE_MISMATCH
CAGR | CIPLA | 2021-03 | revenue_cagr_10yr | INSUFFICIENT
CAGR | CIPLA | 2021-03 | pat_cagr_10yr | INSUFFICIENT
CAGR | CIPLA | 2021-03 | eps_cagr_10yr | INSUFFICIENT
OPM | CIPLA | 2022-03 | source=4553.0 computed=79.0838 | SOURCE_MISMATCH
CAGR | CIPLA | 2022-03 | revenue_cagr_10yr | INSUFFICIENT
CAGR | CIPLA | 2022-03 | pat_cagr_10yr | INSUFFICIENT
CAGR | CIPLA | 2022-03 | eps_cagr_10yr | INSUFFICIENT
OPM | CIPLA | 2023-03 | source=5027.0 computed=77.9062 | SOURCE_MISMATCH
OPM | CIPLA | 2024-03 | source=6291.0 computed=75.5917 | SOURCE_MISMATCH
CAGR | CIPLA | 2024-09 | revenue_cagr_3yr | INSUFFICIENT
CAGR | CIPLA | 2024-09 | revenue_cagr_5yr | INSUFFICIENT
CAGR | CIPLA | 2024-09 | revenue_cagr_10yr | INSUFFICIENT
CAGR | CIPLA | 2024-09 | pat_cagr_3yr | INSUFFICIENT
CAGR | CIPLA | 2024-09 | pat_cagr_5yr | INSUFFICIENT
CAGR | CIPLA | 2024-09 | pat_cagr_10yr | INSUFFICIENT
CAGR | CIPLA | 2024-09 | eps_cagr_3yr | INSUFFICIENT
CAGR | CIPLA | 2024-09 | eps_cagr_5yr | INSUFFICIENT
CAGR | CIPLA | 2024-09 | eps_cagr_10yr | INSUFFICIENT
OPM | COALINDIA | 2013-03 | source=18087.0 computed=73.5195 | SOURCE_MISMATCH
CAGR | COALINDIA | 2013-03 | revenue_cagr_3yr | INSUFFICIENT
CAGR | COALINDIA | 2013-03 | revenue_cagr_5yr | INSUFFICIENT
CAGR | COALINDIA | 2013-03 | revenue_cagr_10yr | INSUFFICIENT
CAGR | COALINDIA | 2013-03 | pat_cagr_3yr | INSUFFICIENT
CAGR | COALINDIA | 2013-03 | pat_cagr_5yr | INSUFFICIENT
CAGR | COALINDIA | 2013-03 | pat_cagr_10yr | INSUFFICIENT
CAGR | COALINDIA | 2013-03 | eps_cagr_3yr | INSUFFICIENT
CAGR | COALINDIA | 2013-03 | eps_cagr_5yr | INSUFFICIENT
CAGR | COALINDIA | 2013-03 | eps_cagr_10yr | INSUFFICIENT
OPM | COALINDIA | 2014-03 | source=17766.0 computed=74.8385 | SOURCE_MISMATCH
CAGR | COALINDIA | 2014-03 | revenue_cagr_3yr | INSUFFICIENT
CAGR | COALINDIA | 2014-03 | revenue_cagr_5yr | INSUFFICIENT
CAGR | COALINDIA | 2014-03 | revenue_cagr_10yr | INSUFFICIENT
CAGR | COALINDIA | 2014-03 | pat_cagr_3yr | INSUFFICIENT
CAGR | COALINDIA | 2014-03 | pat_cagr_5yr | INSUFFICIENT
CAGR | COALINDIA | 2014-03 | pat_cagr_10yr | INSUFFICIENT
CAGR | COALINDIA | 2014-03 | eps_cagr_3yr | INSUFFICIENT
CAGR | COALINDIA | 2014-03 | eps_cagr_5yr | INSUFFICIENT
CAGR | COALINDIA | 2014-03 | eps_cagr_10yr | INSUFFICIENT
OPM | COALINDIA | 2015-03 | source=17343.0 computed=76.6015 | SOURCE_MISMATCH
CAGR | COALINDIA | 2015-03 | revenue_cagr_3yr | INSUFFICIENT
CAGR | COALINDIA | 2015-03 | revenue_cagr_5yr | INSUFFICIENT
CAGR | COALINDIA | 2015-03 | revenue_cagr_10yr | INSUFFICIENT
CAGR | COALINDIA | 2015-03 | pat_cagr_3yr | INSUFFICIENT
CAGR | COALINDIA | 2015-03 | pat_cagr_5yr | INSUFFICIENT
CAGR | COALINDIA | 2015-03 | pat_cagr_10yr | INSUFFICIENT
CAGR | COALINDIA | 2015-03 | eps_cagr_3yr | INSUFFICIENT
CAGR | COALINDIA | 2015-03 | eps_cagr_5yr | INSUFFICIENT
CAGR | COALINDIA | 2015-03 | eps_cagr_10yr | INSUFFICIENT
OPM | COALINDIA | 2016-03 | source=18714.0 computed=75.9649 | SOURCE_MISMATCH
CAGR | COALINDIA | 2016-03 | revenue_cagr_5yr | INSUFFICIENT
CAGR | COALINDIA | 2016-03 | revenue_cagr_10yr | INSUFFICIENT
CAGR | COALINDIA | 2016-03 | pat_cagr_5yr | INSUFFICIENT
CAGR | COALINDIA | 2016-03 | pat_cagr_10yr | INSUFFICIENT
CAGR | COALINDIA | 2016-03 | eps_cagr_5yr | INSUFFICIENT
CAGR | COALINDIA | 2016-03 | eps_cagr_10yr | INSUFFICIENT
OPM | COALINDIA | 2017-03 | source=12448.0 computed=84.0745 | SOURCE_MISMATCH
CAGR | COALINDIA | 2017-03 | revenue_cagr_5yr | INSUFFICIENT
CAGR | COALINDIA | 2017-03 | revenue_cagr_10yr | INSUFFICIENT
CAGR | COALINDIA | 2017-03 | pat_cagr_5yr | INSUFFICIENT
CAGR | COALINDIA | 2017-03 | pat_cagr_10yr | INSUFFICIENT
CAGR | COALINDIA | 2017-03 | eps_cagr_5yr | INSUFFICIENT
CAGR | COALINDIA | 2017-03 | eps_cagr_10yr | INSUFFICIENT
OPM | COALINDIA | 2018-03 | source=9288.0 computed=89.1042 | SOURCE_MISMATCH
CAGR | COALINDIA | 2018-03 | revenue_cagr_10yr | INSUFFICIENT
CAGR | COALINDIA | 2018-03 | pat_cagr_10yr | INSUFFICIENT
CAGR | COALINDIA | 2018-03 | eps_cagr_10yr | INSUFFICIENT
OPM | COALINDIA | 2019-03 | source=25007.0 computed=74.8890 | SOURCE_MISMATCH
CAGR | COALINDIA | 2019-03 | revenue_cagr_10yr | INSUFFICIENT
CAGR | COALINDIA | 2019-03 | pat_cagr_10yr | INSUFFICIENT
CAGR | COALINDIA | 2019-03 | eps_cagr_10yr | INSUFFICIENT
OPM | COALINDIA | 2020-03 | source=21581.0 computed=77.5396 | SOURCE_MISMATCH
CAGR | COALINDIA | 2020-03 | revenue_cagr_10yr | INSUFFICIENT
CAGR | COALINDIA | 2020-03 | pat_cagr_10yr | INSUFFICIENT
CAGR | COALINDIA | 2020-03 | eps_cagr_10yr | INSUFFICIENT
OPM | COALINDIA | 2021-03 | source=18628.0 computed=79.3082 | SOURCE_MISMATCH
CAGR | COALINDIA | 2021-03 | revenue_cagr_10yr | INSUFFICIENT
CAGR | COALINDIA | 2021-03 | pat_cagr_10yr | INSUFFICIENT
CAGR | COALINDIA | 2021-03 | eps_cagr_10yr | INSUFFICIENT
OPM | COALINDIA | 2022-03 | source=24721.0 computed=77.4689 | SOURCE_MISMATCH
CAGR | COALINDIA | 2022-03 | revenue_cagr_10yr | INSUFFICIENT
CAGR | COALINDIA | 2022-03 | pat_cagr_10yr | INSUFFICIENT
CAGR | COALINDIA | 2022-03 | eps_cagr_10yr | INSUFFICIENT
OPM | COALINDIA | 2023-03 | source=44232.0 computed=68.0062 | SOURCE_MISMATCH
OPM | COALINDIA | 2024-03 | source=47971.0 computed=66.2938 | SOURCE_MISMATCH
CAGR | COALINDIA | 2024-09 | revenue_cagr_3yr | INSUFFICIENT
CAGR | COALINDIA | 2024-09 | revenue_cagr_5yr | INSUFFICIENT
CAGR | COALINDIA | 2024-09 | revenue_cagr_10yr | INSUFFICIENT
CAGR | COALINDIA | 2024-09 | pat_cagr_3yr | INSUFFICIENT
CAGR | COALINDIA | 2024-09 | pat_cagr_5yr | INSUFFICIENT
CAGR | COALINDIA | 2024-09 | pat_cagr_10yr | INSUFFICIENT
CAGR | COALINDIA | 2024-09 | eps_cagr_3yr | INSUFFICIENT
CAGR | COALINDIA | 2024-09 | eps_cagr_5yr | INSUFFICIENT
CAGR | COALINDIA | 2024-09 | eps_cagr_10yr | INSUFFICIENT
CAGR | DABUR | 2013-03 | revenue_cagr_3yr | INSUFFICIENT
CAGR | DABUR | 2013-03 | revenue_cagr_5yr | INSUFFICIENT
CAGR | DABUR | 2013-03 | revenue_cagr_10yr | INSUFFICIENT
CAGR | DABUR | 2013-03 | pat_cagr_3yr | INSUFFICIENT
CAGR | DABUR | 2013-03 | pat_cagr_5yr | INSUFFICIENT
CAGR | DABUR | 2013-03 | pat_cagr_10yr | INSUFFICIENT
CAGR | DABUR | 2013-03 | eps_cagr_3yr | INSUFFICIENT
CAGR | DABUR | 2013-03 | eps_cagr_5yr | INSUFFICIENT
CAGR | DABUR | 2013-03 | eps_cagr_10yr | INSUFFICIENT
CAGR | DABUR | 2014-03 | revenue_cagr_3yr | INSUFFICIENT
CAGR | DABUR | 2014-03 | revenue_cagr_5yr | INSUFFICIENT
CAGR | DABUR | 2014-03 | revenue_cagr_10yr | INSUFFICIENT
CAGR | DABUR | 2014-03 | pat_cagr_3yr | INSUFFICIENT
CAGR | DABUR | 2014-03 | pat_cagr_5yr | INSUFFICIENT
CAGR | DABUR | 2014-03 | pat_cagr_10yr | INSUFFICIENT
CAGR | DABUR | 2014-03 | eps_cagr_3yr | INSUFFICIENT
CAGR | DABUR | 2014-03 | eps_cagr_5yr | INSUFFICIENT
CAGR | DABUR | 2014-03 | eps_cagr_10yr | INSUFFICIENT
CAGR | DABUR | 2015-03 | revenue_cagr_3yr | INSUFFICIENT
CAGR | DABUR | 2015-03 | revenue_cagr_5yr | INSUFFICIENT
CAGR | DABUR | 2015-03 | revenue_cagr_10yr | INSUFFICIENT
CAGR | DABUR | 2015-03 | pat_cagr_3yr | INSUFFICIENT
CAGR | DABUR | 2015-03 | pat_cagr_5yr | INSUFFICIENT
CAGR | DABUR | 2015-03 | pat_cagr_10yr | INSUFFICIENT
CAGR | DABUR | 2015-03 | eps_cagr_3yr | INSUFFICIENT
CAGR | DABUR | 2015-03 | eps_cagr_5yr | INSUFFICIENT
CAGR | DABUR | 2015-03 | eps_cagr_10yr | INSUFFICIENT
CAGR | DABUR | 2016-03 | revenue_cagr_5yr | INSUFFICIENT
CAGR | DABUR | 2016-03 | revenue_cagr_10yr | INSUFFICIENT
CAGR | DABUR | 2016-03 | pat_cagr_5yr | INSUFFICIENT
CAGR | DABUR | 2016-03 | pat_cagr_10yr | INSUFFICIENT
CAGR | DABUR | 2016-03 | eps_cagr_5yr | INSUFFICIENT
CAGR | DABUR | 2016-03 | eps_cagr_10yr | INSUFFICIENT
CAGR | DABUR | 2017-03 | revenue_cagr_5yr | INSUFFICIENT
CAGR | DABUR | 2017-03 | revenue_cagr_10yr | INSUFFICIENT
CAGR | DABUR | 2017-03 | pat_cagr_5yr | INSUFFICIENT
CAGR | DABUR | 2017-03 | pat_cagr_10yr | INSUFFICIENT
CAGR | DABUR | 2017-03 | eps_cagr_5yr | INSUFFICIENT
CAGR | DABUR | 2017-03 | eps_cagr_10yr | INSUFFICIENT
CAGR | DABUR | 2018-03 | revenue_cagr_10yr | INSUFFICIENT
CAGR | DABUR | 2018-03 | pat_cagr_10yr | INSUFFICIENT
CAGR | DABUR | 2018-03 | eps_cagr_10yr | INSUFFICIENT
CAGR | DABUR | 2019-03 | revenue_cagr_10yr | INSUFFICIENT
CAGR | DABUR | 2019-03 | pat_cagr_10yr | INSUFFICIENT
CAGR | DABUR | 2019-03 | eps_cagr_10yr | INSUFFICIENT
CAGR | DABUR | 2020-03 | revenue_cagr_10yr | INSUFFICIENT
CAGR | DABUR | 2020-03 | pat_cagr_10yr | INSUFFICIENT
CAGR | DABUR | 2020-03 | eps_cagr_10yr | INSUFFICIENT
CAGR | DABUR | 2021-03 | revenue_cagr_10yr | INSUFFICIENT
CAGR | DABUR | 2021-03 | pat_cagr_10yr | INSUFFICIENT
CAGR | DABUR | 2021-03 | eps_cagr_10yr | INSUFFICIENT
CAGR | DABUR | 2022-03 | revenue_cagr_10yr | INSUFFICIENT
CAGR | DABUR | 2022-03 | pat_cagr_10yr | INSUFFICIENT
CAGR | DABUR | 2022-03 | eps_cagr_10yr | INSUFFICIENT
CAGR | DABUR | 2024-09 | revenue_cagr_3yr | INSUFFICIENT
CAGR | DABUR | 2024-09 | revenue_cagr_5yr | INSUFFICIENT
CAGR | DABUR | 2024-09 | revenue_cagr_10yr | INSUFFICIENT
CAGR | DABUR | 2024-09 | pat_cagr_3yr | INSUFFICIENT
CAGR | DABUR | 2024-09 | pat_cagr_5yr | INSUFFICIENT
CAGR | DABUR | 2024-09 | pat_cagr_10yr | INSUFFICIENT
CAGR | DABUR | 2024-09 | eps_cagr_3yr | INSUFFICIENT
CAGR | DABUR | 2024-09 | eps_cagr_5yr | INSUFFICIENT
CAGR | DABUR | 2024-09 | eps_cagr_10yr | INSUFFICIENT
CAGR | DIVISLAB | 2013-03 | revenue_cagr_3yr | INSUFFICIENT
CAGR | DIVISLAB | 2013-03 | revenue_cagr_5yr | INSUFFICIENT
CAGR | DIVISLAB | 2013-03 | revenue_cagr_10yr | INSUFFICIENT
CAGR | DIVISLAB | 2013-03 | pat_cagr_3yr | INSUFFICIENT
CAGR | DIVISLAB | 2013-03 | pat_cagr_5yr | INSUFFICIENT
CAGR | DIVISLAB | 2013-03 | pat_cagr_10yr | INSUFFICIENT
CAGR | DIVISLAB | 2013-03 | eps_cagr_3yr | INSUFFICIENT
CAGR | DIVISLAB | 2013-03 | eps_cagr_5yr | INSUFFICIENT
CAGR | DIVISLAB | 2013-03 | eps_cagr_10yr | INSUFFICIENT
CAGR | DIVISLAB | 2014-03 | revenue_cagr_3yr | INSUFFICIENT
CAGR | DIVISLAB | 2014-03 | revenue_cagr_5yr | INSUFFICIENT
CAGR | DIVISLAB | 2014-03 | revenue_cagr_10yr | INSUFFICIENT
CAGR | DIVISLAB | 2014-03 | pat_cagr_3yr | INSUFFICIENT
CAGR | DIVISLAB | 2014-03 | pat_cagr_5yr | INSUFFICIENT
CAGR | DIVISLAB | 2014-03 | pat_cagr_10yr | INSUFFICIENT
CAGR | DIVISLAB | 2014-03 | eps_cagr_3yr | INSUFFICIENT
CAGR | DIVISLAB | 2014-03 | eps_cagr_5yr | INSUFFICIENT
CAGR | DIVISLAB | 2014-03 | eps_cagr_10yr | INSUFFICIENT
CAGR | DIVISLAB | 2015-03 | revenue_cagr_3yr | INSUFFICIENT
CAGR | DIVISLAB | 2015-03 | revenue_cagr_5yr | INSUFFICIENT
CAGR | DIVISLAB | 2015-03 | revenue_cagr_10yr | INSUFFICIENT
CAGR | DIVISLAB | 2015-03 | pat_cagr_3yr | INSUFFICIENT
CAGR | DIVISLAB | 2015-03 | pat_cagr_5yr | INSUFFICIENT
CAGR | DIVISLAB | 2015-03 | pat_cagr_10yr | INSUFFICIENT
CAGR | DIVISLAB | 2015-03 | eps_cagr_3yr | INSUFFICIENT
CAGR | DIVISLAB | 2015-03 | eps_cagr_5yr | INSUFFICIENT
CAGR | DIVISLAB | 2015-03 | eps_cagr_10yr | INSUFFICIENT
CAGR | DIVISLAB | 2016-03 | revenue_cagr_5yr | INSUFFICIENT
CAGR | DIVISLAB | 2016-03 | revenue_cagr_10yr | INSUFFICIENT
CAGR | DIVISLAB | 2016-03 | pat_cagr_5yr | INSUFFICIENT
CAGR | DIVISLAB | 2016-03 | pat_cagr_10yr | INSUFFICIENT
CAGR | DIVISLAB | 2016-03 | eps_cagr_5yr | INSUFFICIENT
CAGR | DIVISLAB | 2016-03 | eps_cagr_10yr | INSUFFICIENT
CAGR | DIVISLAB | 2017-03 | revenue_cagr_5yr | INSUFFICIENT
CAGR | DIVISLAB | 2017-03 | revenue_cagr_10yr | INSUFFICIENT
CAGR | DIVISLAB | 2017-03 | pat_cagr_5yr | INSUFFICIENT
CAGR | DIVISLAB | 2017-03 | pat_cagr_10yr | INSUFFICIENT
CAGR | DIVISLAB | 2017-03 | eps_cagr_5yr | INSUFFICIENT
CAGR | DIVISLAB | 2017-03 | eps_cagr_10yr | INSUFFICIENT
CAGR | DIVISLAB | 2018-03 | revenue_cagr_10yr | INSUFFICIENT
CAGR | DIVISLAB | 2018-03 | pat_cagr_10yr | INSUFFICIENT
CAGR | DIVISLAB | 2018-03 | eps_cagr_10yr | INSUFFICIENT
CAGR | DIVISLAB | 2019-03 | revenue_cagr_10yr | INSUFFICIENT
CAGR | DIVISLAB | 2019-03 | pat_cagr_10yr | INSUFFICIENT
CAGR | DIVISLAB | 2019-03 | eps_cagr_10yr | INSUFFICIENT
CAGR | DIVISLAB | 2020-03 | revenue_cagr_10yr | INSUFFICIENT
CAGR | DIVISLAB | 2020-03 | pat_cagr_10yr | INSUFFICIENT
CAGR | DIVISLAB | 2020-03 | eps_cagr_10yr | INSUFFICIENT
CAGR | DIVISLAB | 2021-03 | revenue_cagr_10yr | INSUFFICIENT
CAGR | DIVISLAB | 2021-03 | pat_cagr_10yr | INSUFFICIENT
CAGR | DIVISLAB | 2021-03 | eps_cagr_10yr | INSUFFICIENT
CAGR | DIVISLAB | 2022-03 | revenue_cagr_10yr | INSUFFICIENT
CAGR | DIVISLAB | 2022-03 | pat_cagr_10yr | INSUFFICIENT
CAGR | DIVISLAB | 2022-03 | eps_cagr_10yr | INSUFFICIENT
CAGR | DIVISLAB | 2024-09 | revenue_cagr_3yr | INSUFFICIENT
CAGR | DIVISLAB | 2024-09 | revenue_cagr_5yr | INSUFFICIENT
CAGR | DIVISLAB | 2024-09 | revenue_cagr_10yr | INSUFFICIENT
CAGR | DIVISLAB | 2024-09 | pat_cagr_3yr | INSUFFICIENT
CAGR | DIVISLAB | 2024-09 | pat_cagr_5yr | INSUFFICIENT
CAGR | DIVISLAB | 2024-09 | pat_cagr_10yr | INSUFFICIENT
CAGR | DIVISLAB | 2024-09 | eps_cagr_3yr | INSUFFICIENT
CAGR | DIVISLAB | 2024-09 | eps_cagr_5yr | INSUFFICIENT
CAGR | DIVISLAB | 2024-09 | eps_cagr_10yr | INSUFFICIENT
CAGR | DLF | 2013-03 | revenue_cagr_3yr | INSUFFICIENT
CAGR | DLF | 2013-03 | revenue_cagr_5yr | INSUFFICIENT
CAGR | DLF | 2013-03 | revenue_cagr_10yr | INSUFFICIENT
CAGR | DLF | 2013-03 | pat_cagr_3yr | INSUFFICIENT
CAGR | DLF | 2013-03 | pat_cagr_5yr | INSUFFICIENT
CAGR | DLF | 2013-03 | pat_cagr_10yr | INSUFFICIENT
CAGR | DLF | 2013-03 | eps_cagr_3yr | INSUFFICIENT
CAGR | DLF | 2013-03 | eps_cagr_5yr | INSUFFICIENT
CAGR | DLF | 2013-03 | eps_cagr_10yr | INSUFFICIENT
CAGR | DLF | 2014-03 | revenue_cagr_3yr | INSUFFICIENT
CAGR | DLF | 2014-03 | revenue_cagr_5yr | INSUFFICIENT
CAGR | DLF | 2014-03 | revenue_cagr_10yr | INSUFFICIENT
CAGR | DLF | 2014-03 | pat_cagr_3yr | INSUFFICIENT
CAGR | DLF | 2014-03 | pat_cagr_5yr | INSUFFICIENT
CAGR | DLF | 2014-03 | pat_cagr_10yr | INSUFFICIENT
CAGR | DLF | 2014-03 | eps_cagr_3yr | INSUFFICIENT
CAGR | DLF | 2014-03 | eps_cagr_5yr | INSUFFICIENT
CAGR | DLF | 2014-03 | eps_cagr_10yr | INSUFFICIENT
CAGR | DLF | 2015-03 | revenue_cagr_3yr | INSUFFICIENT
CAGR | DLF | 2015-03 | revenue_cagr_5yr | INSUFFICIENT
CAGR | DLF | 2015-03 | revenue_cagr_10yr | INSUFFICIENT
CAGR | DLF | 2015-03 | pat_cagr_3yr | INSUFFICIENT
CAGR | DLF | 2015-03 | pat_cagr_5yr | INSUFFICIENT
CAGR | DLF | 2015-03 | pat_cagr_10yr | INSUFFICIENT
CAGR | DLF | 2015-03 | eps_cagr_3yr | INSUFFICIENT
CAGR | DLF | 2015-03 | eps_cagr_5yr | INSUFFICIENT
CAGR | DLF | 2015-03 | eps_cagr_10yr | INSUFFICIENT
CAGR | DLF | 2016-03 | revenue_cagr_5yr | INSUFFICIENT
CAGR | DLF | 2016-03 | revenue_cagr_10yr | INSUFFICIENT
CAGR | DLF | 2016-03 | pat_cagr_5yr | INSUFFICIENT
CAGR | DLF | 2016-03 | pat_cagr_10yr | INSUFFICIENT
CAGR | DLF | 2016-03 | eps_cagr_5yr | INSUFFICIENT
CAGR | DLF | 2016-03 | eps_cagr_10yr | INSUFFICIENT
CAGR | DLF | 2017-03 | revenue_cagr_5yr | INSUFFICIENT
CAGR | DLF | 2017-03 | revenue_cagr_10yr | INSUFFICIENT
CAGR | DLF | 2017-03 | pat_cagr_5yr | INSUFFICIENT
CAGR | DLF | 2017-03 | pat_cagr_10yr | INSUFFICIENT
CAGR | DLF | 2017-03 | eps_cagr_5yr | INSUFFICIENT
CAGR | DLF | 2017-03 | eps_cagr_10yr | INSUFFICIENT
CAGR | DLF | 2018-03 | revenue_cagr_10yr | INSUFFICIENT
CAGR | DLF | 2018-03 | pat_cagr_10yr | INSUFFICIENT
CAGR | DLF | 2018-03 | eps_cagr_10yr | INSUFFICIENT
CAGR | DLF | 2019-03 | revenue_cagr_10yr | INSUFFICIENT
CAGR | DLF | 2019-03 | pat_cagr_10yr | INSUFFICIENT
CAGR | DLF | 2019-03 | eps_cagr_10yr | INSUFFICIENT
CAGR | DLF | 2020-03 | revenue_cagr_10yr | INSUFFICIENT
CAGR | DLF | 2020-03 | pat_cagr_3yr | DECLINE_TO_LOSS
CAGR | DLF | 2020-03 | pat_cagr_5yr | DECLINE_TO_LOSS
CAGR | DLF | 2020-03 | pat_cagr_10yr | INSUFFICIENT
CAGR | DLF | 2020-03 | eps_cagr_3yr | DECLINE_TO_LOSS
CAGR | DLF | 2020-03 | eps_cagr_5yr | DECLINE_TO_LOSS
CAGR | DLF | 2020-03 | eps_cagr_10yr | INSUFFICIENT
CAGR | DLF | 2021-03 | revenue_cagr_10yr | INSUFFICIENT
CAGR | DLF | 2021-03 | pat_cagr_10yr | INSUFFICIENT
CAGR | DLF | 2021-03 | eps_cagr_10yr | INSUFFICIENT
CAGR | DLF | 2022-03 | revenue_cagr_10yr | INSUFFICIENT
CAGR | DLF | 2022-03 | pat_cagr_10yr | INSUFFICIENT
CAGR | DLF | 2022-03 | eps_cagr_10yr | INSUFFICIENT
CAGR | DLF | 2023-03 | pat_cagr_3yr | TURNAROUND
CAGR | DLF | 2023-03 | eps_cagr_3yr | TURNAROUND
CAGR | DLF | 2024-09 | revenue_cagr_3yr | INSUFFICIENT
CAGR | DLF | 2024-09 | revenue_cagr_5yr | INSUFFICIENT
CAGR | DLF | 2024-09 | revenue_cagr_10yr | INSUFFICIENT
CAGR | DLF | 2024-09 | pat_cagr_3yr | INSUFFICIENT
CAGR | DLF | 2024-09 | pat_cagr_5yr | INSUFFICIENT
CAGR | DLF | 2024-09 | pat_cagr_10yr | INSUFFICIENT
CAGR | DLF | 2024-09 | eps_cagr_3yr | INSUFFICIENT
CAGR | DLF | 2024-09 | eps_cagr_5yr | INSUFFICIENT
CAGR | DLF | 2024-09 | eps_cagr_10yr | INSUFFICIENT
CAGR | DMART | 2013-03 | revenue_cagr_3yr | INSUFFICIENT
CAGR | DMART | 2013-03 | revenue_cagr_5yr | INSUFFICIENT
CAGR | DMART | 2013-03 | revenue_cagr_10yr | INSUFFICIENT
CAGR | DMART | 2013-03 | pat_cagr_3yr | INSUFFICIENT
CAGR | DMART | 2013-03 | pat_cagr_5yr | INSUFFICIENT
CAGR | DMART | 2013-03 | pat_cagr_10yr | INSUFFICIENT
CAGR | DMART | 2013-03 | eps_cagr_3yr | INSUFFICIENT
CAGR | DMART | 2013-03 | eps_cagr_5yr | INSUFFICIENT
CAGR | DMART | 2013-03 | eps_cagr_10yr | INSUFFICIENT
CAGR | DMART | 2014-03 | revenue_cagr_3yr | INSUFFICIENT
CAGR | DMART | 2014-03 | revenue_cagr_5yr | INSUFFICIENT
CAGR | DMART | 2014-03 | revenue_cagr_10yr | INSUFFICIENT
CAGR | DMART | 2014-03 | pat_cagr_3yr | INSUFFICIENT
CAGR | DMART | 2014-03 | pat_cagr_5yr | INSUFFICIENT
CAGR | DMART | 2014-03 | pat_cagr_10yr | INSUFFICIENT
CAGR | DMART | 2014-03 | eps_cagr_3yr | INSUFFICIENT
CAGR | DMART | 2014-03 | eps_cagr_5yr | INSUFFICIENT
CAGR | DMART | 2014-03 | eps_cagr_10yr | INSUFFICIENT
CAGR | DMART | 2015-03 | revenue_cagr_3yr | INSUFFICIENT
CAGR | DMART | 2015-03 | revenue_cagr_5yr | INSUFFICIENT
CAGR | DMART | 2015-03 | revenue_cagr_10yr | INSUFFICIENT
CAGR | DMART | 2015-03 | pat_cagr_3yr | INSUFFICIENT
CAGR | DMART | 2015-03 | pat_cagr_5yr | INSUFFICIENT
CAGR | DMART | 2015-03 | pat_cagr_10yr | INSUFFICIENT
CAGR | DMART | 2015-03 | eps_cagr_3yr | INSUFFICIENT
CAGR | DMART | 2015-03 | eps_cagr_5yr | INSUFFICIENT
CAGR | DMART | 2015-03 | eps_cagr_10yr | INSUFFICIENT
CAGR | DMART | 2016-03 | revenue_cagr_5yr | INSUFFICIENT
CAGR | DMART | 2016-03 | revenue_cagr_10yr | INSUFFICIENT
CAGR | DMART | 2016-03 | pat_cagr_5yr | INSUFFICIENT
CAGR | DMART | 2016-03 | pat_cagr_10yr | INSUFFICIENT
CAGR | DMART | 2016-03 | eps_cagr_5yr | INSUFFICIENT
CAGR | DMART | 2016-03 | eps_cagr_10yr | INSUFFICIENT
CAGR | DMART | 2017-03 | revenue_cagr_5yr | INSUFFICIENT
CAGR | DMART | 2017-03 | revenue_cagr_10yr | INSUFFICIENT
CAGR | DMART | 2017-03 | pat_cagr_5yr | INSUFFICIENT
CAGR | DMART | 2017-03 | pat_cagr_10yr | INSUFFICIENT
CAGR | DMART | 2017-03 | eps_cagr_5yr | INSUFFICIENT
CAGR | DMART | 2017-03 | eps_cagr_10yr | INSUFFICIENT
CAGR | DMART | 2018-03 | revenue_cagr_10yr | INSUFFICIENT
CAGR | DMART | 2018-03 | pat_cagr_10yr | INSUFFICIENT
CAGR | DMART | 2018-03 | eps_cagr_10yr | INSUFFICIENT
CAGR | DMART | 2019-03 | revenue_cagr_10yr | INSUFFICIENT
CAGR | DMART | 2019-03 | pat_cagr_10yr | INSUFFICIENT
CAGR | DMART | 2019-03 | eps_cagr_10yr | INSUFFICIENT
CAGR | DMART | 2020-03 | revenue_cagr_10yr | INSUFFICIENT
CAGR | DMART | 2020-03 | pat_cagr_10yr | INSUFFICIENT
CAGR | DMART | 2020-03 | eps_cagr_10yr | INSUFFICIENT
CAGR | DMART | 2021-03 | revenue_cagr_10yr | INSUFFICIENT
CAGR | DMART | 2021-03 | pat_cagr_10yr | INSUFFICIENT
CAGR | DMART | 2021-03 | eps_cagr_10yr | INSUFFICIENT
CAGR | DMART | 2022-03 | revenue_cagr_10yr | INSUFFICIENT
CAGR | DMART | 2022-03 | pat_cagr_10yr | INSUFFICIENT
CAGR | DMART | 2022-03 | eps_cagr_10yr | INSUFFICIENT
CAGR | DMART | 2024-09 | revenue_cagr_3yr | INSUFFICIENT
CAGR | DMART | 2024-09 | revenue_cagr_5yr | INSUFFICIENT
CAGR | DMART | 2024-09 | revenue_cagr_10yr | INSUFFICIENT
CAGR | DMART | 2024-09 | pat_cagr_3yr | INSUFFICIENT
CAGR | DMART | 2024-09 | pat_cagr_5yr | INSUFFICIENT
CAGR | DMART | 2024-09 | pat_cagr_10yr | INSUFFICIENT
CAGR | DMART | 2024-09 | eps_cagr_3yr | INSUFFICIENT
CAGR | DMART | 2024-09 | eps_cagr_5yr | INSUFFICIENT
CAGR | DMART | 2024-09 | eps_cagr_10yr | INSUFFICIENT
CAGR | DRREDDY | 2013-03 | revenue_cagr_3yr | INSUFFICIENT
CAGR | DRREDDY | 2013-03 | revenue_cagr_5yr | INSUFFICIENT
CAGR | DRREDDY | 2013-03 | revenue_cagr_10yr | INSUFFICIENT
CAGR | DRREDDY | 2013-03 | pat_cagr_3yr | INSUFFICIENT
CAGR | DRREDDY | 2013-03 | pat_cagr_5yr | INSUFFICIENT
CAGR | DRREDDY | 2013-03 | pat_cagr_10yr | INSUFFICIENT
CAGR | DRREDDY | 2013-03 | eps_cagr_3yr | INSUFFICIENT
CAGR | DRREDDY | 2013-03 | eps_cagr_5yr | INSUFFICIENT
CAGR | DRREDDY | 2013-03 | eps_cagr_10yr | INSUFFICIENT
CAGR | DRREDDY | 2014-03 | revenue_cagr_3yr | INSUFFICIENT
CAGR | DRREDDY | 2014-03 | revenue_cagr_5yr | INSUFFICIENT
CAGR | DRREDDY | 2014-03 | revenue_cagr_10yr | INSUFFICIENT
CAGR | DRREDDY | 2014-03 | pat_cagr_3yr | INSUFFICIENT
CAGR | DRREDDY | 2014-03 | pat_cagr_5yr | INSUFFICIENT
CAGR | DRREDDY | 2014-03 | pat_cagr_10yr | INSUFFICIENT
CAGR | DRREDDY | 2014-03 | eps_cagr_3yr | INSUFFICIENT
CAGR | DRREDDY | 2014-03 | eps_cagr_5yr | INSUFFICIENT
CAGR | DRREDDY | 2014-03 | eps_cagr_10yr | INSUFFICIENT
CAGR | DRREDDY | 2015-03 | revenue_cagr_3yr | INSUFFICIENT
CAGR | DRREDDY | 2015-03 | revenue_cagr_5yr | INSUFFICIENT
CAGR | DRREDDY | 2015-03 | revenue_cagr_10yr | INSUFFICIENT
CAGR | DRREDDY | 2015-03 | pat_cagr_3yr | INSUFFICIENT
CAGR | DRREDDY | 2015-03 | pat_cagr_5yr | INSUFFICIENT
CAGR | DRREDDY | 2015-03 | pat_cagr_10yr | INSUFFICIENT
CAGR | DRREDDY | 2015-03 | eps_cagr_3yr | INSUFFICIENT
CAGR | DRREDDY | 2015-03 | eps_cagr_5yr | INSUFFICIENT
CAGR | DRREDDY | 2015-03 | eps_cagr_10yr | INSUFFICIENT
CAGR | DRREDDY | 2016-03 | revenue_cagr_5yr | INSUFFICIENT
CAGR | DRREDDY | 2016-03 | revenue_cagr_10yr | INSUFFICIENT
CAGR | DRREDDY | 2016-03 | pat_cagr_5yr | INSUFFICIENT
CAGR | DRREDDY | 2016-03 | pat_cagr_10yr | INSUFFICIENT
CAGR | DRREDDY | 2016-03 | eps_cagr_5yr | INSUFFICIENT
CAGR | DRREDDY | 2016-03 | eps_cagr_10yr | INSUFFICIENT
CAGR | DRREDDY | 2017-03 | revenue_cagr_5yr | INSUFFICIENT
CAGR | DRREDDY | 2017-03 | revenue_cagr_10yr | INSUFFICIENT
CAGR | DRREDDY | 2017-03 | pat_cagr_5yr | INSUFFICIENT
CAGR | DRREDDY | 2017-03 | pat_cagr_10yr | INSUFFICIENT
CAGR | DRREDDY | 2017-03 | eps_cagr_5yr | INSUFFICIENT
CAGR | DRREDDY | 2017-03 | eps_cagr_10yr | INSUFFICIENT
CAGR | DRREDDY | 2018-03 | revenue_cagr_10yr | INSUFFICIENT
CAGR | DRREDDY | 2018-03 | pat_cagr_10yr | INSUFFICIENT
CAGR | DRREDDY | 2018-03 | eps_cagr_10yr | INSUFFICIENT
CAGR | DRREDDY | 2019-03 | revenue_cagr_10yr | INSUFFICIENT
CAGR | DRREDDY | 2019-03 | pat_cagr_10yr | INSUFFICIENT
CAGR | DRREDDY | 2019-03 | eps_cagr_10yr | INSUFFICIENT
CAGR | DRREDDY | 2020-03 | revenue_cagr_10yr | INSUFFICIENT
CAGR | DRREDDY | 2020-03 | pat_cagr_10yr | INSUFFICIENT
CAGR | DRREDDY | 2020-03 | eps_cagr_10yr | INSUFFICIENT
CAGR | DRREDDY | 2021-03 | revenue_cagr_10yr | INSUFFICIENT
CAGR | DRREDDY | 2021-03 | pat_cagr_10yr | INSUFFICIENT
CAGR | DRREDDY | 2021-03 | eps_cagr_10yr | INSUFFICIENT
CAGR | DRREDDY | 2022-03 | revenue_cagr_10yr | INSUFFICIENT
CAGR | DRREDDY | 2022-03 | pat_cagr_10yr | INSUFFICIENT
CAGR | DRREDDY | 2022-03 | eps_cagr_10yr | INSUFFICIENT
CAGR | DRREDDY | 2024-09 | revenue_cagr_3yr | INSUFFICIENT
CAGR | DRREDDY | 2024-09 | revenue_cagr_5yr | INSUFFICIENT
CAGR | DRREDDY | 2024-09 | revenue_cagr_10yr | INSUFFICIENT
CAGR | DRREDDY | 2024-09 | pat_cagr_3yr | INSUFFICIENT
CAGR | DRREDDY | 2024-09 | pat_cagr_5yr | INSUFFICIENT
CAGR | DRREDDY | 2024-09 | pat_cagr_10yr | INSUFFICIENT
CAGR | DRREDDY | 2024-09 | eps_cagr_3yr | INSUFFICIENT
CAGR | DRREDDY | 2024-09 | eps_cagr_5yr | INSUFFICIENT
CAGR | DRREDDY | 2024-09 | eps_cagr_10yr | INSUFFICIENT
CAGR | EICHERMOT | 2012-12 | revenue_cagr_3yr | INSUFFICIENT
CAGR | EICHERMOT | 2012-12 | revenue_cagr_5yr | INSUFFICIENT
CAGR | EICHERMOT | 2012-12 | revenue_cagr_10yr | INSUFFICIENT
CAGR | EICHERMOT | 2012-12 | pat_cagr_3yr | INSUFFICIENT
CAGR | EICHERMOT | 2012-12 | pat_cagr_5yr | INSUFFICIENT
CAGR | EICHERMOT | 2012-12 | pat_cagr_10yr | INSUFFICIENT
CAGR | EICHERMOT | 2012-12 | eps_cagr_3yr | INSUFFICIENT
CAGR | EICHERMOT | 2012-12 | eps_cagr_5yr | INSUFFICIENT
CAGR | EICHERMOT | 2012-12 | eps_cagr_10yr | INSUFFICIENT
CAGR | EICHERMOT | 2013-12 | revenue_cagr_3yr | INSUFFICIENT
CAGR | EICHERMOT | 2013-12 | revenue_cagr_5yr | INSUFFICIENT
CAGR | EICHERMOT | 2013-12 | revenue_cagr_10yr | INSUFFICIENT
CAGR | EICHERMOT | 2013-12 | pat_cagr_3yr | INSUFFICIENT
CAGR | EICHERMOT | 2013-12 | pat_cagr_5yr | INSUFFICIENT
CAGR | EICHERMOT | 2013-12 | pat_cagr_10yr | INSUFFICIENT
CAGR | EICHERMOT | 2013-12 | eps_cagr_3yr | INSUFFICIENT
CAGR | EICHERMOT | 2013-12 | eps_cagr_5yr | INSUFFICIENT
CAGR | EICHERMOT | 2013-12 | eps_cagr_10yr | INSUFFICIENT
CAGR | EICHERMOT | 2014-12 | revenue_cagr_3yr | INSUFFICIENT
CAGR | EICHERMOT | 2014-12 | revenue_cagr_5yr | INSUFFICIENT
CAGR | EICHERMOT | 2014-12 | revenue_cagr_10yr | INSUFFICIENT
CAGR | EICHERMOT | 2014-12 | pat_cagr_3yr | INSUFFICIENT
CAGR | EICHERMOT | 2014-12 | pat_cagr_5yr | INSUFFICIENT
CAGR | EICHERMOT | 2014-12 | pat_cagr_10yr | INSUFFICIENT
CAGR | EICHERMOT | 2014-12 | eps_cagr_3yr | INSUFFICIENT
CAGR | EICHERMOT | 2014-12 | eps_cagr_5yr | INSUFFICIENT
CAGR | EICHERMOT | 2014-12 | eps_cagr_10yr | INSUFFICIENT
CAGR | EICHERMOT | 2016-03 | revenue_cagr_5yr | INSUFFICIENT
CAGR | EICHERMOT | 2016-03 | revenue_cagr_10yr | INSUFFICIENT
CAGR | EICHERMOT | 2016-03 | pat_cagr_5yr | INSUFFICIENT
CAGR | EICHERMOT | 2016-03 | pat_cagr_10yr | INSUFFICIENT
CAGR | EICHERMOT | 2016-03 | eps_cagr_5yr | INSUFFICIENT
CAGR | EICHERMOT | 2016-03 | eps_cagr_10yr | INSUFFICIENT
CAGR | EICHERMOT | 2017-03 | revenue_cagr_10yr | INSUFFICIENT
CAGR | EICHERMOT | 2017-03 | pat_cagr_10yr | INSUFFICIENT
CAGR | EICHERMOT | 2017-03 | eps_cagr_10yr | INSUFFICIENT
CAGR | EICHERMOT | 2018-03 | revenue_cagr_3yr | INSUFFICIENT
CAGR | EICHERMOT | 2018-03 | revenue_cagr_10yr | INSUFFICIENT
CAGR | EICHERMOT | 2018-03 | pat_cagr_3yr | INSUFFICIENT
CAGR | EICHERMOT | 2018-03 | pat_cagr_10yr | INSUFFICIENT
CAGR | EICHERMOT | 2018-03 | eps_cagr_3yr | INSUFFICIENT
CAGR | EICHERMOT | 2018-03 | eps_cagr_10yr | INSUFFICIENT
CAGR | EICHERMOT | 2019-03 | revenue_cagr_10yr | INSUFFICIENT
CAGR | EICHERMOT | 2019-03 | pat_cagr_10yr | INSUFFICIENT
CAGR | EICHERMOT | 2019-03 | eps_cagr_10yr | INSUFFICIENT
CAGR | EICHERMOT | 2020-03 | revenue_cagr_5yr | INSUFFICIENT
CAGR | EICHERMOT | 2020-03 | revenue_cagr_10yr | INSUFFICIENT
CAGR | EICHERMOT | 2020-03 | pat_cagr_5yr | INSUFFICIENT
CAGR | EICHERMOT | 2020-03 | pat_cagr_10yr | INSUFFICIENT
CAGR | EICHERMOT | 2020-03 | eps_cagr_5yr | INSUFFICIENT
CAGR | EICHERMOT | 2020-03 | eps_cagr_10yr | INSUFFICIENT
CAGR | EICHERMOT | 2021-03 | revenue_cagr_10yr | INSUFFICIENT
CAGR | EICHERMOT | 2021-03 | pat_cagr_10yr | INSUFFICIENT
CAGR | EICHERMOT | 2021-03 | eps_cagr_10yr | INSUFFICIENT
CAGR | EICHERMOT | 2024-09 | revenue_cagr_3yr | INSUFFICIENT
CAGR | EICHERMOT | 2024-09 | revenue_cagr_5yr | INSUFFICIENT
CAGR | EICHERMOT | 2024-09 | revenue_cagr_10yr | INSUFFICIENT
CAGR | EICHERMOT | 2024-09 | pat_cagr_3yr | INSUFFICIENT
CAGR | EICHERMOT | 2024-09 | pat_cagr_5yr | INSUFFICIENT
CAGR | EICHERMOT | 2024-09 | pat_cagr_10yr | INSUFFICIENT
CAGR | EICHERMOT | 2024-09 | eps_cagr_3yr | INSUFFICIENT
CAGR | EICHERMOT | 2024-09 | eps_cagr_5yr | INSUFFICIENT
CAGR | EICHERMOT | 2024-09 | eps_cagr_10yr | INSUFFICIENT
CAGR | GAIL | 2013-03 | revenue_cagr_3yr | INSUFFICIENT
CAGR | GAIL | 2013-03 | revenue_cagr_5yr | INSUFFICIENT
CAGR | GAIL | 2013-03 | revenue_cagr_10yr | INSUFFICIENT
CAGR | GAIL | 2013-03 | pat_cagr_3yr | INSUFFICIENT
CAGR | GAIL | 2013-03 | pat_cagr_5yr | INSUFFICIENT
CAGR | GAIL | 2013-03 | pat_cagr_10yr | INSUFFICIENT
CAGR | GAIL | 2013-03 | eps_cagr_3yr | INSUFFICIENT
CAGR | GAIL | 2013-03 | eps_cagr_5yr | INSUFFICIENT
CAGR | GAIL | 2013-03 | eps_cagr_10yr | INSUFFICIENT
CAGR | GAIL | 2014-03 | revenue_cagr_3yr | INSUFFICIENT
CAGR | GAIL | 2014-03 | revenue_cagr_5yr | INSUFFICIENT
CAGR | GAIL | 2014-03 | revenue_cagr_10yr | INSUFFICIENT
CAGR | GAIL | 2014-03 | pat_cagr_3yr | INSUFFICIENT
CAGR | GAIL | 2014-03 | pat_cagr_5yr | INSUFFICIENT
CAGR | GAIL | 2014-03 | pat_cagr_10yr | INSUFFICIENT
CAGR | GAIL | 2014-03 | eps_cagr_3yr | INSUFFICIENT
CAGR | GAIL | 2014-03 | eps_cagr_5yr | INSUFFICIENT
CAGR | GAIL | 2014-03 | eps_cagr_10yr | INSUFFICIENT
CAGR | GAIL | 2015-03 | revenue_cagr_3yr | INSUFFICIENT
CAGR | GAIL | 2015-03 | revenue_cagr_5yr | INSUFFICIENT
CAGR | GAIL | 2015-03 | revenue_cagr_10yr | INSUFFICIENT
CAGR | GAIL | 2015-03 | pat_cagr_3yr | INSUFFICIENT
CAGR | GAIL | 2015-03 | pat_cagr_5yr | INSUFFICIENT
CAGR | GAIL | 2015-03 | pat_cagr_10yr | INSUFFICIENT
CAGR | GAIL | 2015-03 | eps_cagr_3yr | INSUFFICIENT
CAGR | GAIL | 2015-03 | eps_cagr_5yr | INSUFFICIENT
CAGR | GAIL | 2015-03 | eps_cagr_10yr | INSUFFICIENT
CAGR | GAIL | 2016-03 | revenue_cagr_5yr | INSUFFICIENT
CAGR | GAIL | 2016-03 | revenue_cagr_10yr | INSUFFICIENT
CAGR | GAIL | 2016-03 | pat_cagr_5yr | INSUFFICIENT
CAGR | GAIL | 2016-03 | pat_cagr_10yr | INSUFFICIENT
CAGR | GAIL | 2016-03 | eps_cagr_5yr | INSUFFICIENT
CAGR | GAIL | 2016-03 | eps_cagr_10yr | INSUFFICIENT
CAGR | GAIL | 2017-03 | revenue_cagr_5yr | INSUFFICIENT
CAGR | GAIL | 2017-03 | revenue_cagr_10yr | INSUFFICIENT
CAGR | GAIL | 2017-03 | pat_cagr_5yr | INSUFFICIENT
CAGR | GAIL | 2017-03 | pat_cagr_10yr | INSUFFICIENT
CAGR | GAIL | 2017-03 | eps_cagr_5yr | INSUFFICIENT
CAGR | GAIL | 2017-03 | eps_cagr_10yr | INSUFFICIENT
CAGR | GAIL | 2018-03 | revenue_cagr_10yr | INSUFFICIENT
CAGR | GAIL | 2018-03 | pat_cagr_10yr | INSUFFICIENT
CAGR | GAIL | 2018-03 | eps_cagr_10yr | INSUFFICIENT
CAGR | GAIL | 2019-03 | revenue_cagr_10yr | INSUFFICIENT
CAGR | GAIL | 2019-03 | pat_cagr_10yr | INSUFFICIENT
CAGR | GAIL | 2019-03 | eps_cagr_10yr | INSUFFICIENT
CAGR | GAIL | 2020-03 | revenue_cagr_10yr | INSUFFICIENT
CAGR | GAIL | 2020-03 | pat_cagr_10yr | INSUFFICIENT
CAGR | GAIL | 2020-03 | eps_cagr_10yr | INSUFFICIENT
CAGR | GAIL | 2021-03 | revenue_cagr_10yr | INSUFFICIENT
CAGR | GAIL | 2021-03 | pat_cagr_10yr | INSUFFICIENT
CAGR | GAIL | 2021-03 | eps_cagr_10yr | INSUFFICIENT
CAGR | GAIL | 2022-03 | revenue_cagr_10yr | INSUFFICIENT
CAGR | GAIL | 2022-03 | pat_cagr_10yr | INSUFFICIENT
CAGR | GAIL | 2022-03 | eps_cagr_10yr | INSUFFICIENT
CAGR | GAIL | 2024-09 | revenue_cagr_3yr | INSUFFICIENT
CAGR | GAIL | 2024-09 | revenue_cagr_5yr | INSUFFICIENT
CAGR | GAIL | 2024-09 | revenue_cagr_10yr | INSUFFICIENT
CAGR | GAIL | 2024-09 | pat_cagr_3yr | INSUFFICIENT
CAGR | GAIL | 2024-09 | pat_cagr_5yr | INSUFFICIENT
CAGR | GAIL | 2024-09 | pat_cagr_10yr | INSUFFICIENT
CAGR | GAIL | 2024-09 | eps_cagr_3yr | INSUFFICIENT
CAGR | GAIL | 2024-09 | eps_cagr_5yr | INSUFFICIENT
CAGR | GAIL | 2024-09 | eps_cagr_10yr | INSUFFICIENT
CAGR | GODREJCP | 2013-03 | revenue_cagr_3yr | INSUFFICIENT
CAGR | GODREJCP | 2013-03 | revenue_cagr_5yr | INSUFFICIENT
CAGR | GODREJCP | 2013-03 | revenue_cagr_10yr | INSUFFICIENT
CAGR | GODREJCP | 2013-03 | pat_cagr_3yr | INSUFFICIENT
CAGR | GODREJCP | 2013-03 | pat_cagr_5yr | INSUFFICIENT
CAGR | GODREJCP | 2013-03 | pat_cagr_10yr | INSUFFICIENT
CAGR | GODREJCP | 2013-03 | eps_cagr_3yr | INSUFFICIENT
CAGR | GODREJCP | 2013-03 | eps_cagr_5yr | INSUFFICIENT
CAGR | GODREJCP | 2013-03 | eps_cagr_10yr | INSUFFICIENT
CAGR | GODREJCP | 2014-03 | revenue_cagr_3yr | INSUFFICIENT
CAGR | GODREJCP | 2014-03 | revenue_cagr_5yr | INSUFFICIENT
CAGR | GODREJCP | 2014-03 | revenue_cagr_10yr | INSUFFICIENT
CAGR | GODREJCP | 2014-03 | pat_cagr_3yr | INSUFFICIENT
CAGR | GODREJCP | 2014-03 | pat_cagr_5yr | INSUFFICIENT
CAGR | GODREJCP | 2014-03 | pat_cagr_10yr | INSUFFICIENT
CAGR | GODREJCP | 2014-03 | eps_cagr_3yr | INSUFFICIENT
CAGR | GODREJCP | 2014-03 | eps_cagr_5yr | INSUFFICIENT
CAGR | GODREJCP | 2014-03 | eps_cagr_10yr | INSUFFICIENT
CAGR | GODREJCP | 2015-03 | revenue_cagr_3yr | INSUFFICIENT
CAGR | GODREJCP | 2015-03 | revenue_cagr_5yr | INSUFFICIENT
CAGR | GODREJCP | 2015-03 | revenue_cagr_10yr | INSUFFICIENT
CAGR | GODREJCP | 2015-03 | pat_cagr_3yr | INSUFFICIENT
CAGR | GODREJCP | 2015-03 | pat_cagr_5yr | INSUFFICIENT
CAGR | GODREJCP | 2015-03 | pat_cagr_10yr | INSUFFICIENT
CAGR | GODREJCP | 2015-03 | eps_cagr_3yr | INSUFFICIENT
CAGR | GODREJCP | 2015-03 | eps_cagr_5yr | INSUFFICIENT
CAGR | GODREJCP | 2015-03 | eps_cagr_10yr | INSUFFICIENT
CAGR | GODREJCP | 2016-03 | revenue_cagr_5yr | INSUFFICIENT
CAGR | GODREJCP | 2016-03 | revenue_cagr_10yr | INSUFFICIENT
CAGR | GODREJCP | 2016-03 | pat_cagr_5yr | INSUFFICIENT
CAGR | GODREJCP | 2016-03 | pat_cagr_10yr | INSUFFICIENT
CAGR | GODREJCP | 2016-03 | eps_cagr_5yr | INSUFFICIENT
CAGR | GODREJCP | 2016-03 | eps_cagr_10yr | INSUFFICIENT
CAGR | GODREJCP | 2017-03 | revenue_cagr_5yr | INSUFFICIENT
CAGR | GODREJCP | 2017-03 | revenue_cagr_10yr | INSUFFICIENT
CAGR | GODREJCP | 2017-03 | pat_cagr_5yr | INSUFFICIENT
CAGR | GODREJCP | 2017-03 | pat_cagr_10yr | INSUFFICIENT
CAGR | GODREJCP | 2017-03 | eps_cagr_5yr | INSUFFICIENT
CAGR | GODREJCP | 2017-03 | eps_cagr_10yr | INSUFFICIENT
CAGR | GODREJCP | 2018-03 | revenue_cagr_10yr | INSUFFICIENT
CAGR | GODREJCP | 2018-03 | pat_cagr_10yr | INSUFFICIENT
CAGR | GODREJCP | 2018-03 | eps_cagr_10yr | INSUFFICIENT
CAGR | GODREJCP | 2019-03 | revenue_cagr_10yr | INSUFFICIENT
CAGR | GODREJCP | 2019-03 | pat_cagr_10yr | INSUFFICIENT
CAGR | GODREJCP | 2019-03 | eps_cagr_10yr | INSUFFICIENT
CAGR | GODREJCP | 2020-03 | revenue_cagr_10yr | INSUFFICIENT
CAGR | GODREJCP | 2020-03 | pat_cagr_10yr | INSUFFICIENT
CAGR | GODREJCP | 2020-03 | eps_cagr_10yr | INSUFFICIENT
CAGR | GODREJCP | 2021-03 | revenue_cagr_10yr | INSUFFICIENT
CAGR | GODREJCP | 2021-03 | pat_cagr_10yr | INSUFFICIENT
CAGR | GODREJCP | 2021-03 | eps_cagr_10yr | INSUFFICIENT
CAGR | GODREJCP | 2022-03 | revenue_cagr_10yr | INSUFFICIENT
CAGR | GODREJCP | 2022-03 | pat_cagr_10yr | INSUFFICIENT
CAGR | GODREJCP | 2022-03 | eps_cagr_10yr | INSUFFICIENT
CAGR | GODREJCP | 2024-03 | pat_cagr_3yr | DECLINE_TO_LOSS
CAGR | GODREJCP | 2024-03 | pat_cagr_5yr | DECLINE_TO_LOSS
CAGR | GODREJCP | 2024-03 | pat_cagr_10yr | DECLINE_TO_LOSS
CAGR | GODREJCP | 2024-03 | eps_cagr_3yr | DECLINE_TO_LOSS
CAGR | GODREJCP | 2024-03 | eps_cagr_5yr | DECLINE_TO_LOSS
CAGR | GODREJCP | 2024-03 | eps_cagr_10yr | DECLINE_TO_LOSS
CAGR | GODREJCP | 2024-09 | revenue_cagr_3yr | INSUFFICIENT
CAGR | GODREJCP | 2024-09 | revenue_cagr_5yr | INSUFFICIENT
CAGR | GODREJCP | 2024-09 | revenue_cagr_10yr | INSUFFICIENT
CAGR | GODREJCP | 2024-09 | pat_cagr_3yr | INSUFFICIENT
CAGR | GODREJCP | 2024-09 | pat_cagr_5yr | INSUFFICIENT
CAGR | GODREJCP | 2024-09 | pat_cagr_10yr | INSUFFICIENT
CAGR | GODREJCP | 2024-09 | eps_cagr_3yr | INSUFFICIENT
CAGR | GODREJCP | 2024-09 | eps_cagr_5yr | INSUFFICIENT
CAGR | GODREJCP | 2024-09 | eps_cagr_10yr | INSUFFICIENT
CAGR | GRASIM | 2013-03 | revenue_cagr_3yr | INSUFFICIENT
CAGR | GRASIM | 2013-03 | revenue_cagr_5yr | INSUFFICIENT
CAGR | GRASIM | 2013-03 | revenue_cagr_10yr | INSUFFICIENT
CAGR | GRASIM | 2013-03 | pat_cagr_3yr | INSUFFICIENT
CAGR | GRASIM | 2013-03 | pat_cagr_5yr | INSUFFICIENT
CAGR | GRASIM | 2013-03 | pat_cagr_10yr | INSUFFICIENT
CAGR | GRASIM | 2013-03 | eps_cagr_3yr | INSUFFICIENT
CAGR | GRASIM | 2013-03 | eps_cagr_5yr | INSUFFICIENT
CAGR | GRASIM | 2013-03 | eps_cagr_10yr | INSUFFICIENT
CAGR | GRASIM | 2014-03 | revenue_cagr_3yr | INSUFFICIENT
CAGR | GRASIM | 2014-03 | revenue_cagr_5yr | INSUFFICIENT
CAGR | GRASIM | 2014-03 | revenue_cagr_10yr | INSUFFICIENT
CAGR | GRASIM | 2014-03 | pat_cagr_3yr | INSUFFICIENT
CAGR | GRASIM | 2014-03 | pat_cagr_5yr | INSUFFICIENT
CAGR | GRASIM | 2014-03 | pat_cagr_10yr | INSUFFICIENT
CAGR | GRASIM | 2014-03 | eps_cagr_3yr | INSUFFICIENT
CAGR | GRASIM | 2014-03 | eps_cagr_5yr | INSUFFICIENT
CAGR | GRASIM | 2014-03 | eps_cagr_10yr | INSUFFICIENT
CAGR | GRASIM | 2015-03 | revenue_cagr_3yr | INSUFFICIENT
CAGR | GRASIM | 2015-03 | revenue_cagr_5yr | INSUFFICIENT
CAGR | GRASIM | 2015-03 | revenue_cagr_10yr | INSUFFICIENT
CAGR | GRASIM | 2015-03 | pat_cagr_3yr | INSUFFICIENT
CAGR | GRASIM | 2015-03 | pat_cagr_5yr | INSUFFICIENT
CAGR | GRASIM | 2015-03 | pat_cagr_10yr | INSUFFICIENT
CAGR | GRASIM | 2015-03 | eps_cagr_3yr | INSUFFICIENT
CAGR | GRASIM | 2015-03 | eps_cagr_5yr | INSUFFICIENT
CAGR | GRASIM | 2015-03 | eps_cagr_10yr | INSUFFICIENT
CAGR | GRASIM | 2016-03 | revenue_cagr_5yr | INSUFFICIENT
CAGR | GRASIM | 2016-03 | revenue_cagr_10yr | INSUFFICIENT
CAGR | GRASIM | 2016-03 | pat_cagr_5yr | INSUFFICIENT
CAGR | GRASIM | 2016-03 | pat_cagr_10yr | INSUFFICIENT
CAGR | GRASIM | 2016-03 | eps_cagr_5yr | INSUFFICIENT
CAGR | GRASIM | 2016-03 | eps_cagr_10yr | INSUFFICIENT
CAGR | GRASIM | 2017-03 | revenue_cagr_5yr | INSUFFICIENT
CAGR | GRASIM | 2017-03 | revenue_cagr_10yr | INSUFFICIENT
CAGR | GRASIM | 2017-03 | pat_cagr_5yr | INSUFFICIENT
CAGR | GRASIM | 2017-03 | pat_cagr_10yr | INSUFFICIENT
CAGR | GRASIM | 2017-03 | eps_cagr_5yr | INSUFFICIENT
CAGR | GRASIM | 2017-03 | eps_cagr_10yr | INSUFFICIENT
CAGR | GRASIM | 2018-03 | revenue_cagr_10yr | INSUFFICIENT
CAGR | GRASIM | 2018-03 | pat_cagr_10yr | INSUFFICIENT
CAGR | GRASIM | 2018-03 | eps_cagr_10yr | INSUFFICIENT
CAGR | GRASIM | 2019-03 | revenue_cagr_10yr | INSUFFICIENT
CAGR | GRASIM | 2019-03 | pat_cagr_10yr | INSUFFICIENT
CAGR | GRASIM | 2019-03 | eps_cagr_10yr | INSUFFICIENT
CAGR | GRASIM | 2020-03 | revenue_cagr_10yr | INSUFFICIENT
CAGR | GRASIM | 2020-03 | pat_cagr_10yr | INSUFFICIENT
CAGR | GRASIM | 2020-03 | eps_cagr_10yr | INSUFFICIENT
CAGR | GRASIM | 2021-03 | revenue_cagr_10yr | INSUFFICIENT
CAGR | GRASIM | 2021-03 | pat_cagr_10yr | INSUFFICIENT
CAGR | GRASIM | 2021-03 | eps_cagr_10yr | INSUFFICIENT
CAGR | GRASIM | 2022-03 | revenue_cagr_10yr | INSUFFICIENT
CAGR | GRASIM | 2022-03 | pat_cagr_10yr | INSUFFICIENT
CAGR | GRASIM | 2022-03 | eps_cagr_10yr | INSUFFICIENT
CAGR | GRASIM | 2024-09 | revenue_cagr_3yr | INSUFFICIENT
CAGR | GRASIM | 2024-09 | revenue_cagr_5yr | INSUFFICIENT
CAGR | GRASIM | 2024-09 | revenue_cagr_10yr | INSUFFICIENT
CAGR | GRASIM | 2024-09 | pat_cagr_3yr | INSUFFICIENT
CAGR | GRASIM | 2024-09 | pat_cagr_5yr | INSUFFICIENT
CAGR | GRASIM | 2024-09 | pat_cagr_10yr | INSUFFICIENT
CAGR | GRASIM | 2024-09 | eps_cagr_3yr | INSUFFICIENT
CAGR | GRASIM | 2024-09 | eps_cagr_5yr | INSUFFICIENT
CAGR | GRASIM | 2024-09 | eps_cagr_10yr | INSUFFICIENT
CAGR | HAL | 2013-03 | revenue_cagr_3yr | INSUFFICIENT
CAGR | HAL | 2013-03 | revenue_cagr_5yr | INSUFFICIENT
CAGR | HAL | 2013-03 | revenue_cagr_10yr | INSUFFICIENT
CAGR | HAL | 2013-03 | pat_cagr_3yr | INSUFFICIENT
CAGR | HAL | 2013-03 | pat_cagr_5yr | INSUFFICIENT
CAGR | HAL | 2013-03 | pat_cagr_10yr | INSUFFICIENT
CAGR | HAL | 2013-03 | eps_cagr_3yr | INSUFFICIENT
CAGR | HAL | 2013-03 | eps_cagr_5yr | INSUFFICIENT
CAGR | HAL | 2013-03 | eps_cagr_10yr | INSUFFICIENT
CAGR | HAL | 2014-03 | revenue_cagr_3yr | INSUFFICIENT
CAGR | HAL | 2014-03 | revenue_cagr_5yr | INSUFFICIENT
CAGR | HAL | 2014-03 | revenue_cagr_10yr | INSUFFICIENT
CAGR | HAL | 2014-03 | pat_cagr_3yr | INSUFFICIENT
CAGR | HAL | 2014-03 | pat_cagr_5yr | INSUFFICIENT
CAGR | HAL | 2014-03 | pat_cagr_10yr | INSUFFICIENT
CAGR | HAL | 2014-03 | eps_cagr_3yr | INSUFFICIENT
CAGR | HAL | 2014-03 | eps_cagr_5yr | INSUFFICIENT
CAGR | HAL | 2014-03 | eps_cagr_10yr | INSUFFICIENT
CAGR | HAL | 2015-03 | revenue_cagr_3yr | INSUFFICIENT
CAGR | HAL | 2015-03 | revenue_cagr_5yr | INSUFFICIENT
CAGR | HAL | 2015-03 | revenue_cagr_10yr | INSUFFICIENT
CAGR | HAL | 2015-03 | pat_cagr_3yr | INSUFFICIENT
CAGR | HAL | 2015-03 | pat_cagr_5yr | INSUFFICIENT
CAGR | HAL | 2015-03 | pat_cagr_10yr | INSUFFICIENT
CAGR | HAL | 2015-03 | eps_cagr_3yr | INSUFFICIENT
CAGR | HAL | 2015-03 | eps_cagr_5yr | INSUFFICIENT
CAGR | HAL | 2015-03 | eps_cagr_10yr | INSUFFICIENT
CAGR | HAL | 2016-03 | revenue_cagr_5yr | INSUFFICIENT
CAGR | HAL | 2016-03 | revenue_cagr_10yr | INSUFFICIENT
CAGR | HAL | 2016-03 | pat_cagr_5yr | INSUFFICIENT
CAGR | HAL | 2016-03 | pat_cagr_10yr | INSUFFICIENT
CAGR | HAL | 2016-03 | eps_cagr_5yr | INSUFFICIENT
CAGR | HAL | 2016-03 | eps_cagr_10yr | INSUFFICIENT
CAGR | HAL | 2017-03 | revenue_cagr_5yr | INSUFFICIENT
CAGR | HAL | 2017-03 | revenue_cagr_10yr | INSUFFICIENT
CAGR | HAL | 2017-03 | pat_cagr_5yr | INSUFFICIENT
CAGR | HAL | 2017-03 | pat_cagr_10yr | INSUFFICIENT
CAGR | HAL | 2017-03 | eps_cagr_5yr | INSUFFICIENT
CAGR | HAL | 2017-03 | eps_cagr_10yr | INSUFFICIENT
CAGR | HAL | 2018-03 | revenue_cagr_10yr | INSUFFICIENT
CAGR | HAL | 2018-03 | pat_cagr_10yr | INSUFFICIENT
CAGR | HAL | 2018-03 | eps_cagr_10yr | INSUFFICIENT
CAGR | HAL | 2019-03 | revenue_cagr_10yr | INSUFFICIENT
CAGR | HAL | 2019-03 | pat_cagr_10yr | INSUFFICIENT
CAGR | HAL | 2019-03 | eps_cagr_10yr | INSUFFICIENT
CAGR | HAL | 2020-03 | revenue_cagr_10yr | INSUFFICIENT
CAGR | HAL | 2020-03 | pat_cagr_10yr | INSUFFICIENT
CAGR | HAL | 2020-03 | eps_cagr_10yr | INSUFFICIENT
CAGR | HAL | 2021-03 | revenue_cagr_10yr | INSUFFICIENT
CAGR | HAL | 2021-03 | pat_cagr_10yr | INSUFFICIENT
CAGR | HAL | 2021-03 | eps_cagr_10yr | INSUFFICIENT
CAGR | HAL | 2022-03 | revenue_cagr_10yr | INSUFFICIENT
CAGR | HAL | 2022-03 | pat_cagr_10yr | INSUFFICIENT
CAGR | HAL | 2022-03 | eps_cagr_10yr | INSUFFICIENT
CAGR | HAL | 2024-09 | revenue_cagr_3yr | INSUFFICIENT
CAGR | HAL | 2024-09 | revenue_cagr_5yr | INSUFFICIENT
CAGR | HAL | 2024-09 | revenue_cagr_10yr | INSUFFICIENT
CAGR | HAL | 2024-09 | pat_cagr_3yr | INSUFFICIENT
CAGR | HAL | 2024-09 | pat_cagr_5yr | INSUFFICIENT
CAGR | HAL | 2024-09 | pat_cagr_10yr | INSUFFICIENT
CAGR | HAL | 2024-09 | eps_cagr_3yr | INSUFFICIENT
CAGR | HAL | 2024-09 | eps_cagr_5yr | INSUFFICIENT
CAGR | HAL | 2024-09 | eps_cagr_10yr | INSUFFICIENT
CAGR | HAVELLS | 2013-03 | revenue_cagr_3yr | INSUFFICIENT
CAGR | HAVELLS | 2013-03 | revenue_cagr_5yr | INSUFFICIENT
CAGR | HAVELLS | 2013-03 | revenue_cagr_10yr | INSUFFICIENT
CAGR | HAVELLS | 2013-03 | pat_cagr_3yr | INSUFFICIENT
CAGR | HAVELLS | 2013-03 | pat_cagr_5yr | INSUFFICIENT
CAGR | HAVELLS | 2013-03 | pat_cagr_10yr | INSUFFICIENT
CAGR | HAVELLS | 2013-03 | eps_cagr_3yr | INSUFFICIENT
CAGR | HAVELLS | 2013-03 | eps_cagr_5yr | INSUFFICIENT
CAGR | HAVELLS | 2013-03 | eps_cagr_10yr | INSUFFICIENT
CAGR | HAVELLS | 2014-03 | revenue_cagr_3yr | INSUFFICIENT
CAGR | HAVELLS | 2014-03 | revenue_cagr_5yr | INSUFFICIENT
CAGR | HAVELLS | 2014-03 | revenue_cagr_10yr | INSUFFICIENT
CAGR | HAVELLS | 2014-03 | pat_cagr_3yr | INSUFFICIENT
CAGR | HAVELLS | 2014-03 | pat_cagr_5yr | INSUFFICIENT
CAGR | HAVELLS | 2014-03 | pat_cagr_10yr | INSUFFICIENT
CAGR | HAVELLS | 2014-03 | eps_cagr_3yr | INSUFFICIENT
CAGR | HAVELLS | 2014-03 | eps_cagr_5yr | INSUFFICIENT
CAGR | HAVELLS | 2014-03 | eps_cagr_10yr | INSUFFICIENT
CAGR | HAVELLS | 2015-03 | revenue_cagr_3yr | INSUFFICIENT
CAGR | HAVELLS | 2015-03 | revenue_cagr_5yr | INSUFFICIENT
CAGR | HAVELLS | 2015-03 | revenue_cagr_10yr | INSUFFICIENT
CAGR | HAVELLS | 2015-03 | pat_cagr_3yr | INSUFFICIENT
CAGR | HAVELLS | 2015-03 | pat_cagr_5yr | INSUFFICIENT
CAGR | HAVELLS | 2015-03 | pat_cagr_10yr | INSUFFICIENT
CAGR | HAVELLS | 2015-03 | eps_cagr_3yr | INSUFFICIENT
CAGR | HAVELLS | 2015-03 | eps_cagr_5yr | INSUFFICIENT
CAGR | HAVELLS | 2015-03 | eps_cagr_10yr | INSUFFICIENT
CAGR | HAVELLS | 2016-03 | revenue_cagr_5yr | INSUFFICIENT
CAGR | HAVELLS | 2016-03 | revenue_cagr_10yr | INSUFFICIENT
CAGR | HAVELLS | 2016-03 | pat_cagr_5yr | INSUFFICIENT
CAGR | HAVELLS | 2016-03 | pat_cagr_10yr | INSUFFICIENT
CAGR | HAVELLS | 2016-03 | eps_cagr_5yr | INSUFFICIENT
CAGR | HAVELLS | 2016-03 | eps_cagr_10yr | INSUFFICIENT
CAGR | HAVELLS | 2017-03 | revenue_cagr_5yr | INSUFFICIENT
CAGR | HAVELLS | 2017-03 | revenue_cagr_10yr | INSUFFICIENT
CAGR | HAVELLS | 2017-03 | pat_cagr_5yr | INSUFFICIENT
CAGR | HAVELLS | 2017-03 | pat_cagr_10yr | INSUFFICIENT
CAGR | HAVELLS | 2017-03 | eps_cagr_5yr | INSUFFICIENT
CAGR | HAVELLS | 2017-03 | eps_cagr_10yr | INSUFFICIENT
CAGR | HAVELLS | 2018-03 | revenue_cagr_10yr | INSUFFICIENT
CAGR | HAVELLS | 2018-03 | pat_cagr_10yr | INSUFFICIENT
CAGR | HAVELLS | 2018-03 | eps_cagr_10yr | INSUFFICIENT
CAGR | HAVELLS | 2019-03 | revenue_cagr_10yr | INSUFFICIENT
CAGR | HAVELLS | 2019-03 | pat_cagr_10yr | INSUFFICIENT
CAGR | HAVELLS | 2019-03 | eps_cagr_10yr | INSUFFICIENT
CAGR | HAVELLS | 2020-03 | revenue_cagr_10yr | INSUFFICIENT
CAGR | HAVELLS | 2020-03 | pat_cagr_10yr | INSUFFICIENT
CAGR | HAVELLS | 2020-03 | eps_cagr_10yr | INSUFFICIENT
CAGR | HAVELLS | 2021-03 | revenue_cagr_10yr | INSUFFICIENT
CAGR | HAVELLS | 2021-03 | pat_cagr_10yr | INSUFFICIENT
CAGR | HAVELLS | 2021-03 | eps_cagr_10yr | INSUFFICIENT
CAGR | HAVELLS | 2022-03 | revenue_cagr_10yr | INSUFFICIENT
CAGR | HAVELLS | 2022-03 | pat_cagr_10yr | INSUFFICIENT
CAGR | HAVELLS | 2022-03 | eps_cagr_10yr | INSUFFICIENT
CAGR | HAVELLS | 2024-09 | revenue_cagr_3yr | INSUFFICIENT
CAGR | HAVELLS | 2024-09 | revenue_cagr_5yr | INSUFFICIENT
CAGR | HAVELLS | 2024-09 | revenue_cagr_10yr | INSUFFICIENT
CAGR | HAVELLS | 2024-09 | pat_cagr_3yr | INSUFFICIENT
CAGR | HAVELLS | 2024-09 | pat_cagr_5yr | INSUFFICIENT
CAGR | HAVELLS | 2024-09 | pat_cagr_10yr | INSUFFICIENT
CAGR | HAVELLS | 2024-09 | eps_cagr_3yr | INSUFFICIENT
CAGR | HAVELLS | 2024-09 | eps_cagr_5yr | INSUFFICIENT
CAGR | HAVELLS | 2024-09 | eps_cagr_10yr | INSUFFICIENT
CAGR | HCLTECH | 2013-06 | revenue_cagr_3yr | INSUFFICIENT
CAGR | HCLTECH | 2013-06 | revenue_cagr_5yr | INSUFFICIENT
CAGR | HCLTECH | 2013-06 | revenue_cagr_10yr | INSUFFICIENT
CAGR | HCLTECH | 2013-06 | pat_cagr_3yr | INSUFFICIENT
CAGR | HCLTECH | 2013-06 | pat_cagr_5yr | INSUFFICIENT
CAGR | HCLTECH | 2013-06 | pat_cagr_10yr | INSUFFICIENT
CAGR | HCLTECH | 2013-06 | eps_cagr_3yr | INSUFFICIENT
CAGR | HCLTECH | 2013-06 | eps_cagr_5yr | INSUFFICIENT
CAGR | HCLTECH | 2013-06 | eps_cagr_10yr | INSUFFICIENT
CAGR | HCLTECH | 2014-06 | revenue_cagr_3yr | INSUFFICIENT
CAGR | HCLTECH | 2014-06 | revenue_cagr_5yr | INSUFFICIENT
CAGR | HCLTECH | 2014-06 | revenue_cagr_10yr | INSUFFICIENT
CAGR | HCLTECH | 2014-06 | pat_cagr_3yr | INSUFFICIENT
CAGR | HCLTECH | 2014-06 | pat_cagr_5yr | INSUFFICIENT
CAGR | HCLTECH | 2014-06 | pat_cagr_10yr | INSUFFICIENT
CAGR | HCLTECH | 2014-06 | eps_cagr_3yr | INSUFFICIENT
CAGR | HCLTECH | 2014-06 | eps_cagr_5yr | INSUFFICIENT
CAGR | HCLTECH | 2014-06 | eps_cagr_10yr | INSUFFICIENT
CAGR | HCLTECH | 2015-06 | revenue_cagr_3yr | INSUFFICIENT
CAGR | HCLTECH | 2015-06 | revenue_cagr_5yr | INSUFFICIENT
CAGR | HCLTECH | 2015-06 | revenue_cagr_10yr | INSUFFICIENT
CAGR | HCLTECH | 2015-06 | pat_cagr_3yr | INSUFFICIENT
CAGR | HCLTECH | 2015-06 | pat_cagr_5yr | INSUFFICIENT
CAGR | HCLTECH | 2015-06 | pat_cagr_10yr | INSUFFICIENT
CAGR | HCLTECH | 2015-06 | eps_cagr_3yr | INSUFFICIENT
CAGR | HCLTECH | 2015-06 | eps_cagr_5yr | INSUFFICIENT
CAGR | HCLTECH | 2015-06 | eps_cagr_10yr | INSUFFICIENT
CAGR | HCLTECH | 2016-03 | revenue_cagr_3yr | INSUFFICIENT
CAGR | HCLTECH | 2016-03 | revenue_cagr_5yr | INSUFFICIENT
CAGR | HCLTECH | 2016-03 | revenue_cagr_10yr | INSUFFICIENT
CAGR | HCLTECH | 2016-03 | pat_cagr_3yr | INSUFFICIENT
CAGR | HCLTECH | 2016-03 | pat_cagr_5yr | INSUFFICIENT
CAGR | HCLTECH | 2016-03 | pat_cagr_10yr | INSUFFICIENT
CAGR | HCLTECH | 2016-03 | eps_cagr_3yr | INSUFFICIENT
CAGR | HCLTECH | 2016-03 | eps_cagr_5yr | INSUFFICIENT
CAGR | HCLTECH | 2016-03 | eps_cagr_10yr | INSUFFICIENT
CAGR | HCLTECH | 2017-03 | revenue_cagr_5yr | INSUFFICIENT
CAGR | HCLTECH | 2017-03 | revenue_cagr_10yr | INSUFFICIENT
CAGR | HCLTECH | 2017-03 | pat_cagr_5yr | INSUFFICIENT
CAGR | HCLTECH | 2017-03 | pat_cagr_10yr | INSUFFICIENT
CAGR | HCLTECH | 2017-03 | eps_cagr_5yr | INSUFFICIENT
CAGR | HCLTECH | 2017-03 | eps_cagr_10yr | INSUFFICIENT
CAGR | HCLTECH | 2018-03 | revenue_cagr_10yr | INSUFFICIENT
CAGR | HCLTECH | 2018-03 | pat_cagr_10yr | INSUFFICIENT
CAGR | HCLTECH | 2018-03 | eps_cagr_10yr | INSUFFICIENT
CAGR | HCLTECH | 2019-03 | revenue_cagr_3yr | INSUFFICIENT
CAGR | HCLTECH | 2019-03 | revenue_cagr_10yr | INSUFFICIENT
CAGR | HCLTECH | 2019-03 | pat_cagr_3yr | INSUFFICIENT
CAGR | HCLTECH | 2019-03 | pat_cagr_10yr | INSUFFICIENT
CAGR | HCLTECH | 2019-03 | eps_cagr_3yr | INSUFFICIENT
CAGR | HCLTECH | 2019-03 | eps_cagr_10yr | INSUFFICIENT
CAGR | HCLTECH | 2020-03 | revenue_cagr_10yr | INSUFFICIENT
CAGR | HCLTECH | 2020-03 | pat_cagr_10yr | INSUFFICIENT
CAGR | HCLTECH | 2020-03 | eps_cagr_10yr | INSUFFICIENT
CAGR | HCLTECH | 2021-03 | revenue_cagr_5yr | INSUFFICIENT
CAGR | HCLTECH | 2021-03 | revenue_cagr_10yr | INSUFFICIENT
CAGR | HCLTECH | 2021-03 | pat_cagr_5yr | INSUFFICIENT
CAGR | HCLTECH | 2021-03 | pat_cagr_10yr | INSUFFICIENT
CAGR | HCLTECH | 2021-03 | eps_cagr_5yr | INSUFFICIENT
CAGR | HCLTECH | 2021-03 | eps_cagr_10yr | INSUFFICIENT
CAGR | HCLTECH | 2022-03 | revenue_cagr_10yr | INSUFFICIENT
CAGR | HCLTECH | 2022-03 | pat_cagr_10yr | INSUFFICIENT
CAGR | HCLTECH | 2022-03 | eps_cagr_10yr | INSUFFICIENT
CAGR | HCLTECH | 2024-09 | revenue_cagr_3yr | INSUFFICIENT
CAGR | HCLTECH | 2024-09 | revenue_cagr_5yr | INSUFFICIENT
CAGR | HCLTECH | 2024-09 | revenue_cagr_10yr | INSUFFICIENT
CAGR | HCLTECH | 2024-09 | pat_cagr_3yr | INSUFFICIENT
CAGR | HCLTECH | 2024-09 | pat_cagr_5yr | INSUFFICIENT
CAGR | HCLTECH | 2024-09 | pat_cagr_10yr | INSUFFICIENT
CAGR | HCLTECH | 2024-09 | eps_cagr_3yr | INSUFFICIENT
CAGR | HCLTECH | 2024-09 | eps_cagr_5yr | INSUFFICIENT
CAGR | HCLTECH | 2024-09 | eps_cagr_10yr | INSUFFICIENT
OPM | HDFCBANK | 2013-03 | source=3534.0 computed=35.2221 | SOURCE_MISMATCH
CAGR | HDFCBANK | 2013-03 | revenue_cagr_3yr | INSUFFICIENT
CAGR | HDFCBANK | 2013-03 | revenue_cagr_5yr | INSUFFICIENT
CAGR | HDFCBANK | 2013-03 | revenue_cagr_10yr | INSUFFICIENT
CAGR | HDFCBANK | 2013-03 | pat_cagr_3yr | INSUFFICIENT
CAGR | HDFCBANK | 2013-03 | pat_cagr_5yr | INSUFFICIENT
CAGR | HDFCBANK | 2013-03 | pat_cagr_10yr | INSUFFICIENT
CAGR | HDFCBANK | 2013-03 | eps_cagr_3yr | INSUFFICIENT
CAGR | HDFCBANK | 2013-03 | eps_cagr_5yr | INSUFFICIENT
CAGR | HDFCBANK | 2013-03 | eps_cagr_10yr | INSUFFICIENT
OPM | HDFCBANK | 2014-03 | source=5602.0 computed=31.7425 | SOURCE_MISMATCH
CAGR | HDFCBANK | 2014-03 | revenue_cagr_3yr | INSUFFICIENT
CAGR | HDFCBANK | 2014-03 | revenue_cagr_5yr | INSUFFICIENT
CAGR | HDFCBANK | 2014-03 | revenue_cagr_10yr | INSUFFICIENT
CAGR | HDFCBANK | 2014-03 | pat_cagr_3yr | INSUFFICIENT
CAGR | HDFCBANK | 2014-03 | pat_cagr_5yr | INSUFFICIENT
CAGR | HDFCBANK | 2014-03 | pat_cagr_10yr | INSUFFICIENT
CAGR | HDFCBANK | 2014-03 | eps_cagr_3yr | INSUFFICIENT
CAGR | HDFCBANK | 2014-03 | eps_cagr_5yr | INSUFFICIENT
CAGR | HDFCBANK | 2014-03 | eps_cagr_10yr | INSUFFICIENT
OPM | HDFCBANK | 2015-03 | source=7214.0 computed=31.9031 | SOURCE_MISMATCH
CAGR | HDFCBANK | 2015-03 | revenue_cagr_3yr | INSUFFICIENT
CAGR | HDFCBANK | 2015-03 | revenue_cagr_5yr | INSUFFICIENT
CAGR | HDFCBANK | 2015-03 | revenue_cagr_10yr | INSUFFICIENT
CAGR | HDFCBANK | 2015-03 | pat_cagr_3yr | INSUFFICIENT
CAGR | HDFCBANK | 2015-03 | pat_cagr_5yr | INSUFFICIENT
CAGR | HDFCBANK | 2015-03 | pat_cagr_10yr | INSUFFICIENT
CAGR | HDFCBANK | 2015-03 | eps_cagr_3yr | INSUFFICIENT
CAGR | HDFCBANK | 2015-03 | eps_cagr_5yr | INSUFFICIENT
CAGR | HDFCBANK | 2015-03 | eps_cagr_10yr | INSUFFICIENT
OPM | HDFCBANK | 2016-03 | source=9037.0 computed=31.7517 | SOURCE_MISMATCH
CAGR | HDFCBANK | 2016-03 | revenue_cagr_5yr | INSUFFICIENT
CAGR | HDFCBANK | 2016-03 | revenue_cagr_10yr | INSUFFICIENT
CAGR | HDFCBANK | 2016-03 | pat_cagr_5yr | INSUFFICIENT
CAGR | HDFCBANK | 2016-03 | pat_cagr_10yr | INSUFFICIENT
CAGR | HDFCBANK | 2016-03 | eps_cagr_5yr | INSUFFICIENT
CAGR | HDFCBANK | 2016-03 | eps_cagr_10yr | INSUFFICIENT
OPM | HDFCBANK | 2017-03 | source=11374.0 computed=32.5586 | SOURCE_MISMATCH
CAGR | HDFCBANK | 2017-03 | revenue_cagr_5yr | INSUFFICIENT
CAGR | HDFCBANK | 2017-03 | revenue_cagr_10yr | INSUFFICIENT
CAGR | HDFCBANK | 2017-03 | pat_cagr_5yr | INSUFFICIENT
CAGR | HDFCBANK | 2017-03 | pat_cagr_10yr | INSUFFICIENT
CAGR | HDFCBANK | 2017-03 | eps_cagr_5yr | INSUFFICIENT
CAGR | HDFCBANK | 2017-03 | eps_cagr_10yr | INSUFFICIENT
OPM | HDFCBANK | 2018-03 | source=13374.0 computed=34.6262 | SOURCE_MISMATCH
CAGR | HDFCBANK | 2018-03 | revenue_cagr_10yr | INSUFFICIENT
CAGR | HDFCBANK | 2018-03 | pat_cagr_10yr | INSUFFICIENT
CAGR | HDFCBANK | 2018-03 | eps_cagr_10yr | INSUFFICIENT
OPM | HDFCBANK | 2019-03 | source=16592.0 computed=33.1454 | SOURCE_MISMATCH
CAGR | HDFCBANK | 2019-03 | revenue_cagr_10yr | INSUFFICIENT
CAGR | HDFCBANK | 2019-03 | pat_cagr_10yr | INSUFFICIENT
CAGR | HDFCBANK | 2019-03 | eps_cagr_10yr | INSUFFICIENT
OPM | HDFCBANK | 2020-03 | source=14593.0 computed=37.2038 | SOURCE_MISMATCH
CAGR | HDFCBANK | 2020-03 | revenue_cagr_10yr | INSUFFICIENT
CAGR | HDFCBANK | 2020-03 | pat_cagr_10yr | INSUFFICIENT
CAGR | HDFCBANK | 2020-03 | eps_cagr_10yr | INSUFFICIENT
OPM | HDFCBANK | 2021-03 | source=16848.0 computed=40.8061 | SOURCE_MISMATCH
CAGR | HDFCBANK | 2021-03 | revenue_cagr_10yr | INSUFFICIENT
CAGR | HDFCBANK | 2021-03 | pat_cagr_10yr | INSUFFICIENT
CAGR | HDFCBANK | 2021-03 | eps_cagr_10yr | INSUFFICIENT
OPM | HDFCBANK | 2022-03 | source=20795.0 computed=41.6056 | SOURCE_MISMATCH
CAGR | HDFCBANK | 2022-03 | revenue_cagr_10yr | INSUFFICIENT
CAGR | HDFCBANK | 2022-03 | pat_cagr_10yr | INSUFFICIENT
CAGR | HDFCBANK | 2022-03 | eps_cagr_10yr | INSUFFICIENT
OPM | HDFCBANK | 2023-03 | source=29932.0 computed=36.9198 | SOURCE_MISMATCH
OPM | HDFCBANK | 2024-03 | source=-44685.0 computed=61.4125 | SOURCE_MISMATCH
OPM | HDFCLIFE | 2013-03 | source=525.0 computed=96.2660 | SOURCE_MISMATCH
CAGR | HDFCLIFE | 2013-03 | revenue_cagr_3yr | INSUFFICIENT
CAGR | HDFCLIFE | 2013-03 | revenue_cagr_5yr | INSUFFICIENT
CAGR | HDFCLIFE | 2013-03 | revenue_cagr_10yr | INSUFFICIENT
CAGR | HDFCLIFE | 2013-03 | pat_cagr_3yr | INSUFFICIENT
CAGR | HDFCLIFE | 2013-03 | pat_cagr_5yr | INSUFFICIENT
CAGR | HDFCLIFE | 2013-03 | pat_cagr_10yr | INSUFFICIENT
CAGR | HDFCLIFE | 2013-03 | eps_cagr_3yr | INSUFFICIENT
CAGR | HDFCLIFE | 2013-03 | eps_cagr_5yr | INSUFFICIENT
CAGR | HDFCLIFE | 2013-03 | eps_cagr_10yr | INSUFFICIENT
OPM | HDFCLIFE | 2014-03 | source=605.0 computed=96.4756 | SOURCE_MISMATCH
CAGR | HDFCLIFE | 2014-03 | revenue_cagr_3yr | INSUFFICIENT
CAGR | HDFCLIFE | 2014-03 | revenue_cagr_5yr | INSUFFICIENT
CAGR | HDFCLIFE | 2014-03 | revenue_cagr_10yr | INSUFFICIENT
CAGR | HDFCLIFE | 2014-03 | pat_cagr_3yr | INSUFFICIENT
CAGR | HDFCLIFE | 2014-03 | pat_cagr_5yr | INSUFFICIENT
CAGR | HDFCLIFE | 2014-03 | pat_cagr_10yr | INSUFFICIENT
CAGR | HDFCLIFE | 2014-03 | eps_cagr_3yr | INSUFFICIENT
CAGR | HDFCLIFE | 2014-03 | eps_cagr_5yr | INSUFFICIENT
CAGR | HDFCLIFE | 2014-03 | eps_cagr_10yr | INSUFFICIENT
OPM | HDFCLIFE | 2015-03 | source=874.0 computed=96.7885 | SOURCE_MISMATCH
CAGR | HDFCLIFE | 2015-03 | revenue_cagr_3yr | INSUFFICIENT
CAGR | HDFCLIFE | 2015-03 | revenue_cagr_5yr | INSUFFICIENT
CAGR | HDFCLIFE | 2015-03 | revenue_cagr_10yr | INSUFFICIENT
CAGR | HDFCLIFE | 2015-03 | pat_cagr_3yr | INSUFFICIENT
CAGR | HDFCLIFE | 2015-03 | pat_cagr_5yr | INSUFFICIENT
CAGR | HDFCLIFE | 2015-03 | pat_cagr_10yr | INSUFFICIENT
CAGR | HDFCLIFE | 2015-03 | eps_cagr_3yr | INSUFFICIENT
CAGR | HDFCLIFE | 2015-03 | eps_cagr_5yr | INSUFFICIENT
CAGR | HDFCLIFE | 2015-03 | eps_cagr_10yr | INSUFFICIENT
OPM | HDFCLIFE | 2016-03 | source=953.0 computed=94.7412 | SOURCE_MISMATCH
CAGR | HDFCLIFE | 2016-03 | revenue_cagr_5yr | INSUFFICIENT
CAGR | HDFCLIFE | 2016-03 | revenue_cagr_10yr | INSUFFICIENT
CAGR | HDFCLIFE | 2016-03 | pat_cagr_5yr | INSUFFICIENT
CAGR | HDFCLIFE | 2016-03 | pat_cagr_10yr | INSUFFICIENT
CAGR | HDFCLIFE | 2016-03 | eps_cagr_5yr | INSUFFICIENT
CAGR | HDFCLIFE | 2016-03 | eps_cagr_10yr | INSUFFICIENT
OPM | HDFCLIFE | 2017-03 | source=972.0 computed=96.8251 | SOURCE_MISMATCH
CAGR | HDFCLIFE | 2017-03 | revenue_cagr_5yr | INSUFFICIENT
CAGR | HDFCLIFE | 2017-03 | revenue_cagr_10yr | INSUFFICIENT
CAGR | HDFCLIFE | 2017-03 | pat_cagr_5yr | INSUFFICIENT
CAGR | HDFCLIFE | 2017-03 | pat_cagr_10yr | INSUFFICIENT
CAGR | HDFCLIFE | 2017-03 | eps_cagr_5yr | INSUFFICIENT
CAGR | HDFCLIFE | 2017-03 | eps_cagr_10yr | INSUFFICIENT
OPM | HDFCLIFE | 2018-03 | source=1074.0 computed=96.6708 | SOURCE_MISMATCH
CAGR | HDFCLIFE | 2018-03 | revenue_cagr_10yr | INSUFFICIENT
CAGR | HDFCLIFE | 2018-03 | pat_cagr_10yr | INSUFFICIENT
CAGR | HDFCLIFE | 2018-03 | eps_cagr_10yr | INSUFFICIENT
OPM | HDFCLIFE | 2019-03 | source=1215.0 computed=96.8730 | SOURCE_MISMATCH
CAGR | HDFCLIFE | 2019-03 | revenue_cagr_10yr | INSUFFICIENT
CAGR | HDFCLIFE | 2019-03 | pat_cagr_10yr | INSUFFICIENT
CAGR | HDFCLIFE | 2019-03 | eps_cagr_10yr | INSUFFICIENT
OPM | HDFCLIFE | 2020-03 | source=1141.0 computed=96.1164 | SOURCE_MISMATCH
CAGR | HDFCLIFE | 2020-03 | revenue_cagr_10yr | INSUFFICIENT
CAGR | HDFCLIFE | 2020-03 | pat_cagr_10yr | INSUFFICIENT
CAGR | HDFCLIFE | 2020-03 | eps_cagr_10yr | INSUFFICIENT
OPM | HDFCLIFE | 2021-03 | source=1235.0 computed=98.2748 | SOURCE_MISMATCH
CAGR | HDFCLIFE | 2021-03 | revenue_cagr_10yr | INSUFFICIENT
CAGR | HDFCLIFE | 2021-03 | pat_cagr_10yr | INSUFFICIENT
CAGR | HDFCLIFE | 2021-03 | eps_cagr_10yr | INSUFFICIENT
OPM | HDFCLIFE | 2022-03 | source=778.0 computed=98.8410 | SOURCE_MISMATCH
CAGR | HDFCLIFE | 2022-03 | revenue_cagr_10yr | INSUFFICIENT
CAGR | HDFCLIFE | 2022-03 | pat_cagr_10yr | INSUFFICIENT
CAGR | HDFCLIFE | 2022-03 | eps_cagr_10yr | INSUFFICIENT
OPM | HDFCLIFE | 2023-03 | source=80.0 computed=99.8861 | SOURCE_MISMATCH
OPM | HDFCLIFE | 2024-03 | source=531.0 computed=99.4768 | SOURCE_MISMATCH
CAGR | HDFCLIFE | 2024-09 | revenue_cagr_3yr | INSUFFICIENT
CAGR | HDFCLIFE | 2024-09 | revenue_cagr_5yr | INSUFFICIENT
CAGR | HDFCLIFE | 2024-09 | revenue_cagr_10yr | INSUFFICIENT
CAGR | HDFCLIFE | 2024-09 | pat_cagr_3yr | INSUFFICIENT
CAGR | HDFCLIFE | 2024-09 | pat_cagr_5yr | INSUFFICIENT
CAGR | HDFCLIFE | 2024-09 | pat_cagr_10yr | INSUFFICIENT
CAGR | HDFCLIFE | 2024-09 | eps_cagr_3yr | INSUFFICIENT
CAGR | HDFCLIFE | 2024-09 | eps_cagr_5yr | INSUFFICIENT
CAGR | HDFCLIFE | 2024-09 | eps_cagr_10yr | INSUFFICIENT
OPM | HEROMOTOCO | 2014-03 | source=3553.0 computed=85.9426 | SOURCE_MISMATCH
CAGR | HEROMOTOCO | 2014-03 | revenue_cagr_3yr | INSUFFICIENT
CAGR | HEROMOTOCO | 2014-03 | revenue_cagr_5yr | INSUFFICIENT
CAGR | HEROMOTOCO | 2014-03 | revenue_cagr_10yr | INSUFFICIENT
CAGR | HEROMOTOCO | 2014-03 | pat_cagr_3yr | INSUFFICIENT
CAGR | HEROMOTOCO | 2014-03 | pat_cagr_5yr | INSUFFICIENT
CAGR | HEROMOTOCO | 2014-03 | pat_cagr_10yr | INSUFFICIENT
CAGR | HEROMOTOCO | 2014-03 | eps_cagr_3yr | INSUFFICIENT
CAGR | HEROMOTOCO | 2014-03 | eps_cagr_5yr | INSUFFICIENT
CAGR | HEROMOTOCO | 2014-03 | eps_cagr_10yr | INSUFFICIENT
OPM | HEROMOTOCO | 2015-03 | source=3520.0 computed=87.2177 | SOURCE_MISMATCH
CAGR | HEROMOTOCO | 2015-03 | revenue_cagr_3yr | INSUFFICIENT
CAGR | HEROMOTOCO | 2015-03 | revenue_cagr_5yr | INSUFFICIENT
CAGR | HEROMOTOCO | 2015-03 | revenue_cagr_10yr | INSUFFICIENT
CAGR | HEROMOTOCO | 2015-03 | pat_cagr_3yr | INSUFFICIENT
CAGR | HEROMOTOCO | 2015-03 | pat_cagr_5yr | INSUFFICIENT
CAGR | HEROMOTOCO | 2015-03 | pat_cagr_10yr | INSUFFICIENT
CAGR | HEROMOTOCO | 2015-03 | eps_cagr_3yr | INSUFFICIENT
CAGR | HEROMOTOCO | 2015-03 | eps_cagr_5yr | INSUFFICIENT
CAGR | HEROMOTOCO | 2015-03 | eps_cagr_10yr | INSUFFICIENT
OPM | HEROMOTOCO | 2016-03 | source=4424.0 computed=84.4537 | SOURCE_MISMATCH
CAGR | HEROMOTOCO | 2016-03 | revenue_cagr_3yr | INSUFFICIENT
CAGR | HEROMOTOCO | 2016-03 | revenue_cagr_5yr | INSUFFICIENT
CAGR | HEROMOTOCO | 2016-03 | revenue_cagr_10yr | INSUFFICIENT
CAGR | HEROMOTOCO | 2016-03 | pat_cagr_3yr | INSUFFICIENT
CAGR | HEROMOTOCO | 2016-03 | pat_cagr_5yr | INSUFFICIENT
CAGR | HEROMOTOCO | 2016-03 | pat_cagr_10yr | INSUFFICIENT
CAGR | HEROMOTOCO | 2016-03 | eps_cagr_3yr | INSUFFICIENT
CAGR | HEROMOTOCO | 2016-03 | eps_cagr_5yr | INSUFFICIENT
CAGR | HEROMOTOCO | 2016-03 | eps_cagr_10yr | INSUFFICIENT
OPM | HEROMOTOCO | 2017-03 | source=4585.0 computed=83.9741 | SOURCE_MISMATCH
CAGR | HEROMOTOCO | 2017-03 | revenue_cagr_5yr | INSUFFICIENT
CAGR | HEROMOTOCO | 2017-03 | revenue_cagr_10yr | INSUFFICIENT
CAGR | HEROMOTOCO | 2017-03 | pat_cagr_5yr | INSUFFICIENT
CAGR | HEROMOTOCO | 2017-03 | pat_cagr_10yr | INSUFFICIENT
CAGR | HEROMOTOCO | 2017-03 | eps_cagr_5yr | INSUFFICIENT
CAGR | HEROMOTOCO | 2017-03 | eps_cagr_10yr | INSUFFICIENT
OPM | HEROMOTOCO | 2018-03 | source=5334.0 computed=83.5665 | SOURCE_MISMATCH
CAGR | HEROMOTOCO | 2018-03 | revenue_cagr_5yr | INSUFFICIENT
CAGR | HEROMOTOCO | 2018-03 | revenue_cagr_10yr | INSUFFICIENT
CAGR | HEROMOTOCO | 2018-03 | pat_cagr_5yr | INSUFFICIENT
CAGR | HEROMOTOCO | 2018-03 | pat_cagr_10yr | INSUFFICIENT
CAGR | HEROMOTOCO | 2018-03 | eps_cagr_5yr | INSUFFICIENT
CAGR | HEROMOTOCO | 2018-03 | eps_cagr_10yr | INSUFFICIENT
OPM | HEROMOTOCO | 2019-03 | source=5025.0 computed=85.2080 | SOURCE_MISMATCH
CAGR | HEROMOTOCO | 2019-03 | revenue_cagr_10yr | INSUFFICIENT
CAGR | HEROMOTOCO | 2019-03 | pat_cagr_10yr | INSUFFICIENT
CAGR | HEROMOTOCO | 2019-03 | eps_cagr_10yr | INSUFFICIENT
OPM | HEROMOTOCO | 2020-03 | source=4070.0 computed=86.0874 | SOURCE_MISMATCH
CAGR | HEROMOTOCO | 2020-03 | revenue_cagr_10yr | INSUFFICIENT
CAGR | HEROMOTOCO | 2020-03 | pat_cagr_10yr | INSUFFICIENT
CAGR | HEROMOTOCO | 2020-03 | eps_cagr_10yr | INSUFFICIENT
OPM | HEROMOTOCO | 2021-03 | source=4058.0 computed=86.8956 | SOURCE_MISMATCH
CAGR | HEROMOTOCO | 2021-03 | revenue_cagr_10yr | INSUFFICIENT
CAGR | HEROMOTOCO | 2021-03 | pat_cagr_10yr | INSUFFICIENT
CAGR | HEROMOTOCO | 2021-03 | eps_cagr_10yr | INSUFFICIENT
OPM | HEROMOTOCO | 2022-03 | source=3256.0 computed=88.9818 | SOURCE_MISMATCH
CAGR | HEROMOTOCO | 2022-03 | revenue_cagr_10yr | INSUFFICIENT
CAGR | HEROMOTOCO | 2022-03 | pat_cagr_10yr | INSUFFICIENT
CAGR | HEROMOTOCO | 2022-03 | eps_cagr_10yr | INSUFFICIENT
OPM | HEROMOTOCO | 2023-03 | source=4099.0 computed=88.0028 | SOURCE_MISMATCH
CAGR | HEROMOTOCO | 2023-03 | revenue_cagr_10yr | INSUFFICIENT
CAGR | HEROMOTOCO | 2023-03 | pat_cagr_10yr | INSUFFICIENT
CAGR | HEROMOTOCO | 2023-03 | eps_cagr_10yr | INSUFFICIENT
OPM | HEROMOTOCO | 2024-03 | source=5235.0 computed=86.1468 | SOURCE_MISMATCH
CAGR | HEROMOTOCO | 2024-09 | revenue_cagr_3yr | INSUFFICIENT
CAGR | HEROMOTOCO | 2024-09 | revenue_cagr_5yr | INSUFFICIENT
CAGR | HEROMOTOCO | 2024-09 | revenue_cagr_10yr | INSUFFICIENT
CAGR | HEROMOTOCO | 2024-09 | pat_cagr_3yr | INSUFFICIENT
CAGR | HEROMOTOCO | 2024-09 | pat_cagr_5yr | INSUFFICIENT
CAGR | HEROMOTOCO | 2024-09 | pat_cagr_10yr | INSUFFICIENT
CAGR | HEROMOTOCO | 2024-09 | eps_cagr_3yr | INSUFFICIENT
CAGR | HEROMOTOCO | 2024-09 | eps_cagr_5yr | INSUFFICIENT
CAGR | HEROMOTOCO | 2024-09 | eps_cagr_10yr | INSUFFICIENT
OPM | HINDALCO | 2013-03 | source=7699.0 computed=90.3994 | SOURCE_MISMATCH
CAGR | HINDALCO | 2013-03 | revenue_cagr_3yr | INSUFFICIENT
CAGR | HINDALCO | 2013-03 | revenue_cagr_5yr | INSUFFICIENT
CAGR | HINDALCO | 2013-03 | revenue_cagr_10yr | INSUFFICIENT
CAGR | HINDALCO | 2013-03 | pat_cagr_3yr | INSUFFICIENT
CAGR | HINDALCO | 2013-03 | pat_cagr_5yr | INSUFFICIENT
CAGR | HINDALCO | 2013-03 | pat_cagr_10yr | INSUFFICIENT
CAGR | HINDALCO | 2013-03 | eps_cagr_3yr | INSUFFICIENT
CAGR | HINDALCO | 2013-03 | eps_cagr_5yr | INSUFFICIENT
CAGR | HINDALCO | 2013-03 | eps_cagr_10yr | INSUFFICIENT
OPM | HINDALCO | 2014-03 | source=8024.0 computed=90.8501 | SOURCE_MISMATCH
CAGR | HINDALCO | 2014-03 | revenue_cagr_3yr | INSUFFICIENT
CAGR | HINDALCO | 2014-03 | revenue_cagr_5yr | INSUFFICIENT
CAGR | HINDALCO | 2014-03 | revenue_cagr_10yr | INSUFFICIENT
CAGR | HINDALCO | 2014-03 | pat_cagr_3yr | INSUFFICIENT
CAGR | HINDALCO | 2014-03 | pat_cagr_5yr | INSUFFICIENT
CAGR | HINDALCO | 2014-03 | pat_cagr_10yr | INSUFFICIENT
CAGR | HINDALCO | 2014-03 | eps_cagr_3yr | INSUFFICIENT
CAGR | HINDALCO | 2014-03 | eps_cagr_5yr | INSUFFICIENT
CAGR | HINDALCO | 2014-03 | eps_cagr_10yr | INSUFFICIENT
OPM | HINDALCO | 2015-03 | source=8844.0 computed=91.5191 | SOURCE_MISMATCH
CAGR | HINDALCO | 2015-03 | revenue_cagr_3yr | INSUFFICIENT
CAGR | HINDALCO | 2015-03 | revenue_cagr_5yr | INSUFFICIENT
CAGR | HINDALCO | 2015-03 | revenue_cagr_10yr | INSUFFICIENT
CAGR | HINDALCO | 2015-03 | pat_cagr_3yr | INSUFFICIENT
CAGR | HINDALCO | 2015-03 | pat_cagr_5yr | INSUFFICIENT
CAGR | HINDALCO | 2015-03 | pat_cagr_10yr | INSUFFICIENT
CAGR | HINDALCO | 2015-03 | eps_cagr_3yr | INSUFFICIENT
CAGR | HINDALCO | 2015-03 | eps_cagr_5yr | INSUFFICIENT
CAGR | HINDALCO | 2015-03 | eps_cagr_10yr | INSUFFICIENT
OPM | HINDALCO | 2016-03 | source=7778.0 computed=92.1243 | SOURCE_MISMATCH
CAGR | HINDALCO | 2016-03 | revenue_cagr_5yr | INSUFFICIENT
CAGR | HINDALCO | 2016-03 | revenue_cagr_10yr | INSUFFICIENT
CAGR | HINDALCO | 2016-03 | pat_cagr_3yr | DECLINE_TO_LOSS
CAGR | HINDALCO | 2016-03 | pat_cagr_5yr | INSUFFICIENT
CAGR | HINDALCO | 2016-03 | pat_cagr_10yr | INSUFFICIENT
CAGR | HINDALCO | 2016-03 | eps_cagr_3yr | DECLINE_TO_LOSS
CAGR | HINDALCO | 2016-03 | eps_cagr_5yr | INSUFFICIENT
CAGR | HINDALCO | 2016-03 | eps_cagr_10yr | INSUFFICIENT
OPM | HINDALCO | 2017-03 | source=12317.0 computed=87.7056 | SOURCE_MISMATCH
CAGR | HINDALCO | 2017-03 | revenue_cagr_5yr | INSUFFICIENT
CAGR | HINDALCO | 2017-03 | revenue_cagr_10yr | INSUFFICIENT
CAGR | HINDALCO | 2017-03 | pat_cagr_5yr | INSUFFICIENT
CAGR | HINDALCO | 2017-03 | pat_cagr_10yr | INSUFFICIENT
CAGR | HINDALCO | 2017-03 | eps_cagr_5yr | INSUFFICIENT
CAGR | HINDALCO | 2017-03 | eps_cagr_10yr | INSUFFICIENT
OPM | HINDALCO | 2018-03 | source=13695.0 computed=88.1102 | SOURCE_MISMATCH
CAGR | HINDALCO | 2018-03 | revenue_cagr_10yr | INSUFFICIENT
CAGR | HINDALCO | 2018-03 | pat_cagr_10yr | INSUFFICIENT
CAGR | HINDALCO | 2018-03 | eps_cagr_10yr | INSUFFICIENT
OPM | HINDALCO | 2019-03 | source=15511.0 computed=88.1180 | SOURCE_MISMATCH
CAGR | HINDALCO | 2019-03 | revenue_cagr_10yr | INSUFFICIENT
CAGR | HINDALCO | 2019-03 | pat_cagr_3yr | TURNAROUND
CAGR | HINDALCO | 2019-03 | pat_cagr_10yr | INSUFFICIENT
CAGR | HINDALCO | 2019-03 | eps_cagr_3yr | TURNAROUND
CAGR | HINDALCO | 2019-03 | eps_cagr_10yr | INSUFFICIENT
OPM | HINDALCO | 2020-03 | source=14306.0 computed=87.8910 | SOURCE_MISMATCH
CAGR | HINDALCO | 2020-03 | revenue_cagr_10yr | INSUFFICIENT
CAGR | HINDALCO | 2020-03 | pat_cagr_10yr | INSUFFICIENT
CAGR | HINDALCO | 2020-03 | eps_cagr_10yr | INSUFFICIENT
OPM | HINDALCO | 2021-03 | source=17559.0 computed=86.6985 | SOURCE_MISMATCH
CAGR | HINDALCO | 2021-03 | revenue_cagr_10yr | INSUFFICIENT
CAGR | HINDALCO | 2021-03 | pat_cagr_5yr | TURNAROUND
CAGR | HINDALCO | 2021-03 | pat_cagr_10yr | INSUFFICIENT
CAGR | HINDALCO | 2021-03 | eps_cagr_5yr | TURNAROUND
CAGR | HINDALCO | 2021-03 | eps_cagr_10yr | INSUFFICIENT
OPM | HINDALCO | 2022-03 | source=28347.0 computed=85.4675 | SOURCE_MISMATCH
CAGR | HINDALCO | 2022-03 | revenue_cagr_10yr | INSUFFICIENT
CAGR | HINDALCO | 2022-03 | pat_cagr_10yr | INSUFFICIENT
CAGR | HINDALCO | 2022-03 | eps_cagr_10yr | INSUFFICIENT
OPM | HINDALCO | 2023-03 | source=22666.0 computed=89.8451 | SOURCE_MISMATCH
OPM | HINDALCO | 2024-03 | source=23872.0 computed=88.9462 | SOURCE_MISMATCH
CAGR | HINDALCO | 2024-09 | revenue_cagr_3yr | INSUFFICIENT
CAGR | HINDALCO | 2024-09 | revenue_cagr_5yr | INSUFFICIENT
CAGR | HINDALCO | 2024-09 | revenue_cagr_10yr | INSUFFICIENT
CAGR | HINDALCO | 2024-09 | pat_cagr_3yr | INSUFFICIENT
CAGR | HINDALCO | 2024-09 | pat_cagr_5yr | INSUFFICIENT
CAGR | HINDALCO | 2024-09 | pat_cagr_10yr | INSUFFICIENT
CAGR | HINDALCO | 2024-09 | eps_cagr_3yr | INSUFFICIENT
CAGR | HINDALCO | 2024-09 | eps_cagr_5yr | INSUFFICIENT
CAGR | HINDALCO | 2024-09 | eps_cagr_10yr | INSUFFICIENT
OPM | HINDUNILVR | 2013-03 | source=4220.0 computed=84.3727 | SOURCE_MISMATCH
CAGR | HINDUNILVR | 2013-03 | revenue_cagr_3yr | INSUFFICIENT
CAGR | HINDUNILVR | 2013-03 | revenue_cagr_5yr | INSUFFICIENT
CAGR | HINDUNILVR | 2013-03 | revenue_cagr_10yr | INSUFFICIENT
CAGR | HINDUNILVR | 2013-03 | pat_cagr_3yr | INSUFFICIENT
CAGR | HINDUNILVR | 2013-03 | pat_cagr_5yr | INSUFFICIENT
CAGR | HINDUNILVR | 2013-03 | pat_cagr_10yr | INSUFFICIENT
CAGR | HINDUNILVR | 2013-03 | eps_cagr_3yr | INSUFFICIENT
CAGR | HINDUNILVR | 2013-03 | eps_cagr_5yr | INSUFFICIENT
CAGR | HINDUNILVR | 2013-03 | eps_cagr_10yr | INSUFFICIENT
OPM | HINDUNILVR | 2014-03 | source=4759.0 computed=83.7210 | SOURCE_MISMATCH
CAGR | HINDUNILVR | 2014-03 | revenue_cagr_3yr | INSUFFICIENT
CAGR | HINDUNILVR | 2014-03 | revenue_cagr_5yr | INSUFFICIENT
CAGR | HINDUNILVR | 2014-03 | revenue_cagr_10yr | INSUFFICIENT
CAGR | HINDUNILVR | 2014-03 | pat_cagr_3yr | INSUFFICIENT
CAGR | HINDUNILVR | 2014-03 | pat_cagr_5yr | INSUFFICIENT
CAGR | HINDUNILVR | 2014-03 | pat_cagr_10yr | INSUFFICIENT
CAGR | HINDUNILVR | 2014-03 | eps_cagr_3yr | INSUFFICIENT
CAGR | HINDUNILVR | 2014-03 | eps_cagr_5yr | INSUFFICIENT
CAGR | HINDUNILVR | 2014-03 | eps_cagr_10yr | INSUFFICIENT
OPM | HINDUNILVR | 2015-03 | source=5412.0 computed=83.0727 | SOURCE_MISMATCH
CAGR | HINDUNILVR | 2015-03 | revenue_cagr_3yr | INSUFFICIENT
CAGR | HINDUNILVR | 2015-03 | revenue_cagr_5yr | INSUFFICIENT
CAGR | HINDUNILVR | 2015-03 | revenue_cagr_10yr | INSUFFICIENT
CAGR | HINDUNILVR | 2015-03 | pat_cagr_3yr | INSUFFICIENT
CAGR | HINDUNILVR | 2015-03 | pat_cagr_5yr | INSUFFICIENT
CAGR | HINDUNILVR | 2015-03 | pat_cagr_10yr | INSUFFICIENT
CAGR | HINDUNILVR | 2015-03 | eps_cagr_3yr | INSUFFICIENT
CAGR | HINDUNILVR | 2015-03 | eps_cagr_5yr | INSUFFICIENT
CAGR | HINDUNILVR | 2015-03 | eps_cagr_10yr | INSUFFICIENT
OPM | HINDUNILVR | 2016-03 | source=5910.0 computed=81.6380 | SOURCE_MISMATCH
CAGR | HINDUNILVR | 2016-03 | revenue_cagr_5yr | INSUFFICIENT
CAGR | HINDUNILVR | 2016-03 | revenue_cagr_10yr | INSUFFICIENT
CAGR | HINDUNILVR | 2016-03 | pat_cagr_5yr | INSUFFICIENT
CAGR | HINDUNILVR | 2016-03 | pat_cagr_10yr | INSUFFICIENT
CAGR | HINDUNILVR | 2016-03 | eps_cagr_5yr | INSUFFICIENT
CAGR | HINDUNILVR | 2016-03 | eps_cagr_10yr | INSUFFICIENT
OPM | HINDUNILVR | 2017-03 | source=6328.0 computed=80.9179 | SOURCE_MISMATCH
CAGR | HINDUNILVR | 2017-03 | revenue_cagr_5yr | INSUFFICIENT
CAGR | HINDUNILVR | 2017-03 | revenue_cagr_10yr | INSUFFICIENT
CAGR | HINDUNILVR | 2017-03 | pat_cagr_5yr | INSUFFICIENT
CAGR | HINDUNILVR | 2017-03 | pat_cagr_10yr | INSUFFICIENT
CAGR | HINDUNILVR | 2017-03 | eps_cagr_5yr | INSUFFICIENT
CAGR | HINDUNILVR | 2017-03 | eps_cagr_10yr | INSUFFICIENT
OPM | HINDUNILVR | 2018-03 | source=7499.0 computed=78.9028 | SOURCE_MISMATCH
CAGR | HINDUNILVR | 2018-03 | revenue_cagr_10yr | INSUFFICIENT
CAGR | HINDUNILVR | 2018-03 | pat_cagr_10yr | INSUFFICIENT
CAGR | HINDUNILVR | 2018-03 | eps_cagr_10yr | INSUFFICIENT
OPM | HINDUNILVR | 2019-03 | source=8880.0 computed=77.4103 | SOURCE_MISMATCH
CAGR | HINDUNILVR | 2019-03 | revenue_cagr_10yr | INSUFFICIENT
CAGR | HINDUNILVR | 2019-03 | pat_cagr_10yr | INSUFFICIENT
CAGR | HINDUNILVR | 2019-03 | eps_cagr_10yr | INSUFFICIENT
OPM | HINDUNILVR | 2020-03 | source=9861.0 computed=75.2130 | SOURCE_MISMATCH
CAGR | HINDUNILVR | 2020-03 | revenue_cagr_10yr | INSUFFICIENT
CAGR | HINDUNILVR | 2020-03 | pat_cagr_10yr | INSUFFICIENT
CAGR | HINDUNILVR | 2020-03 | eps_cagr_10yr | INSUFFICIENT
OPM | HINDUNILVR | 2021-03 | source=11626.0 computed=75.2786 | SOURCE_MISMATCH
CAGR | HINDUNILVR | 2021-03 | revenue_cagr_10yr | INSUFFICIENT
CAGR | HINDUNILVR | 2021-03 | pat_cagr_10yr | INSUFFICIENT
CAGR | HINDUNILVR | 2021-03 | eps_cagr_10yr | INSUFFICIENT
OPM | HINDUNILVR | 2022-03 | source=12857.0 computed=75.4853 | SOURCE_MISMATCH
CAGR | HINDUNILVR | 2022-03 | revenue_cagr_10yr | INSUFFICIENT
CAGR | HINDUNILVR | 2022-03 | pat_cagr_10yr | INSUFFICIENT
CAGR | HINDUNILVR | 2022-03 | eps_cagr_10yr | INSUFFICIENT
OPM | HINDUNILVR | 2023-03 | source=14147.0 computed=76.6474 | SOURCE_MISMATCH
OPM | HINDUNILVR | 2024-03 | source=14659.0 computed=76.3167 | SOURCE_MISMATCH
CAGR | HINDUNILVR | 2024-09 | revenue_cagr_3yr | INSUFFICIENT
CAGR | HINDUNILVR | 2024-09 | revenue_cagr_5yr | INSUFFICIENT
CAGR | HINDUNILVR | 2024-09 | revenue_cagr_10yr | INSUFFICIENT
CAGR | HINDUNILVR | 2024-09 | pat_cagr_3yr | INSUFFICIENT
CAGR | HINDUNILVR | 2024-09 | pat_cagr_5yr | INSUFFICIENT
CAGR | HINDUNILVR | 2024-09 | pat_cagr_10yr | INSUFFICIENT
CAGR | HINDUNILVR | 2024-09 | eps_cagr_3yr | INSUFFICIENT
CAGR | HINDUNILVR | 2024-09 | eps_cagr_5yr | INSUFFICIENT
CAGR | HINDUNILVR | 2024-09 | eps_cagr_10yr | INSUFFICIENT
OPM | ICICIBANK | 2013-03 | source=-15085.0 computed=70.5893 | SOURCE_MISMATCH
CAGR | ICICIBANK | 2013-03 | revenue_cagr_3yr | INSUFFICIENT
CAGR | ICICIBANK | 2013-03 | revenue_cagr_5yr | INSUFFICIENT
CAGR | ICICIBANK | 2013-03 | revenue_cagr_10yr | INSUFFICIENT
CAGR | ICICIBANK | 2013-03 | pat_cagr_3yr | INSUFFICIENT
CAGR | ICICIBANK | 2013-03 | pat_cagr_5yr | INSUFFICIENT
CAGR | ICICIBANK | 2013-03 | pat_cagr_10yr | INSUFFICIENT
CAGR | ICICIBANK | 2013-03 | eps_cagr_3yr | INSUFFICIENT
CAGR | ICICIBANK | 2013-03 | eps_cagr_5yr | INSUFFICIENT
CAGR | ICICIBANK | 2013-03 | eps_cagr_10yr | INSUFFICIENT
OPM | ICICIBANK | 2014-03 | source=-13084.0 computed=66.3958 | SOURCE_MISMATCH
CAGR | ICICIBANK | 2014-03 | revenue_cagr_3yr | INSUFFICIENT
CAGR | ICICIBANK | 2014-03 | revenue_cagr_5yr | INSUFFICIENT
CAGR | ICICIBANK | 2014-03 | revenue_cagr_10yr | INSUFFICIENT
CAGR | ICICIBANK | 2014-03 | pat_cagr_3yr | INSUFFICIENT
CAGR | ICICIBANK | 2014-03 | pat_cagr_5yr | INSUFFICIENT
CAGR | ICICIBANK | 2014-03 | pat_cagr_10yr | INSUFFICIENT
CAGR | ICICIBANK | 2014-03 | eps_cagr_3yr | INSUFFICIENT
CAGR | ICICIBANK | 2014-03 | eps_cagr_5yr | INSUFFICIENT
CAGR | ICICIBANK | 2014-03 | eps_cagr_10yr | INSUFFICIENT
OPM | ICICIBANK | 2015-03 | source=-16120.0 computed=70.5298 | SOURCE_MISMATCH
CAGR | ICICIBANK | 2015-03 | revenue_cagr_3yr | INSUFFICIENT
CAGR | ICICIBANK | 2015-03 | revenue_cagr_5yr | INSUFFICIENT
CAGR | ICICIBANK | 2015-03 | revenue_cagr_10yr | INSUFFICIENT
CAGR | ICICIBANK | 2015-03 | pat_cagr_3yr | INSUFFICIENT
CAGR | ICICIBANK | 2015-03 | pat_cagr_5yr | INSUFFICIENT
CAGR | ICICIBANK | 2015-03 | pat_cagr_10yr | INSUFFICIENT
CAGR | ICICIBANK | 2015-03 | eps_cagr_3yr | INSUFFICIENT
CAGR | ICICIBANK | 2015-03 | eps_cagr_5yr | INSUFFICIENT
CAGR | ICICIBANK | 2015-03 | eps_cagr_10yr | INSUFFICIENT
OPM | ICICIBANK | 2016-03 | source=-26955.0 computed=88.1236 | SOURCE_MISMATCH
CAGR | ICICIBANK | 2016-03 | revenue_cagr_5yr | INSUFFICIENT
CAGR | ICICIBANK | 2016-03 | revenue_cagr_10yr | INSUFFICIENT
CAGR | ICICIBANK | 2016-03 | pat_cagr_5yr | INSUFFICIENT
CAGR | ICICIBANK | 2016-03 | pat_cagr_10yr | INSUFFICIENT
CAGR | ICICIBANK | 2016-03 | eps_cagr_5yr | INSUFFICIENT
CAGR | ICICIBANK | 2016-03 | eps_cagr_10yr | INSUFFICIENT
OPM | ICICIBANK | 2017-03 | source=-37737.0 computed=104.7604 | SOURCE_MISMATCH
CAGR | ICICIBANK | 2017-03 | revenue_cagr_5yr | INSUFFICIENT
CAGR | ICICIBANK | 2017-03 | revenue_cagr_10yr | INSUFFICIENT
CAGR | ICICIBANK | 2017-03 | pat_cagr_5yr | INSUFFICIENT
CAGR | ICICIBANK | 2017-03 | pat_cagr_10yr | INSUFFICIENT
CAGR | ICICIBANK | 2017-03 | eps_cagr_5yr | INSUFFICIENT
CAGR | ICICIBANK | 2017-03 | eps_cagr_10yr | INSUFFICIENT
OPM | ICICIBANK | 2018-03 | source=-44906.0 computed=117.1230 | SOURCE_MISMATCH
CAGR | ICICIBANK | 2018-03 | revenue_cagr_10yr | INSUFFICIENT
CAGR | ICICIBANK | 2018-03 | pat_cagr_10yr | INSUFFICIENT
CAGR | ICICIBANK | 2018-03 | eps_cagr_10yr | INSUFFICIENT
OPM | ICICIBANK | 2019-03 | source=-50971.0 computed=116.3833 | SOURCE_MISMATCH
CAGR | ICICIBANK | 2019-03 | revenue_cagr_10yr | INSUFFICIENT
CAGR | ICICIBANK | 2019-03 | pat_cagr_10yr | INSUFFICIENT
CAGR | ICICIBANK | 2019-03 | eps_cagr_10yr | INSUFFICIENT
OPM | ICICIBANK | 2020-03 | source=-45190.0 computed=100.6188 | SOURCE_MISMATCH
CAGR | ICICIBANK | 2020-03 | revenue_cagr_10yr | INSUFFICIENT
CAGR | ICICIBANK | 2020-03 | pat_cagr_10yr | INSUFFICIENT
CAGR | ICICIBANK | 2020-03 | eps_cagr_10yr | INSUFFICIENT
OPM | ICICIBANK | 2021-03 | source=-44805.0 computed=102.4068 | SOURCE_MISMATCH
CAGR | ICICIBANK | 2021-03 | revenue_cagr_10yr | INSUFFICIENT
CAGR | ICICIBANK | 2021-03 | pat_cagr_10yr | INSUFFICIENT
CAGR | ICICIBANK | 2021-03 | eps_cagr_10yr | INSUFFICIENT
OPM | ICICIBANK | 2022-03 | source=-26558.0 computed=84.6877 | SOURCE_MISMATCH
CAGR | ICICIBANK | 2022-03 | revenue_cagr_10yr | INSUFFICIENT
CAGR | ICICIBANK | 2022-03 | pat_cagr_10yr | INSUFFICIENT
CAGR | ICICIBANK | 2022-03 | eps_cagr_10yr | INSUFFICIENT
OPM | ICICIBANK | 2023-03 | source=-17341.0 computed=72.5747 | SOURCE_MISMATCH
OPM | ICICIBANK | 2024-03 | source=-14152.0 computed=62.4138 | SOURCE_MISMATCH
OPM | ICICIGI | 2013-03 | source=-178.0 computed=104.4616 | SOURCE_MISMATCH
CAGR | ICICIGI | 2013-03 | revenue_cagr_3yr | INSUFFICIENT
CAGR | ICICIGI | 2013-03 | revenue_cagr_5yr | INSUFFICIENT
CAGR | ICICIGI | 2013-03 | revenue_cagr_10yr | INSUFFICIENT
CAGR | ICICIGI | 2013-03 | pat_cagr_3yr | INSUFFICIENT
CAGR | ICICIGI | 2013-03 | pat_cagr_5yr | INSUFFICIENT
CAGR | ICICIGI | 2013-03 | pat_cagr_10yr | INSUFFICIENT
CAGR | ICICIGI | 2013-03 | eps_cagr_3yr | INSUFFICIENT
CAGR | ICICIGI | 2013-03 | eps_cagr_5yr | INSUFFICIENT
CAGR | ICICIGI | 2013-03 | eps_cagr_10yr | INSUFFICIENT
OPM | ICICIGI | 2014-03 | source=-225.0 computed=105.1930 | SOURCE_MISMATCH
CAGR | ICICIGI | 2014-03 | revenue_cagr_3yr | INSUFFICIENT
CAGR | ICICIGI | 2014-03 | revenue_cagr_5yr | INSUFFICIENT
CAGR | ICICIGI | 2014-03 | revenue_cagr_10yr | INSUFFICIENT
CAGR | ICICIGI | 2014-03 | pat_cagr_3yr | INSUFFICIENT
CAGR | ICICIGI | 2014-03 | pat_cagr_5yr | INSUFFICIENT
CAGR | ICICIGI | 2014-03 | pat_cagr_10yr | INSUFFICIENT
CAGR | ICICIGI | 2014-03 | eps_cagr_3yr | INSUFFICIENT
CAGR | ICICIGI | 2014-03 | eps_cagr_5yr | INSUFFICIENT
CAGR | ICICIGI | 2014-03 | eps_cagr_10yr | INSUFFICIENT
OPM | ICICIGI | 2015-03 | source=-221.0 computed=105.2433 | SOURCE_MISMATCH
CAGR | ICICIGI | 2015-03 | revenue_cagr_3yr | INSUFFICIENT
CAGR | ICICIGI | 2015-03 | revenue_cagr_5yr | INSUFFICIENT
CAGR | ICICIGI | 2015-03 | revenue_cagr_10yr | INSUFFICIENT
CAGR | ICICIGI | 2015-03 | pat_cagr_3yr | INSUFFICIENT
CAGR | ICICIGI | 2015-03 | pat_cagr_5yr | INSUFFICIENT
CAGR | ICICIGI | 2015-03 | pat_cagr_10yr | INSUFFICIENT
CAGR | ICICIGI | 2015-03 | eps_cagr_3yr | INSUFFICIENT
CAGR | ICICIGI | 2015-03 | eps_cagr_5yr | INSUFFICIENT
CAGR | ICICIGI | 2015-03 | eps_cagr_10yr | INSUFFICIENT
OPM | ICICIGI | 2016-03 | source=764.0 computed=87.3363 | SOURCE_MISMATCH
CAGR | ICICIGI | 2016-03 | revenue_cagr_5yr | INSUFFICIENT
CAGR | ICICIGI | 2016-03 | revenue_cagr_10yr | INSUFFICIENT
CAGR | ICICIGI | 2016-03 | pat_cagr_5yr | INSUFFICIENT
CAGR | ICICIGI | 2016-03 | pat_cagr_10yr | INSUFFICIENT
CAGR | ICICIGI | 2016-03 | eps_cagr_5yr | INSUFFICIENT
CAGR | ICICIGI | 2016-03 | eps_cagr_10yr | INSUFFICIENT
OPM | ICICIGI | 2017-03 | source=919.0 computed=87.7793 | SOURCE_MISMATCH
CAGR | ICICIGI | 2017-03 | revenue_cagr_5yr | INSUFFICIENT
CAGR | ICICIGI | 2017-03 | revenue_cagr_10yr | INSUFFICIENT
CAGR | ICICIGI | 2017-03 | pat_cagr_5yr | INSUFFICIENT
CAGR | ICICIGI | 2017-03 | pat_cagr_10yr | INSUFFICIENT
CAGR | ICICIGI | 2017-03 | eps_cagr_5yr | INSUFFICIENT
CAGR | ICICIGI | 2017-03 | eps_cagr_10yr | INSUFFICIENT
OPM | ICICIGI | 2018-03 | source=-262.0 computed=103.7905 | SOURCE_MISMATCH
CAGR | ICICIGI | 2018-03 | revenue_cagr_10yr | INSUFFICIENT
CAGR | ICICIGI | 2018-03 | pat_cagr_10yr | INSUFFICIENT
CAGR | ICICIGI | 2018-03 | eps_cagr_10yr | INSUFFICIENT
OPM | ICICIGI | 2019-03 | source=1669.0 computed=85.0488 | SOURCE_MISMATCH
CAGR | ICICIGI | 2019-03 | revenue_cagr_10yr | INSUFFICIENT
CAGR | ICICIGI | 2019-03 | pat_cagr_10yr | INSUFFICIENT
CAGR | ICICIGI | 2019-03 | eps_cagr_10yr | INSUFFICIENT
OPM | ICICIGI | 2020-03 | source=1772.0 computed=84.6140 | SOURCE_MISMATCH
CAGR | ICICIGI | 2020-03 | revenue_cagr_10yr | INSUFFICIENT
CAGR | ICICIGI | 2020-03 | pat_cagr_10yr | INSUFFICIENT
CAGR | ICICIGI | 2020-03 | eps_cagr_10yr | INSUFFICIENT
OPM | ICICIGI | 2021-03 | source=2072.0 computed=82.9702 | SOURCE_MISMATCH
CAGR | ICICIGI | 2021-03 | revenue_cagr_10yr | INSUFFICIENT
CAGR | ICICIGI | 2021-03 | pat_cagr_10yr | INSUFFICIENT
CAGR | ICICIGI | 2021-03 | eps_cagr_10yr | INSUFFICIENT
OPM | ICICIGI | 2022-03 | source=1016.0 computed=93.6603 | SOURCE_MISMATCH
CAGR | ICICIGI | 2022-03 | revenue_cagr_10yr | INSUFFICIENT
CAGR | ICICIGI | 2022-03 | pat_cagr_10yr | INSUFFICIENT
CAGR | ICICIGI | 2022-03 | eps_cagr_10yr | INSUFFICIENT
OPM | ICICIGI | 2023-03 | source=1264.0 computed=92.9291 | SOURCE_MISMATCH
OPM | ICICIGI | 2024-03 | source=2577.0 computed=87.4213 | SOURCE_MISMATCH
CAGR | ICICIGI | 2024-09 | revenue_cagr_3yr | INSUFFICIENT
CAGR | ICICIGI | 2024-09 | revenue_cagr_5yr | INSUFFICIENT
CAGR | ICICIGI | 2024-09 | revenue_cagr_10yr | INSUFFICIENT
CAGR | ICICIGI | 2024-09 | pat_cagr_3yr | INSUFFICIENT
CAGR | ICICIGI | 2024-09 | pat_cagr_5yr | INSUFFICIENT
CAGR | ICICIGI | 2024-09 | pat_cagr_10yr | INSUFFICIENT
CAGR | ICICIGI | 2024-09 | eps_cagr_3yr | INSUFFICIENT
CAGR | ICICIGI | 2024-09 | eps_cagr_5yr | INSUFFICIENT
CAGR | ICICIGI | 2024-09 | eps_cagr_10yr | INSUFFICIENT
OPM | ICICIPRULI | 2013-03 | source=745.0 computed=96.2797 | SOURCE_MISMATCH
CAGR | ICICIPRULI | 2013-03 | revenue_cagr_3yr | INSUFFICIENT
CAGR | ICICIPRULI | 2013-03 | revenue_cagr_5yr | INSUFFICIENT
CAGR | ICICIPRULI | 2013-03 | revenue_cagr_10yr | INSUFFICIENT
CAGR | ICICIPRULI | 2013-03 | pat_cagr_3yr | INSUFFICIENT
CAGR | ICICIPRULI | 2013-03 | pat_cagr_5yr | INSUFFICIENT
CAGR | ICICIPRULI | 2013-03 | pat_cagr_10yr | INSUFFICIENT
CAGR | ICICIPRULI | 2013-03 | eps_cagr_3yr | INSUFFICIENT
CAGR | ICICIPRULI | 2013-03 | eps_cagr_5yr | INSUFFICIENT
CAGR | ICICIPRULI | 2013-03 | eps_cagr_10yr | INSUFFICIENT
OPM | ICICIPRULI | 2014-03 | source=1504.0 computed=93.1287 | SOURCE_MISMATCH
CAGR | ICICIPRULI | 2014-03 | revenue_cagr_3yr | INSUFFICIENT
CAGR | ICICIPRULI | 2014-03 | revenue_cagr_5yr | INSUFFICIENT
CAGR | ICICIPRULI | 2014-03 | revenue_cagr_10yr | INSUFFICIENT
CAGR | ICICIPRULI | 2014-03 | pat_cagr_3yr | INSUFFICIENT
CAGR | ICICIPRULI | 2014-03 | pat_cagr_5yr | INSUFFICIENT
CAGR | ICICIPRULI | 2014-03 | pat_cagr_10yr | INSUFFICIENT
CAGR | ICICIPRULI | 2014-03 | eps_cagr_3yr | INSUFFICIENT
CAGR | ICICIPRULI | 2014-03 | eps_cagr_5yr | INSUFFICIENT
CAGR | ICICIPRULI | 2014-03 | eps_cagr_10yr | INSUFFICIENT
OPM | ICICIPRULI | 2015-03 | source=1655.0 computed=95.1964 | SOURCE_MISMATCH
CAGR | ICICIPRULI | 2015-03 | revenue_cagr_3yr | INSUFFICIENT
CAGR | ICICIPRULI | 2015-03 | revenue_cagr_5yr | INSUFFICIENT
CAGR | ICICIPRULI | 2015-03 | revenue_cagr_10yr | INSUFFICIENT
CAGR | ICICIPRULI | 2015-03 | pat_cagr_3yr | INSUFFICIENT
CAGR | ICICIPRULI | 2015-03 | pat_cagr_5yr | INSUFFICIENT
CAGR | ICICIPRULI | 2015-03 | pat_cagr_10yr | INSUFFICIENT
CAGR | ICICIPRULI | 2015-03 | eps_cagr_3yr | INSUFFICIENT
CAGR | ICICIPRULI | 2015-03 | eps_cagr_5yr | INSUFFICIENT
CAGR | ICICIPRULI | 2015-03 | eps_cagr_10yr | INSUFFICIENT
OPM | ICICIPRULI | 2016-03 | source=1842.0 computed=91.1698 | SOURCE_MISMATCH
CAGR | ICICIPRULI | 2016-03 | revenue_cagr_5yr | INSUFFICIENT
CAGR | ICICIPRULI | 2016-03 | revenue_cagr_10yr | INSUFFICIENT
CAGR | ICICIPRULI | 2016-03 | pat_cagr_5yr | INSUFFICIENT
CAGR | ICICIPRULI | 2016-03 | pat_cagr_10yr | INSUFFICIENT
CAGR | ICICIPRULI | 2016-03 | eps_cagr_5yr | INSUFFICIENT
CAGR | ICICIPRULI | 2016-03 | eps_cagr_10yr | INSUFFICIENT
OPM | ICICIPRULI | 2017-03 | source=1806.0 computed=95.2242 | SOURCE_MISMATCH
CAGR | ICICIPRULI | 2017-03 | revenue_cagr_5yr | INSUFFICIENT
CAGR | ICICIPRULI | 2017-03 | revenue_cagr_10yr | INSUFFICIENT
CAGR | ICICIPRULI | 2017-03 | pat_cagr_5yr | INSUFFICIENT
CAGR | ICICIPRULI | 2017-03 | pat_cagr_10yr | INSUFFICIENT
CAGR | ICICIPRULI | 2017-03 | eps_cagr_5yr | INSUFFICIENT
CAGR | ICICIPRULI | 2017-03 | eps_cagr_10yr | INSUFFICIENT
OPM | ICICIPRULI | 2018-03 | source=1771.0 computed=95.4419 | SOURCE_MISMATCH
CAGR | ICICIPRULI | 2018-03 | revenue_cagr_10yr | INSUFFICIENT
CAGR | ICICIPRULI | 2018-03 | pat_cagr_10yr | INSUFFICIENT
CAGR | ICICIPRULI | 2018-03 | eps_cagr_10yr | INSUFFICIENT
OPM | ICICIPRULI | 2019-03 | source=541.0 computed=98.6952 | SOURCE_MISMATCH
CAGR | ICICIPRULI | 2019-03 | revenue_cagr_10yr | INSUFFICIENT
CAGR | ICICIPRULI | 2019-03 | pat_cagr_10yr | INSUFFICIENT
CAGR | ICICIPRULI | 2019-03 | eps_cagr_10yr | INSUFFICIENT
OPM | ICICIPRULI | 2020-03 | source=-319.0 computed=101.5172 | SOURCE_MISMATCH
CAGR | ICICIPRULI | 2020-03 | revenue_cagr_10yr | INSUFFICIENT
CAGR | ICICIPRULI | 2020-03 | pat_cagr_10yr | INSUFFICIENT
CAGR | ICICIPRULI | 2020-03 | eps_cagr_10yr | INSUFFICIENT
OPM | ICICIPRULI | 2021-03 | source=-390.0 computed=100.4689 | SOURCE_MISMATCH
CAGR | ICICIPRULI | 2021-03 | revenue_cagr_10yr | INSUFFICIENT
CAGR | ICICIPRULI | 2021-03 | pat_cagr_10yr | INSUFFICIENT
CAGR | ICICIPRULI | 2021-03 | eps_cagr_10yr | INSUFFICIENT
OPM | ICICIPRULI | 2022-03 | source=-2163.0 computed=103.4044 | SOURCE_MISMATCH
CAGR | ICICIPRULI | 2022-03 | revenue_cagr_10yr | INSUFFICIENT
CAGR | ICICIPRULI | 2022-03 | pat_cagr_10yr | INSUFFICIENT
CAGR | ICICIPRULI | 2022-03 | eps_cagr_10yr | INSUFFICIENT
OPM | ICICIPRULI | 2023-03 | source=-1757.0 computed=103.4807 | SOURCE_MISMATCH
OPM | ICICIPRULI | 2024-03 | source=-1829.0 computed=102.0253 | SOURCE_MISMATCH
CAGR | ICICIPRULI | 2024-09 | revenue_cagr_3yr | INSUFFICIENT
CAGR | ICICIPRULI | 2024-09 | revenue_cagr_5yr | INSUFFICIENT
CAGR | ICICIPRULI | 2024-09 | revenue_cagr_10yr | INSUFFICIENT
CAGR | ICICIPRULI | 2024-09 | pat_cagr_3yr | INSUFFICIENT
CAGR | ICICIPRULI | 2024-09 | pat_cagr_5yr | INSUFFICIENT
CAGR | ICICIPRULI | 2024-09 | pat_cagr_10yr | INSUFFICIENT
CAGR | ICICIPRULI | 2024-09 | eps_cagr_3yr | INSUFFICIENT
CAGR | ICICIPRULI | 2024-09 | eps_cagr_5yr | INSUFFICIENT
CAGR | ICICIPRULI | 2024-09 | eps_cagr_10yr | INSUFFICIENT
OPM | INDIGO | 2013-03 | source=855.0 computed=90.7096 | SOURCE_MISMATCH
CAGR | INDIGO | 2013-03 | revenue_cagr_3yr | INSUFFICIENT
CAGR | INDIGO | 2013-03 | revenue_cagr_5yr | INSUFFICIENT
CAGR | INDIGO | 2013-03 | revenue_cagr_10yr | INSUFFICIENT
CAGR | INDIGO | 2013-03 | pat_cagr_3yr | INSUFFICIENT
CAGR | INDIGO | 2013-03 | pat_cagr_5yr | INSUFFICIENT
CAGR | INDIGO | 2013-03 | pat_cagr_10yr | INSUFFICIENT
CAGR | INDIGO | 2013-03 | eps_cagr_3yr | INSUFFICIENT
CAGR | INDIGO | 2013-03 | eps_cagr_5yr | INSUFFICIENT
CAGR | INDIGO | 2013-03 | eps_cagr_10yr | INSUFFICIENT
OPM | INDIGO | 2014-03 | source=433.0 computed=96.1051 | SOURCE_MISMATCH
CAGR | INDIGO | 2014-03 | revenue_cagr_3yr | INSUFFICIENT
CAGR | INDIGO | 2014-03 | revenue_cagr_5yr | INSUFFICIENT
CAGR | INDIGO | 2014-03 | revenue_cagr_10yr | INSUFFICIENT
CAGR | INDIGO | 2014-03 | pat_cagr_3yr | INSUFFICIENT
CAGR | INDIGO | 2014-03 | pat_cagr_5yr | INSUFFICIENT
CAGR | INDIGO | 2014-03 | pat_cagr_10yr | INSUFFICIENT
CAGR | INDIGO | 2014-03 | eps_cagr_3yr | INSUFFICIENT
CAGR | INDIGO | 2014-03 | eps_cagr_5yr | INSUFFICIENT
CAGR | INDIGO | 2014-03 | eps_cagr_10yr | INSUFFICIENT
OPM | INDIGO | 2015-03 | source=1904.0 computed=86.3339 | SOURCE_MISMATCH
CAGR | INDIGO | 2015-03 | revenue_cagr_3yr | INSUFFICIENT
CAGR | INDIGO | 2015-03 | revenue_cagr_5yr | INSUFFICIENT
CAGR | INDIGO | 2015-03 | revenue_cagr_10yr | INSUFFICIENT
CAGR | INDIGO | 2015-03 | pat_cagr_3yr | INSUFFICIENT
CAGR | INDIGO | 2015-03 | pat_cagr_5yr | INSUFFICIENT
CAGR | INDIGO | 2015-03 | pat_cagr_10yr | INSUFFICIENT
CAGR | INDIGO | 2015-03 | eps_cagr_3yr | INSUFFICIENT
CAGR | INDIGO | 2015-03 | eps_cagr_5yr | INSUFFICIENT
CAGR | INDIGO | 2015-03 | eps_cagr_10yr | INSUFFICIENT
OPM | INDIGO | 2016-03 | source=3164.0 computed=80.3965 | SOURCE_MISMATCH
CAGR | INDIGO | 2016-03 | revenue_cagr_5yr | INSUFFICIENT
CAGR | INDIGO | 2016-03 | revenue_cagr_10yr | INSUFFICIENT
CAGR | INDIGO | 2016-03 | pat_cagr_5yr | INSUFFICIENT
CAGR | INDIGO | 2016-03 | pat_cagr_10yr | INSUFFICIENT
CAGR | INDIGO | 2016-03 | eps_cagr_5yr | INSUFFICIENT
CAGR | INDIGO | 2016-03 | eps_cagr_10yr | INSUFFICIENT
OPM | INDIGO | 2017-03 | source=2219.0 computed=88.0624 | SOURCE_MISMATCH
CAGR | INDIGO | 2017-03 | revenue_cagr_5yr | INSUFFICIENT
CAGR | INDIGO | 2017-03 | revenue_cagr_10yr | INSUFFICIENT
CAGR | INDIGO | 2017-03 | pat_cagr_5yr | INSUFFICIENT
CAGR | INDIGO | 2017-03 | pat_cagr_10yr | INSUFFICIENT
CAGR | INDIGO | 2017-03 | eps_cagr_5yr | INSUFFICIENT
CAGR | INDIGO | 2017-03 | eps_cagr_10yr | INSUFFICIENT
OPM | INDIGO | 2018-03 | source=3030.0 computed=86.8381 | SOURCE_MISMATCH
CAGR | INDIGO | 2018-03 | revenue_cagr_10yr | INSUFFICIENT
CAGR | INDIGO | 2018-03 | pat_cagr_10yr | INSUFFICIENT
CAGR | INDIGO | 2018-03 | eps_cagr_10yr | INSUFFICIENT
OPM | INDIGO | 2019-03 | source=-151.0 computed=100.5299 | SOURCE_MISMATCH
CAGR | INDIGO | 2019-03 | revenue_cagr_10yr | INSUFFICIENT
CAGR | INDIGO | 2019-03 | pat_cagr_10yr | INSUFFICIENT
CAGR | INDIGO | 2019-03 | eps_cagr_10yr | INSUFFICIENT
OPM | INDIGO | 2020-03 | source=4069.0 computed=88.6201 | SOURCE_MISMATCH
CAGR | INDIGO | 2020-03 | revenue_cagr_10yr | INSUFFICIENT
CAGR | INDIGO | 2020-03 | pat_cagr_3yr | DECLINE_TO_LOSS
CAGR | INDIGO | 2020-03 | pat_cagr_5yr | DECLINE_TO_LOSS
CAGR | INDIGO | 2020-03 | pat_cagr_10yr | INSUFFICIENT
CAGR | INDIGO | 2020-03 | eps_cagr_3yr | DECLINE_TO_LOSS
CAGR | INDIGO | 2020-03 | eps_cagr_5yr | DECLINE_TO_LOSS
CAGR | INDIGO | 2020-03 | eps_cagr_10yr | INSUFFICIENT
OPM | INDIGO | 2021-03 | source=2.0 computed=99.9795 | SOURCE_MISMATCH
CAGR | INDIGO | 2021-03 | revenue_cagr_10yr | INSUFFICIENT
CAGR | INDIGO | 2021-03 | pat_cagr_3yr | DECLINE_TO_LOSS
CAGR | INDIGO | 2021-03 | pat_cagr_5yr | DECLINE_TO_LOSS
CAGR | INDIGO | 2021-03 | pat_cagr_10yr | INSUFFICIENT
CAGR | INDIGO | 2021-03 | eps_cagr_3yr | DECLINE_TO_LOSS
CAGR | INDIGO | 2021-03 | eps_cagr_5yr | DECLINE_TO_LOSS
CAGR | INDIGO | 2021-03 | eps_cagr_10yr | INSUFFICIENT
OPM | INDIGO | 2022-03 | source=558.0 computed=97.8481 | SOURCE_MISMATCH
CAGR | INDIGO | 2022-03 | revenue_cagr_10yr | INSUFFICIENT
CAGR | INDIGO | 2022-03 | pat_cagr_3yr | DECLINE_TO_LOSS
CAGR | INDIGO | 2022-03 | pat_cagr_5yr | DECLINE_TO_LOSS
CAGR | INDIGO | 2022-03 | pat_cagr_10yr | INSUFFICIENT
CAGR | INDIGO | 2022-03 | eps_cagr_3yr | DECLINE_TO_LOSS
CAGR | INDIGO | 2022-03 | eps_cagr_5yr | DECLINE_TO_LOSS
CAGR | INDIGO | 2022-03 | eps_cagr_10yr | INSUFFICIENT
OPM | INDIGO | 2023-03 | source=6521.0 computed=88.0248 | SOURCE_MISMATCH
CAGR | INDIGO | 2023-03 | pat_cagr_3yr | BOTH_NEGATIVE
CAGR | INDIGO | 2023-03 | pat_cagr_5yr | DECLINE_TO_LOSS
CAGR | INDIGO | 2023-03 | pat_cagr_10yr | DECLINE_TO_LOSS
CAGR | INDIGO | 2023-03 | eps_cagr_3yr | BOTH_NEGATIVE
CAGR | INDIGO | 2023-03 | eps_cagr_5yr | DECLINE_TO_LOSS
CAGR | INDIGO | 2023-03 | eps_cagr_10yr | DECLINE_TO_LOSS
OPM | INDIGO | 2024-03 | source=16331.0 computed=76.2989 | SOURCE_MISMATCH
CAGR | INDIGO | 2024-03 | pat_cagr_3yr | TURNAROUND
CAGR | INDIGO | 2024-03 | eps_cagr_3yr | TURNAROUND
CAGR | INDIGO | 2024-09 | revenue_cagr_3yr | INSUFFICIENT
CAGR | INDIGO | 2024-09 | revenue_cagr_5yr | INSUFFICIENT
CAGR | INDIGO | 2024-09 | revenue_cagr_10yr | INSUFFICIENT
CAGR | INDIGO | 2024-09 | pat_cagr_3yr | INSUFFICIENT
CAGR | INDIGO | 2024-09 | pat_cagr_5yr | INSUFFICIENT
CAGR | INDIGO | 2024-09 | pat_cagr_10yr | INSUFFICIENT
CAGR | INDIGO | 2024-09 | eps_cagr_3yr | INSUFFICIENT
CAGR | INDIGO | 2024-09 | eps_cagr_5yr | INSUFFICIENT
CAGR | INDIGO | 2024-09 | eps_cagr_10yr | INSUFFICIENT
OPM | INDUSINDBK | 2013-03 | source=286.0 computed=27.8820 | SOURCE_MISMATCH
CAGR | INDUSINDBK | 2013-03 | revenue_cagr_3yr | INSUFFICIENT
CAGR | INDUSINDBK | 2013-03 | revenue_cagr_5yr | INSUFFICIENT
CAGR | INDUSINDBK | 2013-03 | revenue_cagr_10yr | INSUFFICIENT
CAGR | INDUSINDBK | 2013-03 | pat_cagr_3yr | INSUFFICIENT
CAGR | INDUSINDBK | 2013-03 | pat_cagr_5yr | INSUFFICIENT
CAGR | INDUSINDBK | 2013-03 | pat_cagr_10yr | INSUFFICIENT
CAGR | INDUSINDBK | 2013-03 | eps_cagr_3yr | INSUFFICIENT
CAGR | INDUSINDBK | 2013-03 | eps_cagr_5yr | INSUFFICIENT
CAGR | INDUSINDBK | 2013-03 | eps_cagr_10yr | INSUFFICIENT
OPM | INDUSINDBK | 2014-03 | source=335.0 computed=30.9547 | SOURCE_MISMATCH
CAGR | INDUSINDBK | 2014-03 | revenue_cagr_3yr | INSUFFICIENT
CAGR | INDUSINDBK | 2014-03 | revenue_cagr_5yr | INSUFFICIENT
CAGR | INDUSINDBK | 2014-03 | revenue_cagr_10yr | INSUFFICIENT
CAGR | INDUSINDBK | 2014-03 | pat_cagr_3yr | INSUFFICIENT
CAGR | INDUSINDBK | 2014-03 | pat_cagr_5yr | INSUFFICIENT
CAGR | INDUSINDBK | 2014-03 | pat_cagr_10yr | INSUFFICIENT
CAGR | INDUSINDBK | 2014-03 | eps_cagr_3yr | INSUFFICIENT
CAGR | INDUSINDBK | 2014-03 | eps_cagr_5yr | INSUFFICIENT
CAGR | INDUSINDBK | 2014-03 | eps_cagr_10yr | INSUFFICIENT
OPM | INDUSINDBK | 2015-03 | source=288.0 computed=32.3256 | SOURCE_MISMATCH
CAGR | INDUSINDBK | 2015-03 | revenue_cagr_3yr | INSUFFICIENT
CAGR | INDUSINDBK | 2015-03 | revenue_cagr_5yr | INSUFFICIENT
CAGR | INDUSINDBK | 2015-03 | revenue_cagr_10yr | INSUFFICIENT
CAGR | INDUSINDBK | 2015-03 | pat_cagr_3yr | INSUFFICIENT
CAGR | INDUSINDBK | 2015-03 | pat_cagr_5yr | INSUFFICIENT
CAGR | INDUSINDBK | 2015-03 | pat_cagr_10yr | INSUFFICIENT
CAGR | INDUSINDBK | 2015-03 | eps_cagr_3yr | INSUFFICIENT
CAGR | INDUSINDBK | 2015-03 | eps_cagr_5yr | INSUFFICIENT
CAGR | INDUSINDBK | 2015-03 | eps_cagr_10yr | INSUFFICIENT
OPM | INDUSINDBK | 2016-03 | source=329.0 computed=35.2763 | SOURCE_MISMATCH
CAGR | INDUSINDBK | 2016-03 | revenue_cagr_5yr | INSUFFICIENT
CAGR | INDUSINDBK | 2016-03 | revenue_cagr_10yr | INSUFFICIENT
CAGR | INDUSINDBK | 2016-03 | pat_cagr_5yr | INSUFFICIENT
CAGR | INDUSINDBK | 2016-03 | pat_cagr_10yr | INSUFFICIENT
CAGR | INDUSINDBK | 2016-03 | eps_cagr_5yr | INSUFFICIENT
CAGR | INDUSINDBK | 2016-03 | eps_cagr_10yr | INSUFFICIENT
OPM | INDUSINDBK | 2017-03 | source=379.0 computed=39.4558 | SOURCE_MISMATCH
CAGR | INDUSINDBK | 2017-03 | revenue_cagr_5yr | INSUFFICIENT
CAGR | INDUSINDBK | 2017-03 | revenue_cagr_10yr | INSUFFICIENT
CAGR | INDUSINDBK | 2017-03 | pat_cagr_5yr | INSUFFICIENT
CAGR | INDUSINDBK | 2017-03 | pat_cagr_10yr | INSUFFICIENT
CAGR | INDUSINDBK | 2017-03 | eps_cagr_5yr | INSUFFICIENT
CAGR | INDUSINDBK | 2017-03 | eps_cagr_10yr | INSUFFICIENT
OPM | INDUSINDBK | 2018-03 | source=942.0 computed=37.9318 | SOURCE_MISMATCH
CAGR | INDUSINDBK | 2018-03 | revenue_cagr_10yr | INSUFFICIENT
CAGR | INDUSINDBK | 2018-03 | pat_cagr_10yr | INSUFFICIENT
CAGR | INDUSINDBK | 2018-03 | eps_cagr_10yr | INSUFFICIENT
OPM | INDUSINDBK | 2019-03 | source=-437.0 computed=41.7007 | SOURCE_MISMATCH
CAGR | INDUSINDBK | 2019-03 | revenue_cagr_10yr | INSUFFICIENT
CAGR | INDUSINDBK | 2019-03 | pat_cagr_10yr | INSUFFICIENT
CAGR | INDUSINDBK | 2019-03 | eps_cagr_10yr | INSUFFICIENT
OPM | INDUSINDBK | 2020-03 | source=-553.0 computed=43.8141 | SOURCE_MISMATCH
CAGR | INDUSINDBK | 2020-03 | revenue_cagr_10yr | INSUFFICIENT
CAGR | INDUSINDBK | 2020-03 | pat_cagr_10yr | INSUFFICIENT
CAGR | INDUSINDBK | 2020-03 | eps_cagr_10yr | INSUFFICIENT
OPM | INDUSINDBK | 2021-03 | source=-2469.0 computed=55.1621 | SOURCE_MISMATCH
CAGR | INDUSINDBK | 2021-03 | revenue_cagr_10yr | INSUFFICIENT
CAGR | INDUSINDBK | 2021-03 | pat_cagr_10yr | INSUFFICIENT
CAGR | INDUSINDBK | 2021-03 | eps_cagr_10yr | INSUFFICIENT
OPM | INDUSINDBK | 2022-03 | source=-839.0 computed=51.3919 | SOURCE_MISMATCH
CAGR | INDUSINDBK | 2022-03 | revenue_cagr_10yr | INSUFFICIENT
CAGR | INDUSINDBK | 2022-03 | pat_cagr_10yr | INSUFFICIENT
CAGR | INDUSINDBK | 2022-03 | eps_cagr_10yr | INSUFFICIENT
OPM | INDUSINDBK | 2023-03 | source=2067.0 computed=42.6886 | SOURCE_MISMATCH
OPM | INDUSINDBK | 2024-03 | source=2978.0 computed=38.5547 | SOURCE_MISMATCH
CAGR | INFY | 2013-03 | revenue_cagr_3yr | INSUFFICIENT
CAGR | INFY | 2013-03 | revenue_cagr_5yr | INSUFFICIENT
CAGR | INFY | 2013-03 | revenue_cagr_10yr | INSUFFICIENT
CAGR | INFY | 2013-03 | pat_cagr_3yr | INSUFFICIENT
CAGR | INFY | 2013-03 | pat_cagr_5yr | INSUFFICIENT
CAGR | INFY | 2013-03 | pat_cagr_10yr | INSUFFICIENT
CAGR | INFY | 2013-03 | eps_cagr_3yr | INSUFFICIENT
CAGR | INFY | 2013-03 | eps_cagr_5yr | INSUFFICIENT
CAGR | INFY | 2013-03 | eps_cagr_10yr | INSUFFICIENT
CAGR | INFY | 2014-03 | revenue_cagr_3yr | INSUFFICIENT
CAGR | INFY | 2014-03 | revenue_cagr_5yr | INSUFFICIENT
CAGR | INFY | 2014-03 | revenue_cagr_10yr | INSUFFICIENT
CAGR | INFY | 2014-03 | pat_cagr_3yr | INSUFFICIENT
CAGR | INFY | 2014-03 | pat_cagr_5yr | INSUFFICIENT
CAGR | INFY | 2014-03 | pat_cagr_10yr | INSUFFICIENT
CAGR | INFY | 2014-03 | eps_cagr_3yr | INSUFFICIENT
CAGR | INFY | 2014-03 | eps_cagr_5yr | INSUFFICIENT
CAGR | INFY | 2014-03 | eps_cagr_10yr | INSUFFICIENT
CAGR | INFY | 2015-03 | revenue_cagr_3yr | INSUFFICIENT
CAGR | INFY | 2015-03 | revenue_cagr_5yr | INSUFFICIENT
CAGR | INFY | 2015-03 | revenue_cagr_10yr | INSUFFICIENT
CAGR | INFY | 2015-03 | pat_cagr_3yr | INSUFFICIENT
CAGR | INFY | 2015-03 | pat_cagr_5yr | INSUFFICIENT
CAGR | INFY | 2015-03 | pat_cagr_10yr | INSUFFICIENT
CAGR | INFY | 2015-03 | eps_cagr_3yr | INSUFFICIENT
CAGR | INFY | 2015-03 | eps_cagr_5yr | INSUFFICIENT
CAGR | INFY | 2015-03 | eps_cagr_10yr | INSUFFICIENT
CAGR | INFY | 2016-03 | revenue_cagr_5yr | INSUFFICIENT
CAGR | INFY | 2016-03 | revenue_cagr_10yr | INSUFFICIENT
CAGR | INFY | 2016-03 | pat_cagr_5yr | INSUFFICIENT
CAGR | INFY | 2016-03 | pat_cagr_10yr | INSUFFICIENT
CAGR | INFY | 2016-03 | eps_cagr_5yr | INSUFFICIENT
CAGR | INFY | 2016-03 | eps_cagr_10yr | INSUFFICIENT
CAGR | INFY | 2017-03 | revenue_cagr_5yr | INSUFFICIENT
CAGR | INFY | 2017-03 | revenue_cagr_10yr | INSUFFICIENT
CAGR | INFY | 2017-03 | pat_cagr_5yr | INSUFFICIENT
CAGR | INFY | 2017-03 | pat_cagr_10yr | INSUFFICIENT
CAGR | INFY | 2017-03 | eps_cagr_5yr | INSUFFICIENT
CAGR | INFY | 2017-03 | eps_cagr_10yr | INSUFFICIENT
CAGR | INFY | 2018-03 | revenue_cagr_10yr | INSUFFICIENT
CAGR | INFY | 2018-03 | pat_cagr_10yr | INSUFFICIENT
CAGR | INFY | 2018-03 | eps_cagr_10yr | INSUFFICIENT
CAGR | INFY | 2019-03 | revenue_cagr_10yr | INSUFFICIENT
CAGR | INFY | 2019-03 | pat_cagr_10yr | INSUFFICIENT
CAGR | INFY | 2019-03 | eps_cagr_10yr | INSUFFICIENT
CAGR | INFY | 2020-03 | revenue_cagr_10yr | INSUFFICIENT
CAGR | INFY | 2020-03 | pat_cagr_10yr | INSUFFICIENT
CAGR | INFY | 2020-03 | eps_cagr_10yr | INSUFFICIENT
CAGR | INFY | 2021-03 | revenue_cagr_10yr | INSUFFICIENT
CAGR | INFY | 2021-03 | pat_cagr_10yr | INSUFFICIENT
CAGR | INFY | 2021-03 | eps_cagr_10yr | INSUFFICIENT
CAGR | INFY | 2022-03 | revenue_cagr_10yr | INSUFFICIENT
CAGR | INFY | 2022-03 | pat_cagr_10yr | INSUFFICIENT
CAGR | INFY | 2022-03 | eps_cagr_10yr | INSUFFICIENT
CAGR | INFY | 2024-09 | revenue_cagr_3yr | INSUFFICIENT
CAGR | INFY | 2024-09 | revenue_cagr_5yr | INSUFFICIENT
CAGR | INFY | 2024-09 | revenue_cagr_10yr | INSUFFICIENT
CAGR | INFY | 2024-09 | pat_cagr_3yr | INSUFFICIENT
CAGR | INFY | 2024-09 | pat_cagr_5yr | INSUFFICIENT
CAGR | INFY | 2024-09 | pat_cagr_10yr | INSUFFICIENT
CAGR | INFY | 2024-09 | eps_cagr_3yr | INSUFFICIENT
CAGR | INFY | 2024-09 | eps_cagr_5yr | INSUFFICIENT
CAGR | INFY | 2024-09 | eps_cagr_10yr | INSUFFICIENT
CAGR | IOC | 2013-03 | revenue_cagr_3yr | INSUFFICIENT
CAGR | IOC | 2013-03 | revenue_cagr_5yr | INSUFFICIENT
CAGR | IOC | 2013-03 | revenue_cagr_10yr | INSUFFICIENT
CAGR | IOC | 2013-03 | pat_cagr_3yr | INSUFFICIENT
CAGR | IOC | 2013-03 | pat_cagr_5yr | INSUFFICIENT
CAGR | IOC | 2013-03 | pat_cagr_10yr | INSUFFICIENT
CAGR | IOC | 2013-03 | eps_cagr_3yr | INSUFFICIENT
CAGR | IOC | 2013-03 | eps_cagr_5yr | INSUFFICIENT
CAGR | IOC | 2013-03 | eps_cagr_10yr | INSUFFICIENT
CAGR | IOC | 2014-03 | revenue_cagr_3yr | INSUFFICIENT
CAGR | IOC | 2014-03 | revenue_cagr_5yr | INSUFFICIENT
CAGR | IOC | 2014-03 | revenue_cagr_10yr | INSUFFICIENT
CAGR | IOC | 2014-03 | pat_cagr_3yr | INSUFFICIENT
CAGR | IOC | 2014-03 | pat_cagr_5yr | INSUFFICIENT
CAGR | IOC | 2014-03 | pat_cagr_10yr | INSUFFICIENT
CAGR | IOC | 2014-03 | eps_cagr_3yr | INSUFFICIENT
CAGR | IOC | 2014-03 | eps_cagr_5yr | INSUFFICIENT
CAGR | IOC | 2014-03 | eps_cagr_10yr | INSUFFICIENT
CAGR | IOC | 2015-03 | revenue_cagr_3yr | INSUFFICIENT
CAGR | IOC | 2015-03 | revenue_cagr_5yr | INSUFFICIENT
CAGR | IOC | 2015-03 | revenue_cagr_10yr | INSUFFICIENT
CAGR | IOC | 2015-03 | pat_cagr_3yr | INSUFFICIENT
CAGR | IOC | 2015-03 | pat_cagr_5yr | INSUFFICIENT
CAGR | IOC | 2015-03 | pat_cagr_10yr | INSUFFICIENT
CAGR | IOC | 2015-03 | eps_cagr_3yr | INSUFFICIENT
CAGR | IOC | 2015-03 | eps_cagr_5yr | INSUFFICIENT
CAGR | IOC | 2015-03 | eps_cagr_10yr | INSUFFICIENT
CAGR | IOC | 2016-03 | revenue_cagr_5yr | INSUFFICIENT
CAGR | IOC | 2016-03 | revenue_cagr_10yr | INSUFFICIENT
CAGR | IOC | 2016-03 | pat_cagr_5yr | INSUFFICIENT
CAGR | IOC | 2016-03 | pat_cagr_10yr | INSUFFICIENT
CAGR | IOC | 2016-03 | eps_cagr_5yr | INSUFFICIENT
CAGR | IOC | 2016-03 | eps_cagr_10yr | INSUFFICIENT
CAGR | IOC | 2017-03 | revenue_cagr_5yr | INSUFFICIENT
CAGR | IOC | 2017-03 | revenue_cagr_10yr | INSUFFICIENT
CAGR | IOC | 2017-03 | pat_cagr_5yr | INSUFFICIENT
CAGR | IOC | 2017-03 | pat_cagr_10yr | INSUFFICIENT
CAGR | IOC | 2017-03 | eps_cagr_5yr | INSUFFICIENT
CAGR | IOC | 2017-03 | eps_cagr_10yr | INSUFFICIENT
CAGR | IOC | 2018-03 | revenue_cagr_10yr | INSUFFICIENT
CAGR | IOC | 2018-03 | pat_cagr_10yr | INSUFFICIENT
CAGR | IOC | 2018-03 | eps_cagr_10yr | INSUFFICIENT
CAGR | IOC | 2019-03 | revenue_cagr_10yr | INSUFFICIENT
CAGR | IOC | 2019-03 | pat_cagr_10yr | INSUFFICIENT
CAGR | IOC | 2019-03 | eps_cagr_10yr | INSUFFICIENT
CAGR | IOC | 2020-03 | revenue_cagr_10yr | INSUFFICIENT
CAGR | IOC | 2020-03 | pat_cagr_3yr | DECLINE_TO_LOSS
CAGR | IOC | 2020-03 | pat_cagr_5yr | DECLINE_TO_LOSS
CAGR | IOC | 2020-03 | pat_cagr_10yr | INSUFFICIENT
CAGR | IOC | 2020-03 | eps_cagr_3yr | DECLINE_TO_LOSS
CAGR | IOC | 2020-03 | eps_cagr_5yr | DECLINE_TO_LOSS
CAGR | IOC | 2020-03 | eps_cagr_10yr | INSUFFICIENT
CAGR | IOC | 2021-03 | revenue_cagr_10yr | INSUFFICIENT
CAGR | IOC | 2021-03 | pat_cagr_10yr | INSUFFICIENT
CAGR | IOC | 2021-03 | eps_cagr_10yr | INSUFFICIENT
CAGR | IOC | 2022-03 | revenue_cagr_10yr | INSUFFICIENT
CAGR | IOC | 2022-03 | pat_cagr_10yr | INSUFFICIENT
CAGR | IOC | 2022-03 | eps_cagr_10yr | INSUFFICIENT
CAGR | IOC | 2023-03 | pat_cagr_3yr | TURNAROUND
CAGR | IOC | 2023-03 | eps_cagr_3yr | TURNAROUND
CAGR | IOC | 2024-09 | revenue_cagr_3yr | INSUFFICIENT
CAGR | IOC | 2024-09 | revenue_cagr_5yr | INSUFFICIENT
CAGR | IOC | 2024-09 | revenue_cagr_10yr | INSUFFICIENT
CAGR | IOC | 2024-09 | pat_cagr_3yr | INSUFFICIENT
CAGR | IOC | 2024-09 | pat_cagr_5yr | INSUFFICIENT
CAGR | IOC | 2024-09 | pat_cagr_10yr | INSUFFICIENT
CAGR | IOC | 2024-09 | eps_cagr_3yr | INSUFFICIENT
CAGR | IOC | 2024-09 | eps_cagr_5yr | INSUFFICIENT
CAGR | IOC | 2024-09 | eps_cagr_10yr | INSUFFICIENT
CAGR | IRCTC | 2015-03 | revenue_cagr_3yr | INSUFFICIENT
CAGR | IRCTC | 2015-03 | revenue_cagr_5yr | INSUFFICIENT
CAGR | IRCTC | 2015-03 | revenue_cagr_10yr | INSUFFICIENT
CAGR | IRCTC | 2015-03 | pat_cagr_3yr | INSUFFICIENT
CAGR | IRCTC | 2015-03 | pat_cagr_5yr | INSUFFICIENT
CAGR | IRCTC | 2015-03 | pat_cagr_10yr | INSUFFICIENT
CAGR | IRCTC | 2015-03 | eps_cagr_3yr | INSUFFICIENT
CAGR | IRCTC | 2015-03 | eps_cagr_5yr | INSUFFICIENT
CAGR | IRCTC | 2015-03 | eps_cagr_10yr | INSUFFICIENT
CAGR | IRCTC | 2016-03 | revenue_cagr_3yr | INSUFFICIENT
CAGR | IRCTC | 2016-03 | revenue_cagr_5yr | INSUFFICIENT
CAGR | IRCTC | 2016-03 | revenue_cagr_10yr | INSUFFICIENT
CAGR | IRCTC | 2016-03 | pat_cagr_3yr | INSUFFICIENT
CAGR | IRCTC | 2016-03 | pat_cagr_5yr | INSUFFICIENT
CAGR | IRCTC | 2016-03 | pat_cagr_10yr | INSUFFICIENT
CAGR | IRCTC | 2016-03 | eps_cagr_3yr | INSUFFICIENT
CAGR | IRCTC | 2016-03 | eps_cagr_5yr | INSUFFICIENT
CAGR | IRCTC | 2016-03 | eps_cagr_10yr | INSUFFICIENT
CAGR | IRCTC | 2017-03 | revenue_cagr_3yr | INSUFFICIENT
CAGR | IRCTC | 2017-03 | revenue_cagr_5yr | INSUFFICIENT
CAGR | IRCTC | 2017-03 | revenue_cagr_10yr | INSUFFICIENT
CAGR | IRCTC | 2017-03 | pat_cagr_3yr | INSUFFICIENT
CAGR | IRCTC | 2017-03 | pat_cagr_5yr | INSUFFICIENT
CAGR | IRCTC | 2017-03 | pat_cagr_10yr | INSUFFICIENT
CAGR | IRCTC | 2017-03 | eps_cagr_3yr | INSUFFICIENT
CAGR | IRCTC | 2017-03 | eps_cagr_5yr | INSUFFICIENT
CAGR | IRCTC | 2017-03 | eps_cagr_10yr | INSUFFICIENT
CAGR | IRCTC | 2018-03 | revenue_cagr_5yr | INSUFFICIENT
CAGR | IRCTC | 2018-03 | revenue_cagr_10yr | INSUFFICIENT
CAGR | IRCTC | 2018-03 | pat_cagr_5yr | INSUFFICIENT
CAGR | IRCTC | 2018-03 | pat_cagr_10yr | INSUFFICIENT
CAGR | IRCTC | 2018-03 | eps_cagr_5yr | INSUFFICIENT
CAGR | IRCTC | 2018-03 | eps_cagr_10yr | INSUFFICIENT
CAGR | IRCTC | 2019-03 | revenue_cagr_5yr | INSUFFICIENT
CAGR | IRCTC | 2019-03 | revenue_cagr_10yr | INSUFFICIENT
CAGR | IRCTC | 2019-03 | pat_cagr_5yr | INSUFFICIENT
CAGR | IRCTC | 2019-03 | pat_cagr_10yr | INSUFFICIENT
CAGR | IRCTC | 2019-03 | eps_cagr_5yr | INSUFFICIENT
CAGR | IRCTC | 2019-03 | eps_cagr_10yr | INSUFFICIENT
CAGR | IRCTC | 2020-03 | revenue_cagr_10yr | INSUFFICIENT
CAGR | IRCTC | 2020-03 | pat_cagr_10yr | INSUFFICIENT
CAGR | IRCTC | 2020-03 | eps_cagr_10yr | INSUFFICIENT
CAGR | IRCTC | 2021-03 | revenue_cagr_10yr | INSUFFICIENT
CAGR | IRCTC | 2021-03 | pat_cagr_10yr | INSUFFICIENT
CAGR | IRCTC | 2021-03 | eps_cagr_10yr | INSUFFICIENT
CAGR | IRCTC | 2022-03 | revenue_cagr_10yr | INSUFFICIENT
CAGR | IRCTC | 2022-03 | pat_cagr_10yr | INSUFFICIENT
CAGR | IRCTC | 2022-03 | eps_cagr_10yr | INSUFFICIENT
CAGR | IRCTC | 2023-03 | revenue_cagr_10yr | INSUFFICIENT
CAGR | IRCTC | 2023-03 | pat_cagr_10yr | INSUFFICIENT
CAGR | IRCTC | 2023-03 | eps_cagr_10yr | INSUFFICIENT
CAGR | IRCTC | 2024-03 | revenue_cagr_10yr | INSUFFICIENT
CAGR | IRCTC | 2024-03 | pat_cagr_10yr | INSUFFICIENT
CAGR | IRCTC | 2024-03 | eps_cagr_10yr | INSUFFICIENT
CAGR | IRCTC | 2024-09 | revenue_cagr_3yr | INSUFFICIENT
CAGR | IRCTC | 2024-09 | revenue_cagr_5yr | INSUFFICIENT
CAGR | IRCTC | 2024-09 | revenue_cagr_10yr | INSUFFICIENT
CAGR | IRCTC | 2024-09 | pat_cagr_3yr | INSUFFICIENT
CAGR | IRCTC | 2024-09 | pat_cagr_5yr | INSUFFICIENT
CAGR | IRCTC | 2024-09 | pat_cagr_10yr | INSUFFICIENT
CAGR | IRCTC | 2024-09 | eps_cagr_3yr | INSUFFICIENT
CAGR | IRCTC | 2024-09 | eps_cagr_5yr | INSUFFICIENT
CAGR | IRCTC | 2024-09 | eps_cagr_10yr | INSUFFICIENT
CAGR | IRFC | 2013-03 | revenue_cagr_3yr | INSUFFICIENT
CAGR | IRFC | 2013-03 | revenue_cagr_5yr | INSUFFICIENT
CAGR | IRFC | 2013-03 | revenue_cagr_10yr | INSUFFICIENT
CAGR | IRFC | 2013-03 | pat_cagr_3yr | INSUFFICIENT
CAGR | IRFC | 2013-03 | pat_cagr_5yr | INSUFFICIENT
CAGR | IRFC | 2013-03 | pat_cagr_10yr | INSUFFICIENT
CAGR | IRFC | 2013-03 | eps_cagr_3yr | INSUFFICIENT
CAGR | IRFC | 2013-03 | eps_cagr_5yr | INSUFFICIENT
CAGR | IRFC | 2013-03 | eps_cagr_10yr | INSUFFICIENT
CAGR | IRFC | 2014-03 | revenue_cagr_3yr | INSUFFICIENT
CAGR | IRFC | 2014-03 | revenue_cagr_5yr | INSUFFICIENT
CAGR | IRFC | 2014-03 | revenue_cagr_10yr | INSUFFICIENT
CAGR | IRFC | 2014-03 | pat_cagr_3yr | INSUFFICIENT
CAGR | IRFC | 2014-03 | pat_cagr_5yr | INSUFFICIENT
CAGR | IRFC | 2014-03 | pat_cagr_10yr | INSUFFICIENT
CAGR | IRFC | 2014-03 | eps_cagr_3yr | INSUFFICIENT
CAGR | IRFC | 2014-03 | eps_cagr_5yr | INSUFFICIENT
CAGR | IRFC | 2014-03 | eps_cagr_10yr | INSUFFICIENT
CAGR | IRFC | 2015-03 | revenue_cagr_3yr | INSUFFICIENT
CAGR | IRFC | 2015-03 | revenue_cagr_5yr | INSUFFICIENT
CAGR | IRFC | 2015-03 | revenue_cagr_10yr | INSUFFICIENT
CAGR | IRFC | 2015-03 | pat_cagr_3yr | INSUFFICIENT
CAGR | IRFC | 2015-03 | pat_cagr_5yr | INSUFFICIENT
CAGR | IRFC | 2015-03 | pat_cagr_10yr | INSUFFICIENT
CAGR | IRFC | 2015-03 | eps_cagr_3yr | INSUFFICIENT
CAGR | IRFC | 2015-03 | eps_cagr_5yr | INSUFFICIENT
CAGR | IRFC | 2015-03 | eps_cagr_10yr | INSUFFICIENT
CAGR | IRFC | 2016-03 | revenue_cagr_5yr | INSUFFICIENT
CAGR | IRFC | 2016-03 | revenue_cagr_10yr | INSUFFICIENT
CAGR | IRFC | 2016-03 | pat_cagr_5yr | INSUFFICIENT
CAGR | IRFC | 2016-03 | pat_cagr_10yr | INSUFFICIENT
CAGR | IRFC | 2016-03 | eps_cagr_5yr | INSUFFICIENT
CAGR | IRFC | 2016-03 | eps_cagr_10yr | INSUFFICIENT
CAGR | IRFC | 2017-03 | revenue_cagr_5yr | INSUFFICIENT
CAGR | IRFC | 2017-03 | revenue_cagr_10yr | INSUFFICIENT
CAGR | IRFC | 2017-03 | pat_cagr_5yr | INSUFFICIENT
CAGR | IRFC | 2017-03 | pat_cagr_10yr | INSUFFICIENT
CAGR | IRFC | 2017-03 | eps_cagr_5yr | INSUFFICIENT
CAGR | IRFC | 2017-03 | eps_cagr_10yr | INSUFFICIENT
CAGR | IRFC | 2018-03 | revenue_cagr_10yr | INSUFFICIENT
CAGR | IRFC | 2018-03 | pat_cagr_10yr | INSUFFICIENT
CAGR | IRFC | 2018-03 | eps_cagr_10yr | INSUFFICIENT
CAGR | IRFC | 2019-03 | revenue_cagr_10yr | INSUFFICIENT
CAGR | IRFC | 2019-03 | pat_cagr_10yr | INSUFFICIENT
CAGR | IRFC | 2019-03 | eps_cagr_10yr | INSUFFICIENT
CAGR | IRFC | 2020-03 | revenue_cagr_10yr | INSUFFICIENT
CAGR | IRFC | 2020-03 | pat_cagr_10yr | INSUFFICIENT
CAGR | IRFC | 2020-03 | eps_cagr_10yr | INSUFFICIENT
CAGR | IRFC | 2021-03 | revenue_cagr_10yr | INSUFFICIENT
CAGR | IRFC | 2021-03 | pat_cagr_10yr | INSUFFICIENT
CAGR | IRFC | 2021-03 | eps_cagr_10yr | INSUFFICIENT
CAGR | IRFC | 2022-03 | revenue_cagr_10yr | INSUFFICIENT
CAGR | IRFC | 2022-03 | pat_cagr_10yr | INSUFFICIENT
CAGR | IRFC | 2022-03 | eps_cagr_10yr | INSUFFICIENT
CAGR | IRFC | 2024-09 | revenue_cagr_3yr | INSUFFICIENT
CAGR | IRFC | 2024-09 | revenue_cagr_5yr | INSUFFICIENT
CAGR | IRFC | 2024-09 | revenue_cagr_10yr | INSUFFICIENT
CAGR | IRFC | 2024-09 | pat_cagr_3yr | INSUFFICIENT
CAGR | IRFC | 2024-09 | pat_cagr_5yr | INSUFFICIENT
CAGR | IRFC | 2024-09 | pat_cagr_10yr | INSUFFICIENT
CAGR | IRFC | 2024-09 | eps_cagr_3yr | INSUFFICIENT
CAGR | IRFC | 2024-09 | eps_cagr_5yr | INSUFFICIENT
CAGR | IRFC | 2024-09 | eps_cagr_10yr | INSUFFICIENT
CAGR | ITC | 2013-03 | revenue_cagr_3yr | INSUFFICIENT
CAGR | ITC | 2013-03 | revenue_cagr_5yr | INSUFFICIENT
CAGR | ITC | 2013-03 | revenue_cagr_10yr | INSUFFICIENT
CAGR | ITC | 2013-03 | pat_cagr_3yr | INSUFFICIENT
CAGR | ITC | 2013-03 | pat_cagr_5yr | INSUFFICIENT
CAGR | ITC | 2013-03 | pat_cagr_10yr | INSUFFICIENT
CAGR | ITC | 2013-03 | eps_cagr_3yr | INSUFFICIENT
CAGR | ITC | 2013-03 | eps_cagr_5yr | INSUFFICIENT
CAGR | ITC | 2013-03 | eps_cagr_10yr | INSUFFICIENT
CAGR | ITC | 2014-03 | revenue_cagr_3yr | INSUFFICIENT
CAGR | ITC | 2014-03 | revenue_cagr_5yr | INSUFFICIENT
CAGR | ITC | 2014-03 | revenue_cagr_10yr | INSUFFICIENT
CAGR | ITC | 2014-03 | pat_cagr_3yr | INSUFFICIENT
CAGR | ITC | 2014-03 | pat_cagr_5yr | INSUFFICIENT
CAGR | ITC | 2014-03 | pat_cagr_10yr | INSUFFICIENT
CAGR | ITC | 2014-03 | eps_cagr_3yr | INSUFFICIENT
CAGR | ITC | 2014-03 | eps_cagr_5yr | INSUFFICIENT
CAGR | ITC | 2014-03 | eps_cagr_10yr | INSUFFICIENT
CAGR | ITC | 2015-03 | revenue_cagr_3yr | INSUFFICIENT
CAGR | ITC | 2015-03 | revenue_cagr_5yr | INSUFFICIENT
CAGR | ITC | 2015-03 | revenue_cagr_10yr | INSUFFICIENT
CAGR | ITC | 2015-03 | pat_cagr_3yr | INSUFFICIENT
CAGR | ITC | 2015-03 | pat_cagr_5yr | INSUFFICIENT
CAGR | ITC | 2015-03 | pat_cagr_10yr | INSUFFICIENT
CAGR | ITC | 2015-03 | eps_cagr_3yr | INSUFFICIENT
CAGR | ITC | 2015-03 | eps_cagr_5yr | INSUFFICIENT
CAGR | ITC | 2015-03 | eps_cagr_10yr | INSUFFICIENT
CAGR | ITC | 2016-03 | revenue_cagr_5yr | INSUFFICIENT
CAGR | ITC | 2016-03 | revenue_cagr_10yr | INSUFFICIENT
CAGR | ITC | 2016-03 | pat_cagr_5yr | INSUFFICIENT
CAGR | ITC | 2016-03 | pat_cagr_10yr | INSUFFICIENT
CAGR | ITC | 2016-03 | eps_cagr_5yr | INSUFFICIENT
CAGR | ITC | 2016-03 | eps_cagr_10yr | INSUFFICIENT
CAGR | ITC | 2017-03 | revenue_cagr_5yr | INSUFFICIENT
CAGR | ITC | 2017-03 | revenue_cagr_10yr | INSUFFICIENT
CAGR | ITC | 2017-03 | pat_cagr_5yr | INSUFFICIENT
CAGR | ITC | 2017-03 | pat_cagr_10yr | INSUFFICIENT
CAGR | ITC | 2017-03 | eps_cagr_5yr | INSUFFICIENT
CAGR | ITC | 2017-03 | eps_cagr_10yr | INSUFFICIENT
CAGR | ITC | 2018-03 | revenue_cagr_10yr | INSUFFICIENT
CAGR | ITC | 2018-03 | pat_cagr_10yr | INSUFFICIENT
CAGR | ITC | 2018-03 | eps_cagr_10yr | INSUFFICIENT
CAGR | ITC | 2019-03 | revenue_cagr_10yr | INSUFFICIENT
CAGR | ITC | 2019-03 | pat_cagr_10yr | INSUFFICIENT
CAGR | ITC | 2019-03 | eps_cagr_10yr | INSUFFICIENT
CAGR | ITC | 2020-03 | revenue_cagr_10yr | INSUFFICIENT
CAGR | ITC | 2020-03 | pat_cagr_10yr | INSUFFICIENT
CAGR | ITC | 2020-03 | eps_cagr_10yr | INSUFFICIENT
CAGR | ITC | 2021-03 | revenue_cagr_10yr | INSUFFICIENT
CAGR | ITC | 2021-03 | pat_cagr_10yr | INSUFFICIENT
CAGR | ITC | 2021-03 | eps_cagr_10yr | INSUFFICIENT
CAGR | ITC | 2022-03 | revenue_cagr_10yr | INSUFFICIENT
CAGR | ITC | 2022-03 | pat_cagr_10yr | INSUFFICIENT
CAGR | ITC | 2022-03 | eps_cagr_10yr | INSUFFICIENT
CAGR | ITC | 2024-09 | revenue_cagr_3yr | INSUFFICIENT
CAGR | ITC | 2024-09 | revenue_cagr_5yr | INSUFFICIENT
CAGR | ITC | 2024-09 | revenue_cagr_10yr | INSUFFICIENT
CAGR | ITC | 2024-09 | pat_cagr_3yr | INSUFFICIENT
CAGR | ITC | 2024-09 | pat_cagr_5yr | INSUFFICIENT
CAGR | ITC | 2024-09 | pat_cagr_10yr | INSUFFICIENT
CAGR | ITC | 2024-09 | eps_cagr_3yr | INSUFFICIENT
CAGR | ITC | 2024-09 | eps_cagr_5yr | INSUFFICIENT
CAGR | ITC | 2024-09 | eps_cagr_10yr | INSUFFICIENT
CAGR | JINDALSTEL | 2013-03 | revenue_cagr_3yr | INSUFFICIENT
CAGR | JINDALSTEL | 2013-03 | revenue_cagr_5yr | INSUFFICIENT
CAGR | JINDALSTEL | 2013-03 | revenue_cagr_10yr | INSUFFICIENT
CAGR | JINDALSTEL | 2013-03 | pat_cagr_3yr | INSUFFICIENT
CAGR | JINDALSTEL | 2013-03 | pat_cagr_5yr | INSUFFICIENT
CAGR | JINDALSTEL | 2013-03 | pat_cagr_10yr | INSUFFICIENT
CAGR | JINDALSTEL | 2013-03 | eps_cagr_3yr | INSUFFICIENT
CAGR | JINDALSTEL | 2013-03 | eps_cagr_5yr | INSUFFICIENT
CAGR | JINDALSTEL | 2013-03 | eps_cagr_10yr | INSUFFICIENT
CAGR | JINDALSTEL | 2014-03 | revenue_cagr_3yr | INSUFFICIENT
CAGR | JINDALSTEL | 2014-03 | revenue_cagr_5yr | INSUFFICIENT
CAGR | JINDALSTEL | 2014-03 | revenue_cagr_10yr | INSUFFICIENT
CAGR | JINDALSTEL | 2014-03 | pat_cagr_3yr | INSUFFICIENT
CAGR | JINDALSTEL | 2014-03 | pat_cagr_5yr | INSUFFICIENT
CAGR | JINDALSTEL | 2014-03 | pat_cagr_10yr | INSUFFICIENT
CAGR | JINDALSTEL | 2014-03 | eps_cagr_3yr | INSUFFICIENT
CAGR | JINDALSTEL | 2014-03 | eps_cagr_5yr | INSUFFICIENT
CAGR | JINDALSTEL | 2014-03 | eps_cagr_10yr | INSUFFICIENT
CAGR | JINDALSTEL | 2015-03 | revenue_cagr_3yr | INSUFFICIENT
CAGR | JINDALSTEL | 2015-03 | revenue_cagr_5yr | INSUFFICIENT
CAGR | JINDALSTEL | 2015-03 | revenue_cagr_10yr | INSUFFICIENT
CAGR | JINDALSTEL | 2015-03 | pat_cagr_3yr | INSUFFICIENT
CAGR | JINDALSTEL | 2015-03 | pat_cagr_5yr | INSUFFICIENT
CAGR | JINDALSTEL | 2015-03 | pat_cagr_10yr | INSUFFICIENT
CAGR | JINDALSTEL | 2015-03 | eps_cagr_3yr | INSUFFICIENT
CAGR | JINDALSTEL | 2015-03 | eps_cagr_5yr | INSUFFICIENT
CAGR | JINDALSTEL | 2015-03 | eps_cagr_10yr | INSUFFICIENT
CAGR | JINDALSTEL | 2016-03 | revenue_cagr_5yr | INSUFFICIENT
CAGR | JINDALSTEL | 2016-03 | revenue_cagr_10yr | INSUFFICIENT
CAGR | JINDALSTEL | 2016-03 | pat_cagr_3yr | DECLINE_TO_LOSS
CAGR | JINDALSTEL | 2016-03 | pat_cagr_5yr | INSUFFICIENT
CAGR | JINDALSTEL | 2016-03 | pat_cagr_10yr | INSUFFICIENT
CAGR | JINDALSTEL | 2016-03 | eps_cagr_3yr | DECLINE_TO_LOSS
CAGR | JINDALSTEL | 2016-03 | eps_cagr_5yr | INSUFFICIENT
CAGR | JINDALSTEL | 2016-03 | eps_cagr_10yr | INSUFFICIENT
CAGR | JINDALSTEL | 2017-03 | revenue_cagr_5yr | INSUFFICIENT
CAGR | JINDALSTEL | 2017-03 | revenue_cagr_10yr | INSUFFICIENT
CAGR | JINDALSTEL | 2017-03 | pat_cagr_3yr | DECLINE_TO_LOSS
CAGR | JINDALSTEL | 2017-03 | pat_cagr_5yr | INSUFFICIENT
CAGR | JINDALSTEL | 2017-03 | pat_cagr_10yr | INSUFFICIENT
CAGR | JINDALSTEL | 2017-03 | eps_cagr_3yr | DECLINE_TO_LOSS
CAGR | JINDALSTEL | 2017-03 | eps_cagr_5yr | INSUFFICIENT
CAGR | JINDALSTEL | 2017-03 | eps_cagr_10yr | INSUFFICIENT
CAGR | JINDALSTEL | 2018-03 | revenue_cagr_10yr | INSUFFICIENT
CAGR | JINDALSTEL | 2018-03 | pat_cagr_3yr | BOTH_NEGATIVE
CAGR | JINDALSTEL | 2018-03 | pat_cagr_5yr | DECLINE_TO_LOSS
CAGR | JINDALSTEL | 2018-03 | pat_cagr_10yr | INSUFFICIENT
CAGR | JINDALSTEL | 2018-03 | eps_cagr_3yr | BOTH_NEGATIVE
CAGR | JINDALSTEL | 2018-03 | eps_cagr_5yr | DECLINE_TO_LOSS
CAGR | JINDALSTEL | 2018-03 | eps_cagr_10yr | INSUFFICIENT
CAGR | JINDALSTEL | 2019-03 | revenue_cagr_10yr | INSUFFICIENT
CAGR | JINDALSTEL | 2019-03 | pat_cagr_3yr | BOTH_NEGATIVE
CAGR | JINDALSTEL | 2019-03 | pat_cagr_5yr | DECLINE_TO_LOSS
CAGR | JINDALSTEL | 2019-03 | pat_cagr_10yr | INSUFFICIENT
CAGR | JINDALSTEL | 2019-03 | eps_cagr_3yr | BOTH_NEGATIVE
CAGR | JINDALSTEL | 2019-03 | eps_cagr_5yr | DECLINE_TO_LOSS
CAGR | JINDALSTEL | 2019-03 | eps_cagr_10yr | INSUFFICIENT
CAGR | JINDALSTEL | 2020-03 | revenue_cagr_10yr | INSUFFICIENT
CAGR | JINDALSTEL | 2020-03 | pat_cagr_3yr | BOTH_NEGATIVE
CAGR | JINDALSTEL | 2020-03 | pat_cagr_5yr | BOTH_NEGATIVE
CAGR | JINDALSTEL | 2020-03 | pat_cagr_10yr | INSUFFICIENT
CAGR | JINDALSTEL | 2020-03 | eps_cagr_3yr | BOTH_NEGATIVE
CAGR | JINDALSTEL | 2020-03 | eps_cagr_5yr | BOTH_NEGATIVE
CAGR | JINDALSTEL | 2020-03 | eps_cagr_10yr | INSUFFICIENT
CAGR | JINDALSTEL | 2021-03 | revenue_cagr_10yr | INSUFFICIENT
CAGR | JINDALSTEL | 2021-03 | pat_cagr_3yr | TURNAROUND
CAGR | JINDALSTEL | 2021-03 | pat_cagr_5yr | TURNAROUND
CAGR | JINDALSTEL | 2021-03 | pat_cagr_10yr | INSUFFICIENT
CAGR | JINDALSTEL | 2021-03 | eps_cagr_3yr | TURNAROUND
CAGR | JINDALSTEL | 2021-03 | eps_cagr_5yr | TURNAROUND
CAGR | JINDALSTEL | 2021-03 | eps_cagr_10yr | INSUFFICIENT
CAGR | JINDALSTEL | 2022-03 | revenue_cagr_10yr | INSUFFICIENT
CAGR | JINDALSTEL | 2022-03 | pat_cagr_3yr | TURNAROUND
CAGR | JINDALSTEL | 2022-03 | pat_cagr_5yr | TURNAROUND
CAGR | JINDALSTEL | 2022-03 | pat_cagr_10yr | INSUFFICIENT
CAGR | JINDALSTEL | 2022-03 | eps_cagr_3yr | TURNAROUND
CAGR | JINDALSTEL | 2022-03 | eps_cagr_5yr | TURNAROUND
CAGR | JINDALSTEL | 2022-03 | eps_cagr_10yr | INSUFFICIENT
CAGR | JINDALSTEL | 2023-03 | pat_cagr_3yr | TURNAROUND
CAGR | JINDALSTEL | 2023-03 | pat_cagr_5yr | TURNAROUND
CAGR | JINDALSTEL | 2023-03 | eps_cagr_3yr | TURNAROUND
CAGR | JINDALSTEL | 2023-03 | eps_cagr_5yr | TURNAROUND
CAGR | JINDALSTEL | 2024-03 | pat_cagr_5yr | TURNAROUND
CAGR | JINDALSTEL | 2024-03 | eps_cagr_5yr | TURNAROUND
CAGR | JINDALSTEL | 2024-09 | revenue_cagr_3yr | INSUFFICIENT
CAGR | JINDALSTEL | 2024-09 | revenue_cagr_5yr | INSUFFICIENT
CAGR | JINDALSTEL | 2024-09 | revenue_cagr_10yr | INSUFFICIENT
CAGR | JINDALSTEL | 2024-09 | pat_cagr_3yr | INSUFFICIENT
CAGR | JINDALSTEL | 2024-09 | pat_cagr_5yr | INSUFFICIENT
CAGR | JINDALSTEL | 2024-09 | pat_cagr_10yr | INSUFFICIENT
CAGR | JINDALSTEL | 2024-09 | eps_cagr_3yr | INSUFFICIENT
CAGR | JINDALSTEL | 2024-09 | eps_cagr_5yr | INSUFFICIENT
CAGR | JINDALSTEL | 2024-09 | eps_cagr_10yr | INSUFFICIENT
OPM | JIOFIN | 2023-03 | source=88.0 computed=86.6667 | SOURCE_MISMATCH
CAGR | JIOFIN | 2023-03 | revenue_cagr_3yr | INSUFFICIENT
CAGR | JIOFIN | 2023-03 | revenue_cagr_5yr | INSUFFICIENT
CAGR | JIOFIN | 2023-03 | revenue_cagr_10yr | INSUFFICIENT
CAGR | JIOFIN | 2023-03 | pat_cagr_3yr | INSUFFICIENT
CAGR | JIOFIN | 2023-03 | pat_cagr_5yr | INSUFFICIENT
CAGR | JIOFIN | 2023-03 | pat_cagr_10yr | INSUFFICIENT
CAGR | JIOFIN | 2023-03 | eps_cagr_3yr | INSUFFICIENT
CAGR | JIOFIN | 2023-03 | eps_cagr_5yr | INSUFFICIENT
CAGR | JIOFIN | 2023-03 | eps_cagr_10yr | INSUFFICIENT
CAGR | JIOFIN | 2024-03 | revenue_cagr_3yr | INSUFFICIENT
CAGR | JIOFIN | 2024-03 | revenue_cagr_5yr | INSUFFICIENT
CAGR | JIOFIN | 2024-03 | revenue_cagr_10yr | INSUFFICIENT
CAGR | JIOFIN | 2024-03 | pat_cagr_3yr | INSUFFICIENT
CAGR | JIOFIN | 2024-03 | pat_cagr_5yr | INSUFFICIENT
CAGR | JIOFIN | 2024-03 | pat_cagr_10yr | INSUFFICIENT
CAGR | JIOFIN | 2024-03 | eps_cagr_3yr | INSUFFICIENT
CAGR | JIOFIN | 2024-03 | eps_cagr_5yr | INSUFFICIENT
CAGR | JIOFIN | 2024-03 | eps_cagr_10yr | INSUFFICIENT
CAGR | JIOFIN | 2024-09 | revenue_cagr_3yr | INSUFFICIENT
CAGR | JIOFIN | 2024-09 | revenue_cagr_5yr | INSUFFICIENT
CAGR | JIOFIN | 2024-09 | revenue_cagr_10yr | INSUFFICIENT
CAGR | JIOFIN | 2024-09 | pat_cagr_3yr | INSUFFICIENT
CAGR | JIOFIN | 2024-09 | pat_cagr_5yr | INSUFFICIENT
CAGR | JIOFIN | 2024-09 | pat_cagr_10yr | INSUFFICIENT
CAGR | JIOFIN | 2024-09 | eps_cagr_3yr | INSUFFICIENT
CAGR | JIOFIN | 2024-09 | eps_cagr_5yr | INSUFFICIENT
CAGR | JIOFIN | 2024-09 | eps_cagr_10yr | INSUFFICIENT
CAGR | JSWENERGY | 2013-03 | revenue_cagr_3yr | INSUFFICIENT
CAGR | JSWENERGY | 2013-03 | revenue_cagr_5yr | INSUFFICIENT
CAGR | JSWENERGY | 2013-03 | revenue_cagr_10yr | INSUFFICIENT
CAGR | JSWENERGY | 2013-03 | pat_cagr_3yr | INSUFFICIENT
CAGR | JSWENERGY | 2013-03 | pat_cagr_5yr | INSUFFICIENT
CAGR | JSWENERGY | 2013-03 | pat_cagr_10yr | INSUFFICIENT
CAGR | JSWENERGY | 2013-03 | eps_cagr_3yr | INSUFFICIENT
CAGR | JSWENERGY | 2013-03 | eps_cagr_5yr | INSUFFICIENT
CAGR | JSWENERGY | 2013-03 | eps_cagr_10yr | INSUFFICIENT
CAGR | JSWENERGY | 2014-03 | revenue_cagr_3yr | INSUFFICIENT
CAGR | JSWENERGY | 2014-03 | revenue_cagr_5yr | INSUFFICIENT
CAGR | JSWENERGY | 2014-03 | revenue_cagr_10yr | INSUFFICIENT
CAGR | JSWENERGY | 2014-03 | pat_cagr_3yr | INSUFFICIENT
CAGR | JSWENERGY | 2014-03 | pat_cagr_5yr | INSUFFICIENT
CAGR | JSWENERGY | 2014-03 | pat_cagr_10yr | INSUFFICIENT
CAGR | JSWENERGY | 2014-03 | eps_cagr_3yr | INSUFFICIENT
CAGR | JSWENERGY | 2014-03 | eps_cagr_5yr | INSUFFICIENT
CAGR | JSWENERGY | 2014-03 | eps_cagr_10yr | INSUFFICIENT
CAGR | JSWENERGY | 2015-03 | revenue_cagr_3yr | INSUFFICIENT
CAGR | JSWENERGY | 2015-03 | revenue_cagr_5yr | INSUFFICIENT
CAGR | JSWENERGY | 2015-03 | revenue_cagr_10yr | INSUFFICIENT
CAGR | JSWENERGY | 2015-03 | pat_cagr_3yr | INSUFFICIENT
CAGR | JSWENERGY | 2015-03 | pat_cagr_5yr | INSUFFICIENT
CAGR | JSWENERGY | 2015-03 | pat_cagr_10yr | INSUFFICIENT
CAGR | JSWENERGY | 2015-03 | eps_cagr_3yr | INSUFFICIENT
CAGR | JSWENERGY | 2015-03 | eps_cagr_5yr | INSUFFICIENT
CAGR | JSWENERGY | 2015-03 | eps_cagr_10yr | INSUFFICIENT
CAGR | JSWENERGY | 2016-03 | revenue_cagr_5yr | INSUFFICIENT
CAGR | JSWENERGY | 2016-03 | revenue_cagr_10yr | INSUFFICIENT
CAGR | JSWENERGY | 2016-03 | pat_cagr_5yr | INSUFFICIENT
CAGR | JSWENERGY | 2016-03 | pat_cagr_10yr | INSUFFICIENT
CAGR | JSWENERGY | 2016-03 | eps_cagr_5yr | INSUFFICIENT
CAGR | JSWENERGY | 2016-03 | eps_cagr_10yr | INSUFFICIENT
CAGR | JSWENERGY | 2017-03 | revenue_cagr_5yr | INSUFFICIENT
CAGR | JSWENERGY | 2017-03 | revenue_cagr_10yr | INSUFFICIENT
CAGR | JSWENERGY | 2017-03 | pat_cagr_5yr | INSUFFICIENT
CAGR | JSWENERGY | 2017-03 | pat_cagr_10yr | INSUFFICIENT
CAGR | JSWENERGY | 2017-03 | eps_cagr_5yr | INSUFFICIENT
CAGR | JSWENERGY | 2017-03 | eps_cagr_10yr | INSUFFICIENT
CAGR | JSWENERGY | 2018-03 | revenue_cagr_10yr | INSUFFICIENT
CAGR | JSWENERGY | 2018-03 | pat_cagr_10yr | INSUFFICIENT
CAGR | JSWENERGY | 2018-03 | eps_cagr_10yr | INSUFFICIENT
CAGR | JSWENERGY | 2019-03 | revenue_cagr_10yr | INSUFFICIENT
CAGR | JSWENERGY | 2019-03 | pat_cagr_10yr | INSUFFICIENT
CAGR | JSWENERGY | 2019-03 | eps_cagr_10yr | INSUFFICIENT
CAGR | JSWENERGY | 2020-03 | revenue_cagr_10yr | INSUFFICIENT
CAGR | JSWENERGY | 2020-03 | pat_cagr_10yr | INSUFFICIENT
CAGR | JSWENERGY | 2020-03 | eps_cagr_10yr | INSUFFICIENT
CAGR | JSWENERGY | 2021-03 | revenue_cagr_10yr | INSUFFICIENT
CAGR | JSWENERGY | 2021-03 | pat_cagr_10yr | INSUFFICIENT
CAGR | JSWENERGY | 2021-03 | eps_cagr_3yr | ZERO_BASE
CAGR | JSWENERGY | 2021-03 | eps_cagr_10yr | INSUFFICIENT
CAGR | JSWENERGY | 2022-03 | revenue_cagr_10yr | INSUFFICIENT
CAGR | JSWENERGY | 2022-03 | pat_cagr_10yr | INSUFFICIENT
CAGR | JSWENERGY | 2022-03 | eps_cagr_10yr | INSUFFICIENT
CAGR | JSWENERGY | 2023-03 | eps_cagr_5yr | ZERO_BASE
CAGR | JSWENERGY | 2024-09 | revenue_cagr_3yr | INSUFFICIENT
CAGR | JSWENERGY | 2024-09 | revenue_cagr_5yr | INSUFFICIENT
CAGR | JSWENERGY | 2024-09 | revenue_cagr_10yr | INSUFFICIENT
CAGR | JSWENERGY | 2024-09 | pat_cagr_3yr | INSUFFICIENT
CAGR | JSWENERGY | 2024-09 | pat_cagr_5yr | INSUFFICIENT
CAGR | JSWENERGY | 2024-09 | pat_cagr_10yr | INSUFFICIENT
CAGR | JSWENERGY | 2024-09 | eps_cagr_3yr | INSUFFICIENT
CAGR | JSWENERGY | 2024-09 | eps_cagr_5yr | INSUFFICIENT
CAGR | JSWENERGY | 2024-09 | eps_cagr_10yr | INSUFFICIENT
CAGR | JSWSTEEL | 2013-03 | revenue_cagr_3yr | INSUFFICIENT
CAGR | JSWSTEEL | 2013-03 | revenue_cagr_5yr | INSUFFICIENT
CAGR | JSWSTEEL | 2013-03 | revenue_cagr_10yr | INSUFFICIENT
CAGR | JSWSTEEL | 2013-03 | pat_cagr_3yr | INSUFFICIENT
CAGR | JSWSTEEL | 2013-03 | pat_cagr_5yr | INSUFFICIENT
CAGR | JSWSTEEL | 2013-03 | pat_cagr_10yr | INSUFFICIENT
CAGR | JSWSTEEL | 2013-03 | eps_cagr_3yr | INSUFFICIENT
CAGR | JSWSTEEL | 2013-03 | eps_cagr_5yr | INSUFFICIENT
CAGR | JSWSTEEL | 2013-03 | eps_cagr_10yr | INSUFFICIENT
CAGR | JSWSTEEL | 2014-03 | revenue_cagr_3yr | INSUFFICIENT
CAGR | JSWSTEEL | 2014-03 | revenue_cagr_5yr | INSUFFICIENT
CAGR | JSWSTEEL | 2014-03 | revenue_cagr_10yr | INSUFFICIENT
CAGR | JSWSTEEL | 2014-03 | pat_cagr_3yr | INSUFFICIENT
CAGR | JSWSTEEL | 2014-03 | pat_cagr_5yr | INSUFFICIENT
CAGR | JSWSTEEL | 2014-03 | pat_cagr_10yr | INSUFFICIENT
CAGR | JSWSTEEL | 2014-03 | eps_cagr_3yr | INSUFFICIENT
CAGR | JSWSTEEL | 2014-03 | eps_cagr_5yr | INSUFFICIENT
CAGR | JSWSTEEL | 2014-03 | eps_cagr_10yr | INSUFFICIENT
CAGR | JSWSTEEL | 2015-03 | revenue_cagr_3yr | INSUFFICIENT
CAGR | JSWSTEEL | 2015-03 | revenue_cagr_5yr | INSUFFICIENT
CAGR | JSWSTEEL | 2015-03 | revenue_cagr_10yr | INSUFFICIENT
CAGR | JSWSTEEL | 2015-03 | pat_cagr_3yr | INSUFFICIENT
CAGR | JSWSTEEL | 2015-03 | pat_cagr_5yr | INSUFFICIENT
CAGR | JSWSTEEL | 2015-03 | pat_cagr_10yr | INSUFFICIENT
CAGR | JSWSTEEL | 2015-03 | eps_cagr_3yr | INSUFFICIENT
CAGR | JSWSTEEL | 2015-03 | eps_cagr_5yr | INSUFFICIENT
CAGR | JSWSTEEL | 2015-03 | eps_cagr_10yr | INSUFFICIENT
CAGR | JSWSTEEL | 2016-03 | revenue_cagr_5yr | INSUFFICIENT
CAGR | JSWSTEEL | 2016-03 | revenue_cagr_10yr | INSUFFICIENT
CAGR | JSWSTEEL | 2016-03 | pat_cagr_3yr | DECLINE_TO_LOSS
CAGR | JSWSTEEL | 2016-03 | pat_cagr_5yr | INSUFFICIENT
CAGR | JSWSTEEL | 2016-03 | pat_cagr_10yr | INSUFFICIENT
CAGR | JSWSTEEL | 2016-03 | eps_cagr_3yr | DECLINE_TO_LOSS
CAGR | JSWSTEEL | 2016-03 | eps_cagr_5yr | INSUFFICIENT
CAGR | JSWSTEEL | 2016-03 | eps_cagr_10yr | INSUFFICIENT
CAGR | JSWSTEEL | 2017-03 | revenue_cagr_5yr | INSUFFICIENT
CAGR | JSWSTEEL | 2017-03 | revenue_cagr_10yr | INSUFFICIENT
CAGR | JSWSTEEL | 2017-03 | pat_cagr_5yr | INSUFFICIENT
CAGR | JSWSTEEL | 2017-03 | pat_cagr_10yr | INSUFFICIENT
CAGR | JSWSTEEL | 2017-03 | eps_cagr_5yr | INSUFFICIENT
CAGR | JSWSTEEL | 2017-03 | eps_cagr_10yr | INSUFFICIENT
CAGR | JSWSTEEL | 2018-03 | revenue_cagr_10yr | INSUFFICIENT
CAGR | JSWSTEEL | 2018-03 | pat_cagr_10yr | INSUFFICIENT
CAGR | JSWSTEEL | 2018-03 | eps_cagr_10yr | INSUFFICIENT
CAGR | JSWSTEEL | 2019-03 | revenue_cagr_10yr | INSUFFICIENT
CAGR | JSWSTEEL | 2019-03 | pat_cagr_3yr | TURNAROUND
CAGR | JSWSTEEL | 2019-03 | pat_cagr_10yr | INSUFFICIENT
CAGR | JSWSTEEL | 2019-03 | eps_cagr_3yr | TURNAROUND
CAGR | JSWSTEEL | 2019-03 | eps_cagr_10yr | INSUFFICIENT
CAGR | JSWSTEEL | 2020-03 | revenue_cagr_10yr | INSUFFICIENT
CAGR | JSWSTEEL | 2020-03 | pat_cagr_10yr | INSUFFICIENT
CAGR | JSWSTEEL | 2020-03 | eps_cagr_10yr | INSUFFICIENT
CAGR | JSWSTEEL | 2021-03 | revenue_cagr_10yr | INSUFFICIENT
CAGR | JSWSTEEL | 2021-03 | pat_cagr_5yr | TURNAROUND
CAGR | JSWSTEEL | 2021-03 | pat_cagr_10yr | INSUFFICIENT
CAGR | JSWSTEEL | 2021-03 | eps_cagr_5yr | TURNAROUND
CAGR | JSWSTEEL | 2021-03 | eps_cagr_10yr | INSUFFICIENT
CAGR | JSWSTEEL | 2022-03 | revenue_cagr_10yr | INSUFFICIENT
CAGR | JSWSTEEL | 2022-03 | pat_cagr_10yr | INSUFFICIENT
CAGR | JSWSTEEL | 2022-03 | eps_cagr_10yr | INSUFFICIENT
CAGR | JSWSTEEL | 2024-09 | revenue_cagr_3yr | INSUFFICIENT
CAGR | JSWSTEEL | 2024-09 | revenue_cagr_5yr | INSUFFICIENT
CAGR | JSWSTEEL | 2024-09 | revenue_cagr_10yr | INSUFFICIENT
CAGR | JSWSTEEL | 2024-09 | pat_cagr_3yr | INSUFFICIENT
CAGR | JSWSTEEL | 2024-09 | pat_cagr_5yr | INSUFFICIENT
CAGR | JSWSTEEL | 2024-09 | pat_cagr_10yr | INSUFFICIENT
CAGR | JSWSTEEL | 2024-09 | eps_cagr_3yr | INSUFFICIENT
CAGR | JSWSTEEL | 2024-09 | eps_cagr_5yr | INSUFFICIENT
CAGR | JSWSTEEL | 2024-09 | eps_cagr_10yr | INSUFFICIENT
OPM | KOTAKBANK | 2013-03 | source=-1789.0 computed=60.9245 | SOURCE_MISMATCH
CAGR | KOTAKBANK | 2013-03 | revenue_cagr_3yr | INSUFFICIENT
CAGR | KOTAKBANK | 2013-03 | revenue_cagr_5yr | INSUFFICIENT
CAGR | KOTAKBANK | 2013-03 | revenue_cagr_10yr | INSUFFICIENT
CAGR | KOTAKBANK | 2013-03 | pat_cagr_3yr | INSUFFICIENT
CAGR | KOTAKBANK | 2013-03 | pat_cagr_5yr | INSUFFICIENT
CAGR | KOTAKBANK | 2013-03 | pat_cagr_10yr | INSUFFICIENT
CAGR | KOTAKBANK | 2013-03 | eps_cagr_3yr | INSUFFICIENT
CAGR | KOTAKBANK | 2013-03 | eps_cagr_5yr | INSUFFICIENT
CAGR | KOTAKBANK | 2013-03 | eps_cagr_10yr | INSUFFICIENT
OPM | KOTAKBANK | 2014-03 | source=-1379.0 computed=58.8437 | SOURCE_MISMATCH
CAGR | KOTAKBANK | 2014-03 | revenue_cagr_3yr | INSUFFICIENT
CAGR | KOTAKBANK | 2014-03 | revenue_cagr_5yr | INSUFFICIENT
CAGR | KOTAKBANK | 2014-03 | revenue_cagr_10yr | INSUFFICIENT
CAGR | KOTAKBANK | 2014-03 | pat_cagr_3yr | INSUFFICIENT
CAGR | KOTAKBANK | 2014-03 | pat_cagr_5yr | INSUFFICIENT
CAGR | KOTAKBANK | 2014-03 | pat_cagr_10yr | INSUFFICIENT
CAGR | KOTAKBANK | 2014-03 | eps_cagr_3yr | INSUFFICIENT
CAGR | KOTAKBANK | 2014-03 | eps_cagr_5yr | INSUFFICIENT
CAGR | KOTAKBANK | 2014-03 | eps_cagr_10yr | INSUFFICIENT
OPM | KOTAKBANK | 2015-03 | source=-3366.0 computed=72.9634 | SOURCE_MISMATCH
CAGR | KOTAKBANK | 2015-03 | revenue_cagr_3yr | INSUFFICIENT
CAGR | KOTAKBANK | 2015-03 | revenue_cagr_5yr | INSUFFICIENT
CAGR | KOTAKBANK | 2015-03 | revenue_cagr_10yr | INSUFFICIENT
CAGR | KOTAKBANK | 2015-03 | pat_cagr_3yr | INSUFFICIENT
CAGR | KOTAKBANK | 2015-03 | pat_cagr_5yr | INSUFFICIENT
CAGR | KOTAKBANK | 2015-03 | pat_cagr_10yr | INSUFFICIENT
CAGR | KOTAKBANK | 2015-03 | eps_cagr_3yr | INSUFFICIENT
CAGR | KOTAKBANK | 2015-03 | eps_cagr_5yr | INSUFFICIENT
CAGR | KOTAKBANK | 2015-03 | eps_cagr_10yr | INSUFFICIENT
OPM | KOTAKBANK | 2016-03 | source=-2263.0 computed=56.5680 | SOURCE_MISMATCH
CAGR | KOTAKBANK | 2016-03 | revenue_cagr_5yr | INSUFFICIENT
CAGR | KOTAKBANK | 2016-03 | revenue_cagr_10yr | INSUFFICIENT
CAGR | KOTAKBANK | 2016-03 | pat_cagr_5yr | INSUFFICIENT
CAGR | KOTAKBANK | 2016-03 | pat_cagr_10yr | INSUFFICIENT
CAGR | KOTAKBANK | 2016-03 | eps_cagr_5yr | INSUFFICIENT
CAGR | KOTAKBANK | 2016-03 | eps_cagr_10yr | INSUFFICIENT
OPM | KOTAKBANK | 2017-03 | source=-3965.0 computed=66.4397 | SOURCE_MISMATCH
CAGR | KOTAKBANK | 2017-03 | revenue_cagr_5yr | INSUFFICIENT
CAGR | KOTAKBANK | 2017-03 | revenue_cagr_10yr | INSUFFICIENT
CAGR | KOTAKBANK | 2017-03 | pat_cagr_5yr | INSUFFICIENT
CAGR | KOTAKBANK | 2017-03 | pat_cagr_10yr | INSUFFICIENT
CAGR | KOTAKBANK | 2017-03 | eps_cagr_5yr | INSUFFICIENT
CAGR | KOTAKBANK | 2017-03 | eps_cagr_10yr | INSUFFICIENT
OPM | KOTAKBANK | 2018-03 | source=-4141.0 computed=66.8696 | SOURCE_MISMATCH
CAGR | KOTAKBANK | 2018-03 | revenue_cagr_10yr | INSUFFICIENT
CAGR | KOTAKBANK | 2018-03 | pat_cagr_10yr | INSUFFICIENT
CAGR | KOTAKBANK | 2018-03 | eps_cagr_10yr | INSUFFICIENT
OPM | KOTAKBANK | 2019-03 | source=-5114.0 computed=66.2331 | SOURCE_MISMATCH
CAGR | KOTAKBANK | 2019-03 | revenue_cagr_10yr | INSUFFICIENT
CAGR | KOTAKBANK | 2019-03 | pat_cagr_10yr | INSUFFICIENT
CAGR | KOTAKBANK | 2019-03 | eps_cagr_10yr | INSUFFICIENT
OPM | KOTAKBANK | 2020-03 | source=-5005.0 computed=67.4494 | SOURCE_MISMATCH
CAGR | KOTAKBANK | 2020-03 | revenue_cagr_10yr | INSUFFICIENT
CAGR | KOTAKBANK | 2020-03 | pat_cagr_10yr | INSUFFICIENT
CAGR | KOTAKBANK | 2020-03 | eps_cagr_10yr | INSUFFICIENT
OPM | KOTAKBANK | 2021-03 | source=-9958.0 computed=90.8349 | SOURCE_MISMATCH
CAGR | KOTAKBANK | 2021-03 | revenue_cagr_10yr | INSUFFICIENT
CAGR | KOTAKBANK | 2021-03 | pat_cagr_10yr | INSUFFICIENT
CAGR | KOTAKBANK | 2021-03 | eps_cagr_10yr | INSUFFICIENT
OPM | KOTAKBANK | 2022-03 | source=-8512.0 computed=90.9843 | SOURCE_MISMATCH
CAGR | KOTAKBANK | 2022-03 | revenue_cagr_10yr | INSUFFICIENT
CAGR | KOTAKBANK | 2022-03 | pat_cagr_10yr | INSUFFICIENT
CAGR | KOTAKBANK | 2022-03 | eps_cagr_10yr | INSUFFICIENT
OPM | KOTAKBANK | 2023-03 | source=-5746.0 computed=79.4406 | SOURCE_MISMATCH
OPM | KOTAKBANK | 2024-03 | source=-13382.0 computed=83.6673 | SOURCE_MISMATCH
CAGR | LICI | 2019-03 | revenue_cagr_3yr | INSUFFICIENT
CAGR | LICI | 2019-03 | revenue_cagr_5yr | INSUFFICIENT
CAGR | LICI | 2019-03 | revenue_cagr_10yr | INSUFFICIENT
CAGR | LICI | 2019-03 | pat_cagr_3yr | INSUFFICIENT
CAGR | LICI | 2019-03 | pat_cagr_5yr | INSUFFICIENT
CAGR | LICI | 2019-03 | pat_cagr_10yr | INSUFFICIENT
CAGR | LICI | 2019-03 | eps_cagr_3yr | INSUFFICIENT
CAGR | LICI | 2019-03 | eps_cagr_5yr | INSUFFICIENT
CAGR | LICI | 2019-03 | eps_cagr_10yr | INSUFFICIENT
CAGR | LICI | 2020-03 | revenue_cagr_3yr | INSUFFICIENT
CAGR | LICI | 2020-03 | revenue_cagr_5yr | INSUFFICIENT
CAGR | LICI | 2020-03 | revenue_cagr_10yr | INSUFFICIENT
CAGR | LICI | 2020-03 | pat_cagr_3yr | INSUFFICIENT
CAGR | LICI | 2020-03 | pat_cagr_5yr | INSUFFICIENT
CAGR | LICI | 2020-03 | pat_cagr_10yr | INSUFFICIENT
CAGR | LICI | 2020-03 | eps_cagr_3yr | INSUFFICIENT
CAGR | LICI | 2020-03 | eps_cagr_5yr | INSUFFICIENT
CAGR | LICI | 2020-03 | eps_cagr_10yr | INSUFFICIENT
CAGR | LICI | 2021-03 | revenue_cagr_3yr | INSUFFICIENT
CAGR | LICI | 2021-03 | revenue_cagr_5yr | INSUFFICIENT
CAGR | LICI | 2021-03 | revenue_cagr_10yr | INSUFFICIENT
CAGR | LICI | 2021-03 | pat_cagr_3yr | INSUFFICIENT
CAGR | LICI | 2021-03 | pat_cagr_5yr | INSUFFICIENT
CAGR | LICI | 2021-03 | pat_cagr_10yr | INSUFFICIENT
CAGR | LICI | 2021-03 | eps_cagr_3yr | INSUFFICIENT
CAGR | LICI | 2021-03 | eps_cagr_5yr | INSUFFICIENT
CAGR | LICI | 2021-03 | eps_cagr_10yr | INSUFFICIENT
CAGR | LICI | 2022-03 | revenue_cagr_5yr | INSUFFICIENT
CAGR | LICI | 2022-03 | revenue_cagr_10yr | INSUFFICIENT
CAGR | LICI | 2022-03 | pat_cagr_5yr | INSUFFICIENT
CAGR | LICI | 2022-03 | pat_cagr_10yr | INSUFFICIENT
CAGR | LICI | 2022-03 | eps_cagr_3yr | INSUFFICIENT
CAGR | LICI | 2022-03 | eps_cagr_5yr | INSUFFICIENT
CAGR | LICI | 2022-03 | eps_cagr_10yr | INSUFFICIENT
CAGR | LICI | 2023-03 | revenue_cagr_5yr | INSUFFICIENT
CAGR | LICI | 2023-03 | revenue_cagr_10yr | INSUFFICIENT
CAGR | LICI | 2023-03 | pat_cagr_5yr | INSUFFICIENT
CAGR | LICI | 2023-03 | pat_cagr_10yr | INSUFFICIENT
CAGR | LICI | 2023-03 | eps_cagr_3yr | INSUFFICIENT
CAGR | LICI | 2023-03 | eps_cagr_5yr | INSUFFICIENT
CAGR | LICI | 2023-03 | eps_cagr_10yr | INSUFFICIENT
CAGR | LICI | 2024-03 | revenue_cagr_10yr | INSUFFICIENT
CAGR | LICI | 2024-03 | pat_cagr_10yr | INSUFFICIENT
CAGR | LICI | 2024-03 | eps_cagr_5yr | INSUFFICIENT
CAGR | LICI | 2024-03 | eps_cagr_10yr | INSUFFICIENT
CAGR | LICI | 2024-09 | revenue_cagr_3yr | INSUFFICIENT
CAGR | LICI | 2024-09 | revenue_cagr_5yr | INSUFFICIENT
CAGR | LICI | 2024-09 | revenue_cagr_10yr | INSUFFICIENT
CAGR | LICI | 2024-09 | pat_cagr_3yr | INSUFFICIENT
CAGR | LICI | 2024-09 | pat_cagr_5yr | INSUFFICIENT
CAGR | LICI | 2024-09 | pat_cagr_10yr | INSUFFICIENT
CAGR | LICI | 2024-09 | eps_cagr_3yr | INSUFFICIENT
CAGR | LICI | 2024-09 | eps_cagr_5yr | INSUFFICIENT
CAGR | LICI | 2024-09 | eps_cagr_10yr | INSUFFICIENT
CAGR | LODHA | 2011-03 | revenue_cagr_3yr | INSUFFICIENT
CAGR | LODHA | 2011-03 | revenue_cagr_5yr | INSUFFICIENT
CAGR | LODHA | 2011-03 | revenue_cagr_10yr | INSUFFICIENT
CAGR | LODHA | 2011-03 | pat_cagr_3yr | INSUFFICIENT
CAGR | LODHA | 2011-03 | pat_cagr_5yr | INSUFFICIENT
CAGR | LODHA | 2011-03 | pat_cagr_10yr | INSUFFICIENT
CAGR | LODHA | 2011-03 | eps_cagr_3yr | INSUFFICIENT
CAGR | LODHA | 2011-03 | eps_cagr_5yr | INSUFFICIENT
CAGR | LODHA | 2011-03 | eps_cagr_10yr | INSUFFICIENT
CAGR | LODHA | 2012-03 | revenue_cagr_3yr | INSUFFICIENT
CAGR | LODHA | 2012-03 | revenue_cagr_5yr | INSUFFICIENT
CAGR | LODHA | 2012-03 | revenue_cagr_10yr | INSUFFICIENT
CAGR | LODHA | 2012-03 | pat_cagr_3yr | INSUFFICIENT
CAGR | LODHA | 2012-03 | pat_cagr_5yr | INSUFFICIENT
CAGR | LODHA | 2012-03 | pat_cagr_10yr | INSUFFICIENT
CAGR | LODHA | 2012-03 | eps_cagr_3yr | INSUFFICIENT
CAGR | LODHA | 2012-03 | eps_cagr_5yr | INSUFFICIENT
CAGR | LODHA | 2012-03 | eps_cagr_10yr | INSUFFICIENT
CAGR | LODHA | 2015-03 | revenue_cagr_5yr | INSUFFICIENT
CAGR | LODHA | 2015-03 | revenue_cagr_10yr | INSUFFICIENT
CAGR | LODHA | 2015-03 | pat_cagr_5yr | INSUFFICIENT
CAGR | LODHA | 2015-03 | pat_cagr_10yr | INSUFFICIENT
CAGR | LODHA | 2015-03 | eps_cagr_5yr | INSUFFICIENT
CAGR | LODHA | 2015-03 | eps_cagr_10yr | INSUFFICIENT
CAGR | LODHA | 2016-03 | revenue_cagr_3yr | INSUFFICIENT
CAGR | LODHA | 2016-03 | revenue_cagr_10yr | INSUFFICIENT
CAGR | LODHA | 2016-03 | pat_cagr_3yr | INSUFFICIENT
CAGR | LODHA | 2016-03 | pat_cagr_10yr | INSUFFICIENT
CAGR | LODHA | 2016-03 | eps_cagr_3yr | INSUFFICIENT
CAGR | LODHA | 2016-03 | eps_cagr_10yr | INSUFFICIENT
CAGR | LODHA | 2017-03 | revenue_cagr_3yr | INSUFFICIENT
CAGR | LODHA | 2017-03 | revenue_cagr_10yr | INSUFFICIENT
CAGR | LODHA | 2017-03 | pat_cagr_3yr | INSUFFICIENT
CAGR | LODHA | 2017-03 | pat_cagr_10yr | INSUFFICIENT
CAGR | LODHA | 2017-03 | eps_cagr_3yr | INSUFFICIENT
CAGR | LODHA | 2017-03 | eps_cagr_10yr | INSUFFICIENT
CAGR | LODHA | 2018-03 | revenue_cagr_5yr | INSUFFICIENT
CAGR | LODHA | 2018-03 | revenue_cagr_10yr | INSUFFICIENT
CAGR | LODHA | 2018-03 | pat_cagr_5yr | INSUFFICIENT
CAGR | LODHA | 2018-03 | pat_cagr_10yr | INSUFFICIENT
CAGR | LODHA | 2018-03 | eps_cagr_5yr | INSUFFICIENT
CAGR | LODHA | 2018-03 | eps_cagr_10yr | INSUFFICIENT
CAGR | LODHA | 2019-03 | revenue_cagr_5yr | INSUFFICIENT
CAGR | LODHA | 2019-03 | revenue_cagr_10yr | INSUFFICIENT
CAGR | LODHA | 2019-03 | pat_cagr_5yr | INSUFFICIENT
CAGR | LODHA | 2019-03 | pat_cagr_10yr | INSUFFICIENT
CAGR | LODHA | 2019-03 | eps_cagr_5yr | INSUFFICIENT
CAGR | LODHA | 2019-03 | eps_cagr_10yr | INSUFFICIENT
CAGR | LODHA | 2020-03 | revenue_cagr_10yr | INSUFFICIENT
CAGR | LODHA | 2020-03 | pat_cagr_10yr | INSUFFICIENT
CAGR | LODHA | 2020-03 | eps_cagr_10yr | INSUFFICIENT
CAGR | LODHA | 2023-03 | revenue_cagr_10yr | INSUFFICIENT
CAGR | LODHA | 2023-03 | pat_cagr_10yr | INSUFFICIENT
CAGR | LODHA | 2023-03 | eps_cagr_10yr | INSUFFICIENT
CAGR | LODHA | 2024-03 | revenue_cagr_10yr | INSUFFICIENT
CAGR | LODHA | 2024-03 | pat_cagr_10yr | INSUFFICIENT
CAGR | LODHA | 2024-03 | eps_cagr_10yr | INSUFFICIENT
CAGR | LODHA | 2024-09 | revenue_cagr_3yr | INSUFFICIENT
CAGR | LODHA | 2024-09 | revenue_cagr_5yr | INSUFFICIENT
CAGR | LODHA | 2024-09 | revenue_cagr_10yr | INSUFFICIENT
CAGR | LODHA | 2024-09 | pat_cagr_3yr | INSUFFICIENT
CAGR | LODHA | 2024-09 | pat_cagr_5yr | INSUFFICIENT
CAGR | LODHA | 2024-09 | pat_cagr_10yr | INSUFFICIENT
CAGR | LODHA | 2024-09 | eps_cagr_3yr | INSUFFICIENT
CAGR | LODHA | 2024-09 | eps_cagr_5yr | INSUFFICIENT
CAGR | LODHA | 2024-09 | eps_cagr_10yr | INSUFFICIENT
CAGR | LT | 2013-03 | revenue_cagr_3yr | INSUFFICIENT
CAGR | LT | 2013-03 | revenue_cagr_5yr | INSUFFICIENT
CAGR | LT | 2013-03 | revenue_cagr_10yr | INSUFFICIENT
CAGR | LT | 2013-03 | pat_cagr_3yr | INSUFFICIENT
CAGR | LT | 2013-03 | pat_cagr_5yr | INSUFFICIENT
CAGR | LT | 2013-03 | pat_cagr_10yr | INSUFFICIENT
CAGR | LT | 2013-03 | eps_cagr_3yr | INSUFFICIENT
CAGR | LT | 2013-03 | eps_cagr_5yr | INSUFFICIENT
CAGR | LT | 2013-03 | eps_cagr_10yr | INSUFFICIENT
CAGR | LT | 2014-03 | revenue_cagr_3yr | INSUFFICIENT
CAGR | LT | 2014-03 | revenue_cagr_5yr | INSUFFICIENT
CAGR | LT | 2014-03 | revenue_cagr_10yr | INSUFFICIENT
CAGR | LT | 2014-03 | pat_cagr_3yr | INSUFFICIENT
CAGR | LT | 2014-03 | pat_cagr_5yr | INSUFFICIENT
CAGR | LT | 2014-03 | pat_cagr_10yr | INSUFFICIENT
CAGR | LT | 2014-03 | eps_cagr_3yr | INSUFFICIENT
CAGR | LT | 2014-03 | eps_cagr_5yr | INSUFFICIENT
CAGR | LT | 2014-03 | eps_cagr_10yr | INSUFFICIENT
CAGR | LT | 2015-03 | revenue_cagr_3yr | INSUFFICIENT
CAGR | LT | 2015-03 | revenue_cagr_5yr | INSUFFICIENT
CAGR | LT | 2015-03 | revenue_cagr_10yr | INSUFFICIENT
CAGR | LT | 2015-03 | pat_cagr_3yr | INSUFFICIENT
CAGR | LT | 2015-03 | pat_cagr_5yr | INSUFFICIENT
CAGR | LT | 2015-03 | pat_cagr_10yr | INSUFFICIENT
CAGR | LT | 2015-03 | eps_cagr_3yr | INSUFFICIENT
CAGR | LT | 2015-03 | eps_cagr_5yr | INSUFFICIENT
CAGR | LT | 2015-03 | eps_cagr_10yr | INSUFFICIENT
CAGR | LT | 2016-03 | revenue_cagr_5yr | INSUFFICIENT
CAGR | LT | 2016-03 | revenue_cagr_10yr | INSUFFICIENT
CAGR | LT | 2016-03 | pat_cagr_5yr | INSUFFICIENT
CAGR | LT | 2016-03 | pat_cagr_10yr | INSUFFICIENT
CAGR | LT | 2016-03 | eps_cagr_5yr | INSUFFICIENT
CAGR | LT | 2016-03 | eps_cagr_10yr | INSUFFICIENT
CAGR | LT | 2017-03 | revenue_cagr_5yr | INSUFFICIENT
CAGR | LT | 2017-03 | revenue_cagr_10yr | INSUFFICIENT
CAGR | LT | 2017-03 | pat_cagr_5yr | INSUFFICIENT
CAGR | LT | 2017-03 | pat_cagr_10yr | INSUFFICIENT
CAGR | LT | 2017-03 | eps_cagr_5yr | INSUFFICIENT
CAGR | LT | 2017-03 | eps_cagr_10yr | INSUFFICIENT
CAGR | LT | 2018-03 | revenue_cagr_10yr | INSUFFICIENT
CAGR | LT | 2018-03 | pat_cagr_10yr | INSUFFICIENT
CAGR | LT | 2018-03 | eps_cagr_10yr | INSUFFICIENT
CAGR | LT | 2019-03 | revenue_cagr_10yr | INSUFFICIENT
CAGR | LT | 2019-03 | pat_cagr_10yr | INSUFFICIENT
CAGR | LT | 2019-03 | eps_cagr_10yr | INSUFFICIENT
CAGR | LT | 2020-03 | revenue_cagr_10yr | INSUFFICIENT
CAGR | LT | 2020-03 | pat_cagr_10yr | INSUFFICIENT
CAGR | LT | 2020-03 | eps_cagr_10yr | INSUFFICIENT
CAGR | LT | 2021-03 | revenue_cagr_10yr | INSUFFICIENT
CAGR | LT | 2021-03 | pat_cagr_10yr | INSUFFICIENT
CAGR | LT | 2021-03 | eps_cagr_10yr | INSUFFICIENT
CAGR | LT | 2022-03 | revenue_cagr_10yr | INSUFFICIENT
CAGR | LT | 2022-03 | pat_cagr_10yr | INSUFFICIENT
CAGR | LT | 2022-03 | eps_cagr_10yr | INSUFFICIENT
CAGR | LT | 2024-09 | revenue_cagr_3yr | INSUFFICIENT
CAGR | LT | 2024-09 | revenue_cagr_5yr | INSUFFICIENT
CAGR | LT | 2024-09 | revenue_cagr_10yr | INSUFFICIENT
CAGR | LT | 2024-09 | pat_cagr_3yr | INSUFFICIENT
CAGR | LT | 2024-09 | pat_cagr_5yr | INSUFFICIENT
CAGR | LT | 2024-09 | pat_cagr_10yr | INSUFFICIENT
CAGR | LT | 2024-09 | eps_cagr_3yr | INSUFFICIENT
CAGR | LT | 2024-09 | eps_cagr_5yr | INSUFFICIENT
CAGR | LT | 2024-09 | eps_cagr_10yr | INSUFFICIENT
CAGR | LTIM | 2013-03 | revenue_cagr_3yr | INSUFFICIENT
CAGR | LTIM | 2013-03 | revenue_cagr_5yr | INSUFFICIENT
CAGR | LTIM | 2013-03 | revenue_cagr_10yr | INSUFFICIENT
CAGR | LTIM | 2013-03 | pat_cagr_3yr | INSUFFICIENT
CAGR | LTIM | 2013-03 | pat_cagr_5yr | INSUFFICIENT
CAGR | LTIM | 2013-03 | pat_cagr_10yr | INSUFFICIENT
CAGR | LTIM | 2013-03 | eps_cagr_3yr | INSUFFICIENT
CAGR | LTIM | 2013-03 | eps_cagr_5yr | INSUFFICIENT
CAGR | LTIM | 2013-03 | eps_cagr_10yr | INSUFFICIENT
CAGR | LTIM | 2014-03 | revenue_cagr_3yr | INSUFFICIENT
CAGR | LTIM | 2014-03 | revenue_cagr_5yr | INSUFFICIENT
CAGR | LTIM | 2014-03 | revenue_cagr_10yr | INSUFFICIENT
CAGR | LTIM | 2014-03 | pat_cagr_3yr | INSUFFICIENT
CAGR | LTIM | 2014-03 | pat_cagr_5yr | INSUFFICIENT
CAGR | LTIM | 2014-03 | pat_cagr_10yr | INSUFFICIENT
CAGR | LTIM | 2014-03 | eps_cagr_3yr | INSUFFICIENT
CAGR | LTIM | 2014-03 | eps_cagr_5yr | INSUFFICIENT
CAGR | LTIM | 2014-03 | eps_cagr_10yr | INSUFFICIENT
CAGR | LTIM | 2015-03 | revenue_cagr_3yr | INSUFFICIENT
CAGR | LTIM | 2015-03 | revenue_cagr_5yr | INSUFFICIENT
CAGR | LTIM | 2015-03 | revenue_cagr_10yr | INSUFFICIENT
CAGR | LTIM | 2015-03 | pat_cagr_3yr | INSUFFICIENT
CAGR | LTIM | 2015-03 | pat_cagr_5yr | INSUFFICIENT
CAGR | LTIM | 2015-03 | pat_cagr_10yr | INSUFFICIENT
CAGR | LTIM | 2015-03 | eps_cagr_3yr | INSUFFICIENT
CAGR | LTIM | 2015-03 | eps_cagr_5yr | INSUFFICIENT
CAGR | LTIM | 2015-03 | eps_cagr_10yr | INSUFFICIENT
CAGR | LTIM | 2016-03 | revenue_cagr_5yr | INSUFFICIENT
CAGR | LTIM | 2016-03 | revenue_cagr_10yr | INSUFFICIENT
CAGR | LTIM | 2016-03 | pat_cagr_5yr | INSUFFICIENT
CAGR | LTIM | 2016-03 | pat_cagr_10yr | INSUFFICIENT
CAGR | LTIM | 2016-03 | eps_cagr_5yr | INSUFFICIENT
CAGR | LTIM | 2016-03 | eps_cagr_10yr | INSUFFICIENT
CAGR | LTIM | 2017-03 | revenue_cagr_5yr | INSUFFICIENT
CAGR | LTIM | 2017-03 | revenue_cagr_10yr | INSUFFICIENT
CAGR | LTIM | 2017-03 | pat_cagr_5yr | INSUFFICIENT
CAGR | LTIM | 2017-03 | pat_cagr_10yr | INSUFFICIENT
CAGR | LTIM | 2017-03 | eps_cagr_5yr | INSUFFICIENT
CAGR | LTIM | 2017-03 | eps_cagr_10yr | INSUFFICIENT
CAGR | LTIM | 2018-03 | revenue_cagr_10yr | INSUFFICIENT
CAGR | LTIM | 2018-03 | pat_cagr_10yr | INSUFFICIENT
CAGR | LTIM | 2018-03 | eps_cagr_10yr | INSUFFICIENT
CAGR | LTIM | 2019-03 | revenue_cagr_10yr | INSUFFICIENT
CAGR | LTIM | 2019-03 | pat_cagr_10yr | INSUFFICIENT
CAGR | LTIM | 2019-03 | eps_cagr_10yr | INSUFFICIENT
CAGR | LTIM | 2020-03 | revenue_cagr_10yr | INSUFFICIENT
CAGR | LTIM | 2020-03 | pat_cagr_10yr | INSUFFICIENT
CAGR | LTIM | 2020-03 | eps_cagr_10yr | INSUFFICIENT
CAGR | LTIM | 2021-03 | revenue_cagr_10yr | INSUFFICIENT
CAGR | LTIM | 2021-03 | pat_cagr_10yr | INSUFFICIENT
CAGR | LTIM | 2021-03 | eps_cagr_10yr | INSUFFICIENT
CAGR | LTIM | 2022-03 | revenue_cagr_10yr | INSUFFICIENT
CAGR | LTIM | 2022-03 | pat_cagr_10yr | INSUFFICIENT
CAGR | LTIM | 2022-03 | eps_cagr_10yr | INSUFFICIENT
CAGR | LTIM | 2024-09 | revenue_cagr_3yr | INSUFFICIENT
CAGR | LTIM | 2024-09 | revenue_cagr_5yr | INSUFFICIENT
CAGR | LTIM | 2024-09 | revenue_cagr_10yr | INSUFFICIENT
CAGR | LTIM | 2024-09 | pat_cagr_3yr | INSUFFICIENT
CAGR | LTIM | 2024-09 | pat_cagr_5yr | INSUFFICIENT
CAGR | LTIM | 2024-09 | pat_cagr_10yr | INSUFFICIENT
CAGR | LTIM | 2024-09 | eps_cagr_3yr | INSUFFICIENT
CAGR | LTIM | 2024-09 | eps_cagr_5yr | INSUFFICIENT
CAGR | LTIM | 2024-09 | eps_cagr_10yr | INSUFFICIENT
CAGR | M&M | 2013-03 | revenue_cagr_3yr | INSUFFICIENT
CAGR | M&M | 2013-03 | revenue_cagr_5yr | INSUFFICIENT
CAGR | M&M | 2013-03 | revenue_cagr_10yr | INSUFFICIENT
CAGR | M&M | 2013-03 | pat_cagr_3yr | INSUFFICIENT
CAGR | M&M | 2013-03 | pat_cagr_5yr | INSUFFICIENT
CAGR | M&M | 2013-03 | pat_cagr_10yr | INSUFFICIENT
CAGR | M&M | 2013-03 | eps_cagr_3yr | INSUFFICIENT
CAGR | M&M | 2013-03 | eps_cagr_5yr | INSUFFICIENT
CAGR | M&M | 2013-03 | eps_cagr_10yr | INSUFFICIENT
CAGR | M&M | 2014-03 | revenue_cagr_3yr | INSUFFICIENT
CAGR | M&M | 2014-03 | revenue_cagr_5yr | INSUFFICIENT
CAGR | M&M | 2014-03 | revenue_cagr_10yr | INSUFFICIENT
CAGR | M&M | 2014-03 | pat_cagr_3yr | INSUFFICIENT
CAGR | M&M | 2014-03 | pat_cagr_5yr | INSUFFICIENT
CAGR | M&M | 2014-03 | pat_cagr_10yr | INSUFFICIENT
CAGR | M&M | 2014-03 | eps_cagr_3yr | INSUFFICIENT
CAGR | M&M | 2014-03 | eps_cagr_5yr | INSUFFICIENT
CAGR | M&M | 2014-03 | eps_cagr_10yr | INSUFFICIENT
CAGR | M&M | 2015-03 | revenue_cagr_3yr | INSUFFICIENT
CAGR | M&M | 2015-03 | revenue_cagr_5yr | INSUFFICIENT
CAGR | M&M | 2015-03 | revenue_cagr_10yr | INSUFFICIENT
CAGR | M&M | 2015-03 | pat_cagr_3yr | INSUFFICIENT
CAGR | M&M | 2015-03 | pat_cagr_5yr | INSUFFICIENT
CAGR | M&M | 2015-03 | pat_cagr_10yr | INSUFFICIENT
CAGR | M&M | 2015-03 | eps_cagr_3yr | INSUFFICIENT
CAGR | M&M | 2015-03 | eps_cagr_5yr | INSUFFICIENT
CAGR | M&M | 2015-03 | eps_cagr_10yr | INSUFFICIENT
CAGR | M&M | 2016-03 | revenue_cagr_5yr | INSUFFICIENT
CAGR | M&M | 2016-03 | revenue_cagr_10yr | INSUFFICIENT
CAGR | M&M | 2016-03 | pat_cagr_5yr | INSUFFICIENT
CAGR | M&M | 2016-03 | pat_cagr_10yr | INSUFFICIENT
CAGR | M&M | 2016-03 | eps_cagr_5yr | INSUFFICIENT
CAGR | M&M | 2016-03 | eps_cagr_10yr | INSUFFICIENT
CAGR | M&M | 2017-03 | revenue_cagr_5yr | INSUFFICIENT
CAGR | M&M | 2017-03 | revenue_cagr_10yr | INSUFFICIENT
CAGR | M&M | 2017-03 | pat_cagr_5yr | INSUFFICIENT
CAGR | M&M | 2017-03 | pat_cagr_10yr | INSUFFICIENT
CAGR | M&M | 2017-03 | eps_cagr_5yr | INSUFFICIENT
CAGR | M&M | 2017-03 | eps_cagr_10yr | INSUFFICIENT
CAGR | M&M | 2018-03 | revenue_cagr_10yr | INSUFFICIENT
CAGR | M&M | 2018-03 | pat_cagr_10yr | INSUFFICIENT
CAGR | M&M | 2018-03 | eps_cagr_10yr | INSUFFICIENT
CAGR | M&M | 2019-03 | revenue_cagr_10yr | INSUFFICIENT
CAGR | M&M | 2019-03 | pat_cagr_10yr | INSUFFICIENT
CAGR | M&M | 2019-03 | eps_cagr_10yr | INSUFFICIENT
CAGR | M&M | 2020-03 | revenue_cagr_10yr | INSUFFICIENT
CAGR | M&M | 2020-03 | pat_cagr_3yr | DECLINE_TO_LOSS
CAGR | M&M | 2020-03 | pat_cagr_5yr | DECLINE_TO_LOSS
CAGR | M&M | 2020-03 | pat_cagr_10yr | INSUFFICIENT
CAGR | M&M | 2020-03 | eps_cagr_10yr | INSUFFICIENT
CAGR | M&M | 2021-03 | revenue_cagr_10yr | INSUFFICIENT
CAGR | M&M | 2021-03 | pat_cagr_10yr | INSUFFICIENT
CAGR | M&M | 2021-03 | eps_cagr_10yr | INSUFFICIENT
CAGR | M&M | 2022-03 | revenue_cagr_10yr | INSUFFICIENT
CAGR | M&M | 2022-03 | pat_cagr_10yr | INSUFFICIENT
CAGR | M&M | 2022-03 | eps_cagr_10yr | INSUFFICIENT
CAGR | M&M | 2023-03 | pat_cagr_3yr | TURNAROUND
CAGR | M&M | 2024-09 | revenue_cagr_3yr | INSUFFICIENT
CAGR | M&M | 2024-09 | revenue_cagr_5yr | INSUFFICIENT
CAGR | M&M | 2024-09 | revenue_cagr_10yr | INSUFFICIENT
CAGR | M&M | 2024-09 | pat_cagr_3yr | INSUFFICIENT
CAGR | M&M | 2024-09 | pat_cagr_5yr | INSUFFICIENT
CAGR | M&M | 2024-09 | pat_cagr_10yr | INSUFFICIENT
CAGR | M&M | 2024-09 | eps_cagr_3yr | INSUFFICIENT
CAGR | M&M | 2024-09 | eps_cagr_5yr | INSUFFICIENT
CAGR | M&M | 2024-09 | eps_cagr_10yr | INSUFFICIENT
CAGR | MARUTI | 2013-03 | revenue_cagr_3yr | INSUFFICIENT
CAGR | MARUTI | 2013-03 | revenue_cagr_5yr | INSUFFICIENT
CAGR | MARUTI | 2013-03 | revenue_cagr_10yr | INSUFFICIENT
CAGR | MARUTI | 2013-03 | pat_cagr_3yr | INSUFFICIENT
CAGR | MARUTI | 2013-03 | pat_cagr_5yr | INSUFFICIENT
CAGR | MARUTI | 2013-03 | pat_cagr_10yr | INSUFFICIENT
CAGR | MARUTI | 2013-03 | eps_cagr_3yr | INSUFFICIENT
CAGR | MARUTI | 2013-03 | eps_cagr_5yr | INSUFFICIENT
CAGR | MARUTI | 2013-03 | eps_cagr_10yr | INSUFFICIENT
CAGR | MARUTI | 2014-03 | revenue_cagr_3yr | INSUFFICIENT
CAGR | MARUTI | 2014-03 | revenue_cagr_5yr | INSUFFICIENT
CAGR | MARUTI | 2014-03 | revenue_cagr_10yr | INSUFFICIENT
CAGR | MARUTI | 2014-03 | pat_cagr_3yr | INSUFFICIENT
CAGR | MARUTI | 2014-03 | pat_cagr_5yr | INSUFFICIENT
CAGR | MARUTI | 2014-03 | pat_cagr_10yr | INSUFFICIENT
CAGR | MARUTI | 2014-03 | eps_cagr_3yr | INSUFFICIENT
CAGR | MARUTI | 2014-03 | eps_cagr_5yr | INSUFFICIENT
CAGR | MARUTI | 2014-03 | eps_cagr_10yr | INSUFFICIENT
CAGR | MARUTI | 2015-03 | revenue_cagr_3yr | INSUFFICIENT
CAGR | MARUTI | 2015-03 | revenue_cagr_5yr | INSUFFICIENT
CAGR | MARUTI | 2015-03 | revenue_cagr_10yr | INSUFFICIENT
CAGR | MARUTI | 2015-03 | pat_cagr_3yr | INSUFFICIENT
CAGR | MARUTI | 2015-03 | pat_cagr_5yr | INSUFFICIENT
CAGR | MARUTI | 2015-03 | pat_cagr_10yr | INSUFFICIENT
CAGR | MARUTI | 2015-03 | eps_cagr_3yr | INSUFFICIENT
CAGR | MARUTI | 2015-03 | eps_cagr_5yr | INSUFFICIENT
CAGR | MARUTI | 2015-03 | eps_cagr_10yr | INSUFFICIENT
CAGR | MARUTI | 2016-03 | revenue_cagr_5yr | INSUFFICIENT
CAGR | MARUTI | 2016-03 | revenue_cagr_10yr | INSUFFICIENT
CAGR | MARUTI | 2016-03 | pat_cagr_5yr | INSUFFICIENT
CAGR | MARUTI | 2016-03 | pat_cagr_10yr | INSUFFICIENT
CAGR | MARUTI | 2016-03 | eps_cagr_5yr | INSUFFICIENT
CAGR | MARUTI | 2016-03 | eps_cagr_10yr | INSUFFICIENT
CAGR | MARUTI | 2017-03 | revenue_cagr_5yr | INSUFFICIENT
CAGR | MARUTI | 2017-03 | revenue_cagr_10yr | INSUFFICIENT
CAGR | MARUTI | 2017-03 | pat_cagr_5yr | INSUFFICIENT
CAGR | MARUTI | 2017-03 | pat_cagr_10yr | INSUFFICIENT
CAGR | MARUTI | 2017-03 | eps_cagr_5yr | INSUFFICIENT
CAGR | MARUTI | 2017-03 | eps_cagr_10yr | INSUFFICIENT
CAGR | MARUTI | 2018-03 | revenue_cagr_10yr | INSUFFICIENT
CAGR | MARUTI | 2018-03 | pat_cagr_10yr | INSUFFICIENT
CAGR | MARUTI | 2018-03 | eps_cagr_10yr | INSUFFICIENT
CAGR | MARUTI | 2019-03 | revenue_cagr_10yr | INSUFFICIENT
CAGR | MARUTI | 2019-03 | pat_cagr_10yr | INSUFFICIENT
CAGR | MARUTI | 2019-03 | eps_cagr_10yr | INSUFFICIENT
CAGR | MARUTI | 2020-03 | revenue_cagr_10yr | INSUFFICIENT
CAGR | MARUTI | 2020-03 | pat_cagr_10yr | INSUFFICIENT
CAGR | MARUTI | 2020-03 | eps_cagr_10yr | INSUFFICIENT
CAGR | MARUTI | 2021-03 | revenue_cagr_10yr | INSUFFICIENT
CAGR | MARUTI | 2021-03 | pat_cagr_10yr | INSUFFICIENT
CAGR | MARUTI | 2021-03 | eps_cagr_10yr | INSUFFICIENT
CAGR | MARUTI | 2022-03 | revenue_cagr_10yr | INSUFFICIENT
CAGR | MARUTI | 2022-03 | pat_cagr_10yr | INSUFFICIENT
CAGR | MARUTI | 2022-03 | eps_cagr_10yr | INSUFFICIENT
CAGR | MARUTI | 2024-09 | revenue_cagr_3yr | INSUFFICIENT
CAGR | MARUTI | 2024-09 | revenue_cagr_5yr | INSUFFICIENT
CAGR | MARUTI | 2024-09 | revenue_cagr_10yr | INSUFFICIENT
CAGR | MARUTI | 2024-09 | pat_cagr_3yr | INSUFFICIENT
CAGR | MARUTI | 2024-09 | pat_cagr_5yr | INSUFFICIENT
CAGR | MARUTI | 2024-09 | pat_cagr_10yr | INSUFFICIENT
CAGR | MARUTI | 2024-09 | eps_cagr_3yr | INSUFFICIENT
CAGR | MARUTI | 2024-09 | eps_cagr_5yr | INSUFFICIENT
CAGR | MARUTI | 2024-09 | eps_cagr_10yr | INSUFFICIENT
CAGR | MOTHERSON | 2013-03 | revenue_cagr_3yr | INSUFFICIENT
CAGR | MOTHERSON | 2013-03 | revenue_cagr_5yr | INSUFFICIENT
CAGR | MOTHERSON | 2013-03 | revenue_cagr_10yr | INSUFFICIENT
CAGR | MOTHERSON | 2013-03 | pat_cagr_3yr | INSUFFICIENT
CAGR | MOTHERSON | 2013-03 | pat_cagr_5yr | INSUFFICIENT
CAGR | MOTHERSON | 2013-03 | pat_cagr_10yr | INSUFFICIENT
CAGR | MOTHERSON | 2013-03 | eps_cagr_3yr | INSUFFICIENT
CAGR | MOTHERSON | 2013-03 | eps_cagr_5yr | INSUFFICIENT
CAGR | MOTHERSON | 2013-03 | eps_cagr_10yr | INSUFFICIENT
CAGR | MOTHERSON | 2014-03 | revenue_cagr_3yr | INSUFFICIENT
CAGR | MOTHERSON | 2014-03 | revenue_cagr_5yr | INSUFFICIENT
CAGR | MOTHERSON | 2014-03 | revenue_cagr_10yr | INSUFFICIENT
CAGR | MOTHERSON | 2014-03 | pat_cagr_3yr | INSUFFICIENT
CAGR | MOTHERSON | 2014-03 | pat_cagr_5yr | INSUFFICIENT
CAGR | MOTHERSON | 2014-03 | pat_cagr_10yr | INSUFFICIENT
CAGR | MOTHERSON | 2014-03 | eps_cagr_3yr | INSUFFICIENT
CAGR | MOTHERSON | 2014-03 | eps_cagr_5yr | INSUFFICIENT
CAGR | MOTHERSON | 2014-03 | eps_cagr_10yr | INSUFFICIENT
CAGR | MOTHERSON | 2015-03 | revenue_cagr_3yr | INSUFFICIENT
CAGR | MOTHERSON | 2015-03 | revenue_cagr_5yr | INSUFFICIENT
CAGR | MOTHERSON | 2015-03 | revenue_cagr_10yr | INSUFFICIENT
CAGR | MOTHERSON | 2015-03 | pat_cagr_3yr | INSUFFICIENT
CAGR | MOTHERSON | 2015-03 | pat_cagr_5yr | INSUFFICIENT
CAGR | MOTHERSON | 2015-03 | pat_cagr_10yr | INSUFFICIENT
CAGR | MOTHERSON | 2015-03 | eps_cagr_3yr | INSUFFICIENT
CAGR | MOTHERSON | 2015-03 | eps_cagr_5yr | INSUFFICIENT
CAGR | MOTHERSON | 2015-03 | eps_cagr_10yr | INSUFFICIENT
CAGR | MOTHERSON | 2016-03 | revenue_cagr_5yr | INSUFFICIENT
CAGR | MOTHERSON | 2016-03 | revenue_cagr_10yr | INSUFFICIENT
CAGR | MOTHERSON | 2016-03 | pat_cagr_5yr | INSUFFICIENT
CAGR | MOTHERSON | 2016-03 | pat_cagr_10yr | INSUFFICIENT
CAGR | MOTHERSON | 2016-03 | eps_cagr_5yr | INSUFFICIENT
CAGR | MOTHERSON | 2016-03 | eps_cagr_10yr | INSUFFICIENT
CAGR | MOTHERSON | 2017-03 | revenue_cagr_5yr | INSUFFICIENT
CAGR | MOTHERSON | 2017-03 | revenue_cagr_10yr | INSUFFICIENT
CAGR | MOTHERSON | 2017-03 | pat_cagr_5yr | INSUFFICIENT
CAGR | MOTHERSON | 2017-03 | pat_cagr_10yr | INSUFFICIENT
CAGR | MOTHERSON | 2017-03 | eps_cagr_5yr | INSUFFICIENT
CAGR | MOTHERSON | 2017-03 | eps_cagr_10yr | INSUFFICIENT
CAGR | MOTHERSON | 2018-03 | revenue_cagr_10yr | INSUFFICIENT
CAGR | MOTHERSON | 2018-03 | pat_cagr_10yr | INSUFFICIENT
CAGR | MOTHERSON | 2018-03 | eps_cagr_10yr | INSUFFICIENT
CAGR | MOTHERSON | 2019-03 | revenue_cagr_10yr | INSUFFICIENT
CAGR | MOTHERSON | 2019-03 | pat_cagr_10yr | INSUFFICIENT
CAGR | MOTHERSON | 2019-03 | eps_cagr_10yr | INSUFFICIENT
CAGR | MOTHERSON | 2020-03 | revenue_cagr_10yr | INSUFFICIENT
CAGR | MOTHERSON | 2020-03 | pat_cagr_10yr | INSUFFICIENT
CAGR | MOTHERSON | 2020-03 | eps_cagr_10yr | INSUFFICIENT
CAGR | MOTHERSON | 2021-03 | revenue_cagr_10yr | INSUFFICIENT
CAGR | MOTHERSON | 2021-03 | pat_cagr_10yr | INSUFFICIENT
CAGR | MOTHERSON | 2021-03 | eps_cagr_10yr | INSUFFICIENT
CAGR | MOTHERSON | 2022-03 | revenue_cagr_10yr | INSUFFICIENT
CAGR | MOTHERSON | 2022-03 | pat_cagr_10yr | INSUFFICIENT
CAGR | MOTHERSON | 2022-03 | eps_cagr_10yr | INSUFFICIENT
CAGR | MOTHERSON | 2024-09 | revenue_cagr_3yr | INSUFFICIENT
CAGR | MOTHERSON | 2024-09 | revenue_cagr_5yr | INSUFFICIENT
CAGR | MOTHERSON | 2024-09 | revenue_cagr_10yr | INSUFFICIENT
CAGR | MOTHERSON | 2024-09 | pat_cagr_3yr | INSUFFICIENT
CAGR | MOTHERSON | 2024-09 | pat_cagr_5yr | INSUFFICIENT
CAGR | MOTHERSON | 2024-09 | pat_cagr_10yr | INSUFFICIENT
CAGR | MOTHERSON | 2024-09 | eps_cagr_3yr | INSUFFICIENT
CAGR | MOTHERSON | 2024-09 | eps_cagr_5yr | INSUFFICIENT
CAGR | MOTHERSON | 2024-09 | eps_cagr_10yr | INSUFFICIENT
CAGR | NAUKRI | 2013-03 | revenue_cagr_3yr | INSUFFICIENT
CAGR | NAUKRI | 2013-03 | revenue_cagr_5yr | INSUFFICIENT
CAGR | NAUKRI | 2013-03 | revenue_cagr_10yr | INSUFFICIENT
CAGR | NAUKRI | 2013-03 | pat_cagr_3yr | INSUFFICIENT
CAGR | NAUKRI | 2013-03 | pat_cagr_5yr | INSUFFICIENT
CAGR | NAUKRI | 2013-03 | pat_cagr_10yr | INSUFFICIENT
CAGR | NAUKRI | 2013-03 | eps_cagr_3yr | INSUFFICIENT
CAGR | NAUKRI | 2013-03 | eps_cagr_5yr | INSUFFICIENT
CAGR | NAUKRI | 2013-03 | eps_cagr_10yr | INSUFFICIENT
CAGR | NAUKRI | 2014-03 | revenue_cagr_3yr | INSUFFICIENT
CAGR | NAUKRI | 2014-03 | revenue_cagr_5yr | INSUFFICIENT
CAGR | NAUKRI | 2014-03 | revenue_cagr_10yr | INSUFFICIENT
CAGR | NAUKRI | 2014-03 | pat_cagr_3yr | INSUFFICIENT
CAGR | NAUKRI | 2014-03 | pat_cagr_5yr | INSUFFICIENT
CAGR | NAUKRI | 2014-03 | pat_cagr_10yr | INSUFFICIENT
CAGR | NAUKRI | 2014-03 | eps_cagr_3yr | INSUFFICIENT
CAGR | NAUKRI | 2014-03 | eps_cagr_5yr | INSUFFICIENT
CAGR | NAUKRI | 2014-03 | eps_cagr_10yr | INSUFFICIENT
CAGR | NAUKRI | 2015-03 | revenue_cagr_3yr | INSUFFICIENT
CAGR | NAUKRI | 2015-03 | revenue_cagr_5yr | INSUFFICIENT
CAGR | NAUKRI | 2015-03 | revenue_cagr_10yr | INSUFFICIENT
CAGR | NAUKRI | 2015-03 | pat_cagr_3yr | INSUFFICIENT
CAGR | NAUKRI | 2015-03 | pat_cagr_5yr | INSUFFICIENT
CAGR | NAUKRI | 2015-03 | pat_cagr_10yr | INSUFFICIENT
CAGR | NAUKRI | 2015-03 | eps_cagr_3yr | INSUFFICIENT
CAGR | NAUKRI | 2015-03 | eps_cagr_5yr | INSUFFICIENT
CAGR | NAUKRI | 2015-03 | eps_cagr_10yr | INSUFFICIENT
CAGR | NAUKRI | 2016-03 | revenue_cagr_5yr | INSUFFICIENT
CAGR | NAUKRI | 2016-03 | revenue_cagr_10yr | INSUFFICIENT
CAGR | NAUKRI | 2016-03 | pat_cagr_5yr | INSUFFICIENT
CAGR | NAUKRI | 2016-03 | pat_cagr_10yr | INSUFFICIENT
CAGR | NAUKRI | 2016-03 | eps_cagr_5yr | INSUFFICIENT
CAGR | NAUKRI | 2016-03 | eps_cagr_10yr | INSUFFICIENT
CAGR | NAUKRI | 2017-03 | revenue_cagr_5yr | INSUFFICIENT
CAGR | NAUKRI | 2017-03 | revenue_cagr_10yr | INSUFFICIENT
CAGR | NAUKRI | 2017-03 | pat_cagr_3yr | DECLINE_TO_LOSS
CAGR | NAUKRI | 2017-03 | pat_cagr_5yr | INSUFFICIENT
CAGR | NAUKRI | 2017-03 | pat_cagr_10yr | INSUFFICIENT
CAGR | NAUKRI | 2017-03 | eps_cagr_3yr | DECLINE_TO_LOSS
CAGR | NAUKRI | 2017-03 | eps_cagr_5yr | INSUFFICIENT
CAGR | NAUKRI | 2017-03 | eps_cagr_10yr | INSUFFICIENT
CAGR | NAUKRI | 2018-03 | revenue_cagr_10yr | INSUFFICIENT
CAGR | NAUKRI | 2018-03 | pat_cagr_3yr | TURNAROUND
CAGR | NAUKRI | 2018-03 | pat_cagr_10yr | INSUFFICIENT
CAGR | NAUKRI | 2018-03 | eps_cagr_10yr | INSUFFICIENT
CAGR | NAUKRI | 2019-03 | revenue_cagr_10yr | INSUFFICIENT
CAGR | NAUKRI | 2019-03 | pat_cagr_10yr | INSUFFICIENT
CAGR | NAUKRI | 2019-03 | eps_cagr_10yr | INSUFFICIENT
CAGR | NAUKRI | 2020-03 | revenue_cagr_10yr | INSUFFICIENT
CAGR | NAUKRI | 2020-03 | pat_cagr_3yr | BOTH_NEGATIVE
CAGR | NAUKRI | 2020-03 | pat_cagr_5yr | BOTH_NEGATIVE
CAGR | NAUKRI | 2020-03 | pat_cagr_10yr | INSUFFICIENT
CAGR | NAUKRI | 2020-03 | eps_cagr_3yr | BOTH_NEGATIVE
CAGR | NAUKRI | 2020-03 | eps_cagr_5yr | DECLINE_TO_LOSS
CAGR | NAUKRI | 2020-03 | eps_cagr_10yr | INSUFFICIENT
CAGR | NAUKRI | 2021-03 | revenue_cagr_10yr | INSUFFICIENT
CAGR | NAUKRI | 2021-03 | pat_cagr_10yr | INSUFFICIENT
CAGR | NAUKRI | 2021-03 | eps_cagr_10yr | INSUFFICIENT
CAGR | NAUKRI | 2022-03 | revenue_cagr_10yr | INSUFFICIENT
CAGR | NAUKRI | 2022-03 | pat_cagr_5yr | TURNAROUND
CAGR | NAUKRI | 2022-03 | pat_cagr_10yr | INSUFFICIENT
CAGR | NAUKRI | 2022-03 | eps_cagr_5yr | TURNAROUND
CAGR | NAUKRI | 2022-03 | eps_cagr_10yr | INSUFFICIENT
CAGR | NAUKRI | 2023-03 | pat_cagr_3yr | BOTH_NEGATIVE
CAGR | NAUKRI | 2023-03 | pat_cagr_5yr | DECLINE_TO_LOSS
CAGR | NAUKRI | 2023-03 | pat_cagr_10yr | DECLINE_TO_LOSS
CAGR | NAUKRI | 2023-03 | eps_cagr_3yr | BOTH_NEGATIVE
CAGR | NAUKRI | 2023-03 | eps_cagr_5yr | DECLINE_TO_LOSS
CAGR | NAUKRI | 2023-03 | eps_cagr_10yr | DECLINE_TO_LOSS
CAGR | NAUKRI | 2024-09 | revenue_cagr_3yr | INSUFFICIENT
CAGR | NAUKRI | 2024-09 | revenue_cagr_5yr | INSUFFICIENT
CAGR | NAUKRI | 2024-09 | revenue_cagr_10yr | INSUFFICIENT
CAGR | NAUKRI | 2024-09 | pat_cagr_3yr | INSUFFICIENT
CAGR | NAUKRI | 2024-09 | pat_cagr_5yr | INSUFFICIENT
CAGR | NAUKRI | 2024-09 | pat_cagr_10yr | INSUFFICIENT
CAGR | NAUKRI | 2024-09 | eps_cagr_3yr | INSUFFICIENT
CAGR | NAUKRI | 2024-09 | eps_cagr_5yr | INSUFFICIENT
CAGR | NAUKRI | 2024-09 | eps_cagr_10yr | INSUFFICIENT
CAGR | NESTLEIND | 2013-12 | revenue_cagr_3yr | INSUFFICIENT
CAGR | NESTLEIND | 2013-12 | revenue_cagr_5yr | INSUFFICIENT
CAGR | NESTLEIND | 2013-12 | revenue_cagr_10yr | INSUFFICIENT
CAGR | NESTLEIND | 2013-12 | pat_cagr_3yr | INSUFFICIENT
CAGR | NESTLEIND | 2013-12 | pat_cagr_5yr | INSUFFICIENT
CAGR | NESTLEIND | 2013-12 | pat_cagr_10yr | INSUFFICIENT
CAGR | NESTLEIND | 2013-12 | eps_cagr_3yr | INSUFFICIENT
CAGR | NESTLEIND | 2013-12 | eps_cagr_5yr | INSUFFICIENT
CAGR | NESTLEIND | 2013-12 | eps_cagr_10yr | INSUFFICIENT
CAGR | NESTLEIND | 2014-12 | revenue_cagr_3yr | INSUFFICIENT
CAGR | NESTLEIND | 2014-12 | revenue_cagr_5yr | INSUFFICIENT
CAGR | NESTLEIND | 2014-12 | revenue_cagr_10yr | INSUFFICIENT
CAGR | NESTLEIND | 2014-12 | pat_cagr_3yr | INSUFFICIENT
CAGR | NESTLEIND | 2014-12 | pat_cagr_5yr | INSUFFICIENT
CAGR | NESTLEIND | 2014-12 | pat_cagr_10yr | INSUFFICIENT
CAGR | NESTLEIND | 2014-12 | eps_cagr_3yr | INSUFFICIENT
CAGR | NESTLEIND | 2014-12 | eps_cagr_5yr | INSUFFICIENT
CAGR | NESTLEIND | 2014-12 | eps_cagr_10yr | INSUFFICIENT
CAGR | NESTLEIND | 2015-12 | revenue_cagr_3yr | INSUFFICIENT
CAGR | NESTLEIND | 2015-12 | revenue_cagr_5yr | INSUFFICIENT
CAGR | NESTLEIND | 2015-12 | revenue_cagr_10yr | INSUFFICIENT
CAGR | NESTLEIND | 2015-12 | pat_cagr_3yr | INSUFFICIENT
CAGR | NESTLEIND | 2015-12 | pat_cagr_5yr | INSUFFICIENT
CAGR | NESTLEIND | 2015-12 | pat_cagr_10yr | INSUFFICIENT
CAGR | NESTLEIND | 2015-12 | eps_cagr_3yr | INSUFFICIENT
CAGR | NESTLEIND | 2015-12 | eps_cagr_5yr | INSUFFICIENT
CAGR | NESTLEIND | 2015-12 | eps_cagr_10yr | INSUFFICIENT
CAGR | NESTLEIND | 2016-12 | revenue_cagr_5yr | INSUFFICIENT
CAGR | NESTLEIND | 2016-12 | revenue_cagr_10yr | INSUFFICIENT
CAGR | NESTLEIND | 2016-12 | pat_cagr_5yr | INSUFFICIENT
CAGR | NESTLEIND | 2016-12 | pat_cagr_10yr | INSUFFICIENT
CAGR | NESTLEIND | 2016-12 | eps_cagr_5yr | INSUFFICIENT
CAGR | NESTLEIND | 2016-12 | eps_cagr_10yr | INSUFFICIENT
CAGR | NESTLEIND | 2017-12 | revenue_cagr_5yr | INSUFFICIENT
CAGR | NESTLEIND | 2017-12 | revenue_cagr_10yr | INSUFFICIENT
CAGR | NESTLEIND | 2017-12 | pat_cagr_5yr | INSUFFICIENT
CAGR | NESTLEIND | 2017-12 | pat_cagr_10yr | INSUFFICIENT
CAGR | NESTLEIND | 2017-12 | eps_cagr_5yr | INSUFFICIENT
CAGR | NESTLEIND | 2017-12 | eps_cagr_10yr | INSUFFICIENT
CAGR | NESTLEIND | 2018-12 | revenue_cagr_10yr | INSUFFICIENT
CAGR | NESTLEIND | 2018-12 | pat_cagr_10yr | INSUFFICIENT
CAGR | NESTLEIND | 2018-12 | eps_cagr_10yr | INSUFFICIENT
CAGR | NESTLEIND | 2019-12 | revenue_cagr_10yr | INSUFFICIENT
CAGR | NESTLEIND | 2019-12 | pat_cagr_10yr | INSUFFICIENT
CAGR | NESTLEIND | 2019-12 | eps_cagr_10yr | INSUFFICIENT
CAGR | NESTLEIND | 2020-12 | revenue_cagr_10yr | INSUFFICIENT
CAGR | NESTLEIND | 2020-12 | pat_cagr_10yr | INSUFFICIENT
CAGR | NESTLEIND | 2020-12 | eps_cagr_10yr | INSUFFICIENT
CAGR | NESTLEIND | 2021-12 | revenue_cagr_10yr | INSUFFICIENT
CAGR | NESTLEIND | 2021-12 | pat_cagr_10yr | INSUFFICIENT
CAGR | NESTLEIND | 2021-12 | eps_cagr_10yr | INSUFFICIENT
CAGR | NESTLEIND | 2022-12 | revenue_cagr_10yr | INSUFFICIENT
CAGR | NESTLEIND | 2022-12 | pat_cagr_10yr | INSUFFICIENT
CAGR | NESTLEIND | 2022-12 | eps_cagr_10yr | INSUFFICIENT
CAGR | NESTLEIND | 2024-09 | revenue_cagr_3yr | INSUFFICIENT
CAGR | NESTLEIND | 2024-09 | revenue_cagr_5yr | INSUFFICIENT
CAGR | NESTLEIND | 2024-09 | revenue_cagr_10yr | INSUFFICIENT
CAGR | NESTLEIND | 2024-09 | pat_cagr_3yr | INSUFFICIENT
CAGR | NESTLEIND | 2024-09 | pat_cagr_5yr | INSUFFICIENT
CAGR | NESTLEIND | 2024-09 | pat_cagr_10yr | INSUFFICIENT
CAGR | NESTLEIND | 2024-09 | eps_cagr_3yr | INSUFFICIENT
CAGR | NESTLEIND | 2024-09 | eps_cagr_5yr | INSUFFICIENT
CAGR | NESTLEIND | 2024-09 | eps_cagr_10yr | INSUFFICIENT
CAGR | NHPC | 2013-03 | revenue_cagr_3yr | INSUFFICIENT
CAGR | NHPC | 2013-03 | revenue_cagr_5yr | INSUFFICIENT
CAGR | NHPC | 2013-03 | revenue_cagr_10yr | INSUFFICIENT
CAGR | NHPC | 2013-03 | pat_cagr_3yr | INSUFFICIENT
CAGR | NHPC | 2013-03 | pat_cagr_5yr | INSUFFICIENT
CAGR | NHPC | 2013-03 | pat_cagr_10yr | INSUFFICIENT
CAGR | NHPC | 2013-03 | eps_cagr_3yr | INSUFFICIENT
CAGR | NHPC | 2013-03 | eps_cagr_5yr | INSUFFICIENT
CAGR | NHPC | 2013-03 | eps_cagr_10yr | INSUFFICIENT
CAGR | NHPC | 2014-03 | revenue_cagr_3yr | INSUFFICIENT
CAGR | NHPC | 2014-03 | revenue_cagr_5yr | INSUFFICIENT
CAGR | NHPC | 2014-03 | revenue_cagr_10yr | INSUFFICIENT
CAGR | NHPC | 2014-03 | pat_cagr_3yr | INSUFFICIENT
CAGR | NHPC | 2014-03 | pat_cagr_5yr | INSUFFICIENT
CAGR | NHPC | 2014-03 | pat_cagr_10yr | INSUFFICIENT
CAGR | NHPC | 2014-03 | eps_cagr_3yr | INSUFFICIENT
CAGR | NHPC | 2014-03 | eps_cagr_5yr | INSUFFICIENT
CAGR | NHPC | 2014-03 | eps_cagr_10yr | INSUFFICIENT
CAGR | NHPC | 2015-03 | revenue_cagr_3yr | INSUFFICIENT
CAGR | NHPC | 2015-03 | revenue_cagr_5yr | INSUFFICIENT
CAGR | NHPC | 2015-03 | revenue_cagr_10yr | INSUFFICIENT
CAGR | NHPC | 2015-03 | pat_cagr_3yr | INSUFFICIENT
CAGR | NHPC | 2015-03 | pat_cagr_5yr | INSUFFICIENT
CAGR | NHPC | 2015-03 | pat_cagr_10yr | INSUFFICIENT
CAGR | NHPC | 2015-03 | eps_cagr_3yr | INSUFFICIENT
CAGR | NHPC | 2015-03 | eps_cagr_5yr | INSUFFICIENT
CAGR | NHPC | 2015-03 | eps_cagr_10yr | INSUFFICIENT
CAGR | NHPC | 2016-03 | revenue_cagr_5yr | INSUFFICIENT
CAGR | NHPC | 2016-03 | revenue_cagr_10yr | INSUFFICIENT
CAGR | NHPC | 2016-03 | pat_cagr_5yr | INSUFFICIENT
CAGR | NHPC | 2016-03 | pat_cagr_10yr | INSUFFICIENT
CAGR | NHPC | 2016-03 | eps_cagr_5yr | INSUFFICIENT
CAGR | NHPC | 2016-03 | eps_cagr_10yr | INSUFFICIENT
CAGR | NHPC | 2017-03 | revenue_cagr_5yr | INSUFFICIENT
CAGR | NHPC | 2017-03 | revenue_cagr_10yr | INSUFFICIENT
CAGR | NHPC | 2017-03 | pat_cagr_5yr | INSUFFICIENT
CAGR | NHPC | 2017-03 | pat_cagr_10yr | INSUFFICIENT
CAGR | NHPC | 2017-03 | eps_cagr_5yr | INSUFFICIENT
CAGR | NHPC | 2017-03 | eps_cagr_10yr | INSUFFICIENT
CAGR | NHPC | 2018-03 | revenue_cagr_10yr | INSUFFICIENT
CAGR | NHPC | 2018-03 | pat_cagr_10yr | INSUFFICIENT
CAGR | NHPC | 2018-03 | eps_cagr_10yr | INSUFFICIENT
CAGR | NHPC | 2019-03 | revenue_cagr_10yr | INSUFFICIENT
CAGR | NHPC | 2019-03 | pat_cagr_10yr | INSUFFICIENT
CAGR | NHPC | 2019-03 | eps_cagr_10yr | INSUFFICIENT
CAGR | NHPC | 2020-03 | revenue_cagr_10yr | INSUFFICIENT
CAGR | NHPC | 2020-03 | pat_cagr_10yr | INSUFFICIENT
CAGR | NHPC | 2020-03 | eps_cagr_10yr | INSUFFICIENT
CAGR | NHPC | 2021-03 | revenue_cagr_10yr | INSUFFICIENT
CAGR | NHPC | 2021-03 | pat_cagr_10yr | INSUFFICIENT
CAGR | NHPC | 2021-03 | eps_cagr_10yr | INSUFFICIENT
CAGR | NHPC | 2022-03 | revenue_cagr_10yr | INSUFFICIENT
CAGR | NHPC | 2022-03 | pat_cagr_10yr | INSUFFICIENT
CAGR | NHPC | 2022-03 | eps_cagr_10yr | INSUFFICIENT
CAGR | NHPC | 2024-09 | revenue_cagr_3yr | INSUFFICIENT
CAGR | NHPC | 2024-09 | revenue_cagr_5yr | INSUFFICIENT
CAGR | NHPC | 2024-09 | revenue_cagr_10yr | INSUFFICIENT
CAGR | NHPC | 2024-09 | pat_cagr_3yr | INSUFFICIENT
CAGR | NHPC | 2024-09 | pat_cagr_5yr | INSUFFICIENT
CAGR | NHPC | 2024-09 | pat_cagr_10yr | INSUFFICIENT
CAGR | NHPC | 2024-09 | eps_cagr_3yr | INSUFFICIENT
CAGR | NHPC | 2024-09 | eps_cagr_5yr | INSUFFICIENT
CAGR | NHPC | 2024-09 | eps_cagr_10yr | INSUFFICIENT
CAGR | NTPC | 2013-03 | revenue_cagr_3yr | INSUFFICIENT
CAGR | NTPC | 2013-03 | revenue_cagr_5yr | INSUFFICIENT
CAGR | NTPC | 2013-03 | revenue_cagr_10yr | INSUFFICIENT
CAGR | NTPC | 2013-03 | pat_cagr_3yr | INSUFFICIENT
CAGR | NTPC | 2013-03 | pat_cagr_5yr | INSUFFICIENT
CAGR | NTPC | 2013-03 | pat_cagr_10yr | INSUFFICIENT
CAGR | NTPC | 2013-03 | eps_cagr_3yr | INSUFFICIENT
CAGR | NTPC | 2013-03 | eps_cagr_5yr | INSUFFICIENT
CAGR | NTPC | 2013-03 | eps_cagr_10yr | INSUFFICIENT
CAGR | NTPC | 2014-03 | revenue_cagr_3yr | INSUFFICIENT
CAGR | NTPC | 2014-03 | revenue_cagr_5yr | INSUFFICIENT
CAGR | NTPC | 2014-03 | revenue_cagr_10yr | INSUFFICIENT
CAGR | NTPC | 2014-03 | pat_cagr_3yr | INSUFFICIENT
CAGR | NTPC | 2014-03 | pat_cagr_5yr | INSUFFICIENT
CAGR | NTPC | 2014-03 | pat_cagr_10yr | INSUFFICIENT
CAGR | NTPC | 2014-03 | eps_cagr_3yr | INSUFFICIENT
CAGR | NTPC | 2014-03 | eps_cagr_5yr | INSUFFICIENT
CAGR | NTPC | 2014-03 | eps_cagr_10yr | INSUFFICIENT
CAGR | NTPC | 2015-03 | revenue_cagr_3yr | INSUFFICIENT
CAGR | NTPC | 2015-03 | revenue_cagr_5yr | INSUFFICIENT
CAGR | NTPC | 2015-03 | revenue_cagr_10yr | INSUFFICIENT
CAGR | NTPC | 2015-03 | pat_cagr_3yr | INSUFFICIENT
CAGR | NTPC | 2015-03 | pat_cagr_5yr | INSUFFICIENT
CAGR | NTPC | 2015-03 | pat_cagr_10yr | INSUFFICIENT
CAGR | NTPC | 2015-03 | eps_cagr_3yr | INSUFFICIENT
CAGR | NTPC | 2015-03 | eps_cagr_5yr | INSUFFICIENT
CAGR | NTPC | 2015-03 | eps_cagr_10yr | INSUFFICIENT
CAGR | NTPC | 2016-03 | revenue_cagr_5yr | INSUFFICIENT
CAGR | NTPC | 2016-03 | revenue_cagr_10yr | INSUFFICIENT
CAGR | NTPC | 2016-03 | pat_cagr_5yr | INSUFFICIENT
CAGR | NTPC | 2016-03 | pat_cagr_10yr | INSUFFICIENT
CAGR | NTPC | 2016-03 | eps_cagr_5yr | INSUFFICIENT
CAGR | NTPC | 2016-03 | eps_cagr_10yr | INSUFFICIENT
CAGR | NTPC | 2017-03 | revenue_cagr_5yr | INSUFFICIENT
CAGR | NTPC | 2017-03 | revenue_cagr_10yr | INSUFFICIENT
CAGR | NTPC | 2017-03 | pat_cagr_5yr | INSUFFICIENT
CAGR | NTPC | 2017-03 | pat_cagr_10yr | INSUFFICIENT
CAGR | NTPC | 2017-03 | eps_cagr_5yr | INSUFFICIENT
CAGR | NTPC | 2017-03 | eps_cagr_10yr | INSUFFICIENT
CAGR | NTPC | 2018-03 | revenue_cagr_10yr | INSUFFICIENT
CAGR | NTPC | 2018-03 | pat_cagr_10yr | INSUFFICIENT
CAGR | NTPC | 2018-03 | eps_cagr_10yr | INSUFFICIENT
CAGR | NTPC | 2019-03 | revenue_cagr_10yr | INSUFFICIENT
CAGR | NTPC | 2019-03 | pat_cagr_10yr | INSUFFICIENT
CAGR | NTPC | 2019-03 | eps_cagr_10yr | INSUFFICIENT
CAGR | NTPC | 2020-03 | revenue_cagr_10yr | INSUFFICIENT
CAGR | NTPC | 2020-03 | pat_cagr_10yr | INSUFFICIENT
CAGR | NTPC | 2020-03 | eps_cagr_10yr | INSUFFICIENT
CAGR | NTPC | 2021-03 | revenue_cagr_10yr | INSUFFICIENT
CAGR | NTPC | 2021-03 | pat_cagr_10yr | INSUFFICIENT
CAGR | NTPC | 2021-03 | eps_cagr_10yr | INSUFFICIENT
CAGR | NTPC | 2022-03 | revenue_cagr_10yr | INSUFFICIENT
CAGR | NTPC | 2022-03 | pat_cagr_10yr | INSUFFICIENT
CAGR | NTPC | 2022-03 | eps_cagr_10yr | INSUFFICIENT
CAGR | NTPC | 2024-09 | revenue_cagr_3yr | INSUFFICIENT
CAGR | NTPC | 2024-09 | revenue_cagr_5yr | INSUFFICIENT
CAGR | NTPC | 2024-09 | revenue_cagr_10yr | INSUFFICIENT
CAGR | NTPC | 2024-09 | pat_cagr_3yr | INSUFFICIENT
CAGR | NTPC | 2024-09 | pat_cagr_5yr | INSUFFICIENT
CAGR | NTPC | 2024-09 | pat_cagr_10yr | INSUFFICIENT
CAGR | NTPC | 2024-09 | eps_cagr_3yr | INSUFFICIENT
CAGR | NTPC | 2024-09 | eps_cagr_5yr | INSUFFICIENT
CAGR | NTPC | 2024-09 | eps_cagr_10yr | INSUFFICIENT
CAGR | ONGC | 2013-03 | revenue_cagr_3yr | INSUFFICIENT
CAGR | ONGC | 2013-03 | revenue_cagr_5yr | INSUFFICIENT
CAGR | ONGC | 2013-03 | revenue_cagr_10yr | INSUFFICIENT
CAGR | ONGC | 2013-03 | pat_cagr_3yr | INSUFFICIENT
CAGR | ONGC | 2013-03 | pat_cagr_5yr | INSUFFICIENT
CAGR | ONGC | 2013-03 | pat_cagr_10yr | INSUFFICIENT
CAGR | ONGC | 2013-03 | eps_cagr_3yr | INSUFFICIENT
CAGR | ONGC | 2013-03 | eps_cagr_5yr | INSUFFICIENT
CAGR | ONGC | 2013-03 | eps_cagr_10yr | INSUFFICIENT
CAGR | ONGC | 2014-03 | revenue_cagr_3yr | INSUFFICIENT
CAGR | ONGC | 2014-03 | revenue_cagr_5yr | INSUFFICIENT
CAGR | ONGC | 2014-03 | revenue_cagr_10yr | INSUFFICIENT
CAGR | ONGC | 2014-03 | pat_cagr_3yr | INSUFFICIENT
CAGR | ONGC | 2014-03 | pat_cagr_5yr | INSUFFICIENT
CAGR | ONGC | 2014-03 | pat_cagr_10yr | INSUFFICIENT
CAGR | ONGC | 2014-03 | eps_cagr_3yr | INSUFFICIENT
CAGR | ONGC | 2014-03 | eps_cagr_5yr | INSUFFICIENT
CAGR | ONGC | 2014-03 | eps_cagr_10yr | INSUFFICIENT
CAGR | ONGC | 2015-03 | revenue_cagr_3yr | INSUFFICIENT
CAGR | ONGC | 2015-03 | revenue_cagr_5yr | INSUFFICIENT
CAGR | ONGC | 2015-03 | revenue_cagr_10yr | INSUFFICIENT
CAGR | ONGC | 2015-03 | pat_cagr_3yr | INSUFFICIENT
CAGR | ONGC | 2015-03 | pat_cagr_5yr | INSUFFICIENT
CAGR | ONGC | 2015-03 | pat_cagr_10yr | INSUFFICIENT
CAGR | ONGC | 2015-03 | eps_cagr_3yr | INSUFFICIENT
CAGR | ONGC | 2015-03 | eps_cagr_5yr | INSUFFICIENT
CAGR | ONGC | 2015-03 | eps_cagr_10yr | INSUFFICIENT
CAGR | ONGC | 2016-03 | revenue_cagr_5yr | INSUFFICIENT
CAGR | ONGC | 2016-03 | revenue_cagr_10yr | INSUFFICIENT
CAGR | ONGC | 2016-03 | pat_cagr_5yr | INSUFFICIENT
CAGR | ONGC | 2016-03 | pat_cagr_10yr | INSUFFICIENT
CAGR | ONGC | 2016-03 | eps_cagr_5yr | INSUFFICIENT
CAGR | ONGC | 2016-03 | eps_cagr_10yr | INSUFFICIENT
CAGR | ONGC | 2017-03 | revenue_cagr_5yr | INSUFFICIENT
CAGR | ONGC | 2017-03 | revenue_cagr_10yr | INSUFFICIENT
CAGR | ONGC | 2017-03 | pat_cagr_5yr | INSUFFICIENT
CAGR | ONGC | 2017-03 | pat_cagr_10yr | INSUFFICIENT
CAGR | ONGC | 2017-03 | eps_cagr_5yr | INSUFFICIENT
CAGR | ONGC | 2017-03 | eps_cagr_10yr | INSUFFICIENT
CAGR | ONGC | 2018-03 | revenue_cagr_10yr | INSUFFICIENT
CAGR | ONGC | 2018-03 | pat_cagr_10yr | INSUFFICIENT
CAGR | ONGC | 2018-03 | eps_cagr_10yr | INSUFFICIENT
CAGR | ONGC | 2019-03 | revenue_cagr_10yr | INSUFFICIENT
CAGR | ONGC | 2019-03 | pat_cagr_10yr | INSUFFICIENT
CAGR | ONGC | 2019-03 | eps_cagr_10yr | INSUFFICIENT
CAGR | ONGC | 2020-03 | revenue_cagr_10yr | INSUFFICIENT
CAGR | ONGC | 2020-03 | pat_cagr_10yr | INSUFFICIENT
CAGR | ONGC | 2020-03 | eps_cagr_10yr | INSUFFICIENT
CAGR | ONGC | 2021-03 | revenue_cagr_10yr | INSUFFICIENT
CAGR | ONGC | 2021-03 | pat_cagr_10yr | INSUFFICIENT
CAGR | ONGC | 2021-03 | eps_cagr_10yr | INSUFFICIENT
CAGR | ONGC | 2022-03 | revenue_cagr_10yr | INSUFFICIENT
CAGR | ONGC | 2022-03 | pat_cagr_10yr | INSUFFICIENT
CAGR | ONGC | 2022-03 | eps_cagr_10yr | INSUFFICIENT
CAGR | ONGC | 2024-09 | revenue_cagr_3yr | INSUFFICIENT
CAGR | ONGC | 2024-09 | revenue_cagr_5yr | INSUFFICIENT
CAGR | ONGC | 2024-09 | revenue_cagr_10yr | INSUFFICIENT
CAGR | ONGC | 2024-09 | pat_cagr_3yr | INSUFFICIENT
CAGR | ONGC | 2024-09 | pat_cagr_5yr | INSUFFICIENT
CAGR | ONGC | 2024-09 | pat_cagr_10yr | INSUFFICIENT
CAGR | ONGC | 2024-09 | eps_cagr_3yr | INSUFFICIENT
CAGR | ONGC | 2024-09 | eps_cagr_5yr | INSUFFICIENT
CAGR | ONGC | 2024-09 | eps_cagr_10yr | INSUFFICIENT
CAGR | PFC | 2013-03 | revenue_cagr_3yr | INSUFFICIENT
CAGR | PFC | 2013-03 | revenue_cagr_5yr | INSUFFICIENT
CAGR | PFC | 2013-03 | revenue_cagr_10yr | INSUFFICIENT
CAGR | PFC | 2013-03 | pat_cagr_3yr | INSUFFICIENT
CAGR | PFC | 2013-03 | pat_cagr_5yr | INSUFFICIENT
CAGR | PFC | 2013-03 | pat_cagr_10yr | INSUFFICIENT
CAGR | PFC | 2013-03 | eps_cagr_3yr | INSUFFICIENT
CAGR | PFC | 2013-03 | eps_cagr_5yr | INSUFFICIENT
CAGR | PFC | 2013-03 | eps_cagr_10yr | INSUFFICIENT
CAGR | PFC | 2014-03 | revenue_cagr_3yr | INSUFFICIENT
CAGR | PFC | 2014-03 | revenue_cagr_5yr | INSUFFICIENT
CAGR | PFC | 2014-03 | revenue_cagr_10yr | INSUFFICIENT
CAGR | PFC | 2014-03 | pat_cagr_3yr | INSUFFICIENT
CAGR | PFC | 2014-03 | pat_cagr_5yr | INSUFFICIENT
CAGR | PFC | 2014-03 | pat_cagr_10yr | INSUFFICIENT
CAGR | PFC | 2014-03 | eps_cagr_3yr | INSUFFICIENT
CAGR | PFC | 2014-03 | eps_cagr_5yr | INSUFFICIENT
CAGR | PFC | 2014-03 | eps_cagr_10yr | INSUFFICIENT
CAGR | PFC | 2015-03 | revenue_cagr_3yr | INSUFFICIENT
CAGR | PFC | 2015-03 | revenue_cagr_5yr | INSUFFICIENT
CAGR | PFC | 2015-03 | revenue_cagr_10yr | INSUFFICIENT
CAGR | PFC | 2015-03 | pat_cagr_3yr | INSUFFICIENT
CAGR | PFC | 2015-03 | pat_cagr_5yr | INSUFFICIENT
CAGR | PFC | 2015-03 | pat_cagr_10yr | INSUFFICIENT
CAGR | PFC | 2015-03 | eps_cagr_3yr | INSUFFICIENT
CAGR | PFC | 2015-03 | eps_cagr_5yr | INSUFFICIENT
CAGR | PFC | 2015-03 | eps_cagr_10yr | INSUFFICIENT
CAGR | PFC | 2016-03 | revenue_cagr_5yr | INSUFFICIENT
CAGR | PFC | 2016-03 | revenue_cagr_10yr | INSUFFICIENT
CAGR | PFC | 2016-03 | pat_cagr_5yr | INSUFFICIENT
CAGR | PFC | 2016-03 | pat_cagr_10yr | INSUFFICIENT
CAGR | PFC | 2016-03 | eps_cagr_5yr | INSUFFICIENT
CAGR | PFC | 2016-03 | eps_cagr_10yr | INSUFFICIENT
CAGR | PFC | 2017-03 | revenue_cagr_5yr | INSUFFICIENT
CAGR | PFC | 2017-03 | revenue_cagr_10yr | INSUFFICIENT
CAGR | PFC | 2017-03 | pat_cagr_5yr | INSUFFICIENT
CAGR | PFC | 2017-03 | pat_cagr_10yr | INSUFFICIENT
CAGR | PFC | 2017-03 | eps_cagr_5yr | INSUFFICIENT
CAGR | PFC | 2017-03 | eps_cagr_10yr | INSUFFICIENT
CAGR | PFC | 2018-03 | revenue_cagr_10yr | INSUFFICIENT
CAGR | PFC | 2018-03 | pat_cagr_10yr | INSUFFICIENT
CAGR | PFC | 2018-03 | eps_cagr_10yr | INSUFFICIENT
CAGR | PFC | 2019-03 | revenue_cagr_10yr | INSUFFICIENT
CAGR | PFC | 2019-03 | pat_cagr_10yr | INSUFFICIENT
CAGR | PFC | 2019-03 | eps_cagr_10yr | INSUFFICIENT
CAGR | PFC | 2020-03 | revenue_cagr_10yr | INSUFFICIENT
CAGR | PFC | 2020-03 | pat_cagr_10yr | INSUFFICIENT
CAGR | PFC | 2020-03 | eps_cagr_10yr | INSUFFICIENT
CAGR | PFC | 2021-03 | revenue_cagr_10yr | INSUFFICIENT
CAGR | PFC | 2021-03 | pat_cagr_10yr | INSUFFICIENT
CAGR | PFC | 2021-03 | eps_cagr_10yr | INSUFFICIENT
CAGR | PFC | 2022-03 | revenue_cagr_10yr | INSUFFICIENT
CAGR | PFC | 2022-03 | pat_cagr_10yr | INSUFFICIENT
CAGR | PFC | 2022-03 | eps_cagr_10yr | INSUFFICIENT
CAGR | PFC | 2024-09 | revenue_cagr_3yr | INSUFFICIENT
CAGR | PFC | 2024-09 | revenue_cagr_5yr | INSUFFICIENT
CAGR | PFC | 2024-09 | revenue_cagr_10yr | INSUFFICIENT
CAGR | PFC | 2024-09 | pat_cagr_3yr | INSUFFICIENT
CAGR | PFC | 2024-09 | pat_cagr_5yr | INSUFFICIENT
CAGR | PFC | 2024-09 | pat_cagr_10yr | INSUFFICIENT
CAGR | PFC | 2024-09 | eps_cagr_3yr | INSUFFICIENT
CAGR | PFC | 2024-09 | eps_cagr_5yr | INSUFFICIENT
CAGR | PFC | 2024-09 | eps_cagr_10yr | INSUFFICIENT
CAGR | PIDILITIND | 2013-03 | revenue_cagr_3yr | INSUFFICIENT
CAGR | PIDILITIND | 2013-03 | revenue_cagr_5yr | INSUFFICIENT
CAGR | PIDILITIND | 2013-03 | revenue_cagr_10yr | INSUFFICIENT
CAGR | PIDILITIND | 2013-03 | pat_cagr_3yr | INSUFFICIENT
CAGR | PIDILITIND | 2013-03 | pat_cagr_5yr | INSUFFICIENT
CAGR | PIDILITIND | 2013-03 | pat_cagr_10yr | INSUFFICIENT
CAGR | PIDILITIND | 2013-03 | eps_cagr_3yr | INSUFFICIENT
CAGR | PIDILITIND | 2013-03 | eps_cagr_5yr | INSUFFICIENT
CAGR | PIDILITIND | 2013-03 | eps_cagr_10yr | INSUFFICIENT
CAGR | PIDILITIND | 2014-03 | revenue_cagr_3yr | INSUFFICIENT
CAGR | PIDILITIND | 2014-03 | revenue_cagr_5yr | INSUFFICIENT
CAGR | PIDILITIND | 2014-03 | revenue_cagr_10yr | INSUFFICIENT
CAGR | PIDILITIND | 2014-03 | pat_cagr_3yr | INSUFFICIENT
CAGR | PIDILITIND | 2014-03 | pat_cagr_5yr | INSUFFICIENT
CAGR | PIDILITIND | 2014-03 | pat_cagr_10yr | INSUFFICIENT
CAGR | PIDILITIND | 2014-03 | eps_cagr_3yr | INSUFFICIENT
CAGR | PIDILITIND | 2014-03 | eps_cagr_5yr | INSUFFICIENT
CAGR | PIDILITIND | 2014-03 | eps_cagr_10yr | INSUFFICIENT
CAGR | PIDILITIND | 2015-03 | revenue_cagr_3yr | INSUFFICIENT
CAGR | PIDILITIND | 2015-03 | revenue_cagr_5yr | INSUFFICIENT
CAGR | PIDILITIND | 2015-03 | revenue_cagr_10yr | INSUFFICIENT
CAGR | PIDILITIND | 2015-03 | pat_cagr_3yr | INSUFFICIENT
CAGR | PIDILITIND | 2015-03 | pat_cagr_5yr | INSUFFICIENT
CAGR | PIDILITIND | 2015-03 | pat_cagr_10yr | INSUFFICIENT
CAGR | PIDILITIND | 2015-03 | eps_cagr_3yr | INSUFFICIENT
CAGR | PIDILITIND | 2015-03 | eps_cagr_5yr | INSUFFICIENT
CAGR | PIDILITIND | 2015-03 | eps_cagr_10yr | INSUFFICIENT
CAGR | PIDILITIND | 2016-03 | revenue_cagr_5yr | INSUFFICIENT
CAGR | PIDILITIND | 2016-03 | revenue_cagr_10yr | INSUFFICIENT
CAGR | PIDILITIND | 2016-03 | pat_cagr_5yr | INSUFFICIENT
CAGR | PIDILITIND | 2016-03 | pat_cagr_10yr | INSUFFICIENT
CAGR | PIDILITIND | 2016-03 | eps_cagr_5yr | INSUFFICIENT
CAGR | PIDILITIND | 2016-03 | eps_cagr_10yr | INSUFFICIENT
CAGR | PIDILITIND | 2017-03 | revenue_cagr_5yr | INSUFFICIENT
CAGR | PIDILITIND | 2017-03 | revenue_cagr_10yr | INSUFFICIENT
CAGR | PIDILITIND | 2017-03 | pat_cagr_5yr | INSUFFICIENT
CAGR | PIDILITIND | 2017-03 | pat_cagr_10yr | INSUFFICIENT
CAGR | PIDILITIND | 2017-03 | eps_cagr_5yr | INSUFFICIENT
CAGR | PIDILITIND | 2017-03 | eps_cagr_10yr | INSUFFICIENT
CAGR | PIDILITIND | 2018-03 | revenue_cagr_10yr | INSUFFICIENT
CAGR | PIDILITIND | 2018-03 | pat_cagr_10yr | INSUFFICIENT
CAGR | PIDILITIND | 2018-03 | eps_cagr_10yr | INSUFFICIENT
CAGR | PIDILITIND | 2019-03 | revenue_cagr_10yr | INSUFFICIENT
CAGR | PIDILITIND | 2019-03 | pat_cagr_10yr | INSUFFICIENT
CAGR | PIDILITIND | 2019-03 | eps_cagr_10yr | INSUFFICIENT
CAGR | PIDILITIND | 2020-03 | revenue_cagr_10yr | INSUFFICIENT
CAGR | PIDILITIND | 2020-03 | pat_cagr_10yr | INSUFFICIENT
CAGR | PIDILITIND | 2020-03 | eps_cagr_10yr | INSUFFICIENT
CAGR | PIDILITIND | 2021-03 | revenue_cagr_10yr | INSUFFICIENT
CAGR | PIDILITIND | 2021-03 | pat_cagr_10yr | INSUFFICIENT
CAGR | PIDILITIND | 2021-03 | eps_cagr_10yr | INSUFFICIENT
CAGR | PIDILITIND | 2022-03 | revenue_cagr_10yr | INSUFFICIENT
CAGR | PIDILITIND | 2022-03 | pat_cagr_10yr | INSUFFICIENT
CAGR | PIDILITIND | 2022-03 | eps_cagr_10yr | INSUFFICIENT
CAGR | PIDILITIND | 2024-09 | revenue_cagr_3yr | INSUFFICIENT
CAGR | PIDILITIND | 2024-09 | revenue_cagr_5yr | INSUFFICIENT
CAGR | PIDILITIND | 2024-09 | revenue_cagr_10yr | INSUFFICIENT
CAGR | PIDILITIND | 2024-09 | pat_cagr_3yr | INSUFFICIENT
CAGR | PIDILITIND | 2024-09 | pat_cagr_5yr | INSUFFICIENT
CAGR | PIDILITIND | 2024-09 | pat_cagr_10yr | INSUFFICIENT
CAGR | PIDILITIND | 2024-09 | eps_cagr_3yr | INSUFFICIENT
CAGR | PIDILITIND | 2024-09 | eps_cagr_5yr | INSUFFICIENT
CAGR | PIDILITIND | 2024-09 | eps_cagr_10yr | INSUFFICIENT
CAGR | PNB | 2013-03 | revenue_cagr_3yr | INSUFFICIENT
CAGR | PNB | 2013-03 | revenue_cagr_5yr | INSUFFICIENT
CAGR | PNB | 2013-03 | revenue_cagr_10yr | INSUFFICIENT
CAGR | PNB | 2013-03 | pat_cagr_3yr | INSUFFICIENT
CAGR | PNB | 2013-03 | pat_cagr_5yr | INSUFFICIENT
CAGR | PNB | 2013-03 | pat_cagr_10yr | INSUFFICIENT
CAGR | PNB | 2013-03 | eps_cagr_3yr | INSUFFICIENT
CAGR | PNB | 2013-03 | eps_cagr_5yr | INSUFFICIENT
CAGR | PNB | 2013-03 | eps_cagr_10yr | INSUFFICIENT
CAGR | PNB | 2014-03 | revenue_cagr_3yr | INSUFFICIENT
CAGR | PNB | 2014-03 | revenue_cagr_5yr | INSUFFICIENT
CAGR | PNB | 2014-03 | revenue_cagr_10yr | INSUFFICIENT
CAGR | PNB | 2014-03 | pat_cagr_3yr | INSUFFICIENT
CAGR | PNB | 2014-03 | pat_cagr_5yr | INSUFFICIENT
CAGR | PNB | 2014-03 | pat_cagr_10yr | INSUFFICIENT
CAGR | PNB | 2014-03 | eps_cagr_3yr | INSUFFICIENT
CAGR | PNB | 2014-03 | eps_cagr_5yr | INSUFFICIENT
CAGR | PNB | 2014-03 | eps_cagr_10yr | INSUFFICIENT
CAGR | PNB | 2015-03 | revenue_cagr_3yr | INSUFFICIENT
CAGR | PNB | 2015-03 | revenue_cagr_5yr | INSUFFICIENT
CAGR | PNB | 2015-03 | revenue_cagr_10yr | INSUFFICIENT
CAGR | PNB | 2015-03 | pat_cagr_3yr | INSUFFICIENT
CAGR | PNB | 2015-03 | pat_cagr_5yr | INSUFFICIENT
CAGR | PNB | 2015-03 | pat_cagr_10yr | INSUFFICIENT
CAGR | PNB | 2015-03 | eps_cagr_3yr | INSUFFICIENT
CAGR | PNB | 2015-03 | eps_cagr_5yr | INSUFFICIENT
CAGR | PNB | 2015-03 | eps_cagr_10yr | INSUFFICIENT
CAGR | PNB | 2016-03 | revenue_cagr_5yr | INSUFFICIENT
CAGR | PNB | 2016-03 | revenue_cagr_10yr | INSUFFICIENT
CAGR | PNB | 2016-03 | pat_cagr_3yr | DECLINE_TO_LOSS
CAGR | PNB | 2016-03 | pat_cagr_5yr | INSUFFICIENT
CAGR | PNB | 2016-03 | pat_cagr_10yr | INSUFFICIENT
CAGR | PNB | 2016-03 | eps_cagr_3yr | DECLINE_TO_LOSS
CAGR | PNB | 2016-03 | eps_cagr_5yr | INSUFFICIENT
CAGR | PNB | 2016-03 | eps_cagr_10yr | INSUFFICIENT
CAGR | PNB | 2017-03 | revenue_cagr_5yr | INSUFFICIENT
CAGR | PNB | 2017-03 | revenue_cagr_10yr | INSUFFICIENT
CAGR | PNB | 2017-03 | pat_cagr_5yr | INSUFFICIENT
CAGR | PNB | 2017-03 | pat_cagr_10yr | INSUFFICIENT
CAGR | PNB | 2017-03 | eps_cagr_5yr | INSUFFICIENT
CAGR | PNB | 2017-03 | eps_cagr_10yr | INSUFFICIENT
CAGR | PNB | 2018-03 | revenue_cagr_10yr | INSUFFICIENT
CAGR | PNB | 2018-03 | pat_cagr_3yr | DECLINE_TO_LOSS
CAGR | PNB | 2018-03 | pat_cagr_5yr | DECLINE_TO_LOSS
CAGR | PNB | 2018-03 | pat_cagr_10yr | INSUFFICIENT
CAGR | PNB | 2018-03 | eps_cagr_3yr | DECLINE_TO_LOSS
CAGR | PNB | 2018-03 | eps_cagr_5yr | DECLINE_TO_LOSS
CAGR | PNB | 2018-03 | eps_cagr_10yr | INSUFFICIENT
CAGR | PNB | 2019-03 | revenue_cagr_10yr | INSUFFICIENT
CAGR | PNB | 2019-03 | pat_cagr_3yr | BOTH_NEGATIVE
CAGR | PNB | 2019-03 | pat_cagr_5yr | DECLINE_TO_LOSS
CAGR | PNB | 2019-03 | pat_cagr_10yr | INSUFFICIENT
CAGR | PNB | 2019-03 | eps_cagr_3yr | BOTH_NEGATIVE
CAGR | PNB | 2019-03 | eps_cagr_5yr | DECLINE_TO_LOSS
CAGR | PNB | 2019-03 | eps_cagr_10yr | INSUFFICIENT
CAGR | PNB | 2020-03 | revenue_cagr_10yr | INSUFFICIENT
CAGR | PNB | 2020-03 | pat_cagr_10yr | INSUFFICIENT
CAGR | PNB | 2020-03 | eps_cagr_10yr | INSUFFICIENT
CAGR | PNB | 2021-03 | revenue_cagr_10yr | INSUFFICIENT
CAGR | PNB | 2021-03 | pat_cagr_3yr | TURNAROUND
CAGR | PNB | 2021-03 | pat_cagr_5yr | TURNAROUND
CAGR | PNB | 2021-03 | pat_cagr_10yr | INSUFFICIENT
CAGR | PNB | 2021-03 | eps_cagr_3yr | TURNAROUND
CAGR | PNB | 2021-03 | eps_cagr_5yr | TURNAROUND
CAGR | PNB | 2021-03 | eps_cagr_10yr | INSUFFICIENT
CAGR | PNB | 2022-03 | revenue_cagr_10yr | INSUFFICIENT
CAGR | PNB | 2022-03 | pat_cagr_3yr | TURNAROUND
CAGR | PNB | 2022-03 | pat_cagr_10yr | INSUFFICIENT
CAGR | PNB | 2022-03 | eps_cagr_3yr | TURNAROUND
CAGR | PNB | 2022-03 | eps_cagr_10yr | INSUFFICIENT
CAGR | PNB | 2023-03 | pat_cagr_5yr | TURNAROUND
CAGR | PNB | 2023-03 | eps_cagr_5yr | TURNAROUND
CAGR | PNB | 2024-03 | pat_cagr_5yr | TURNAROUND
CAGR | PNB | 2024-03 | eps_cagr_5yr | TURNAROUND
CAGR | POWERGRID | 2013-03 | revenue_cagr_3yr | INSUFFICIENT
CAGR | POWERGRID | 2013-03 | revenue_cagr_5yr | INSUFFICIENT
CAGR | POWERGRID | 2013-03 | revenue_cagr_10yr | INSUFFICIENT
CAGR | POWERGRID | 2013-03 | pat_cagr_3yr | INSUFFICIENT
CAGR | POWERGRID | 2013-03 | pat_cagr_5yr | INSUFFICIENT
CAGR | POWERGRID | 2013-03 | pat_cagr_10yr | INSUFFICIENT
CAGR | POWERGRID | 2013-03 | eps_cagr_3yr | INSUFFICIENT
CAGR | POWERGRID | 2013-03 | eps_cagr_5yr | INSUFFICIENT
CAGR | POWERGRID | 2013-03 | eps_cagr_10yr | INSUFFICIENT
CAGR | POWERGRID | 2014-03 | revenue_cagr_3yr | INSUFFICIENT
CAGR | POWERGRID | 2014-03 | revenue_cagr_5yr | INSUFFICIENT
CAGR | POWERGRID | 2014-03 | revenue_cagr_10yr | INSUFFICIENT
CAGR | POWERGRID | 2014-03 | pat_cagr_3yr | INSUFFICIENT
CAGR | POWERGRID | 2014-03 | pat_cagr_5yr | INSUFFICIENT
CAGR | POWERGRID | 2014-03 | pat_cagr_10yr | INSUFFICIENT
CAGR | POWERGRID | 2014-03 | eps_cagr_3yr | INSUFFICIENT
CAGR | POWERGRID | 2014-03 | eps_cagr_5yr | INSUFFICIENT
CAGR | POWERGRID | 2014-03 | eps_cagr_10yr | INSUFFICIENT
CAGR | POWERGRID | 2015-03 | revenue_cagr_3yr | INSUFFICIENT
CAGR | POWERGRID | 2015-03 | revenue_cagr_5yr | INSUFFICIENT
CAGR | POWERGRID | 2015-03 | revenue_cagr_10yr | INSUFFICIENT
CAGR | POWERGRID | 2015-03 | pat_cagr_3yr | INSUFFICIENT
CAGR | POWERGRID | 2015-03 | pat_cagr_5yr | INSUFFICIENT
CAGR | POWERGRID | 2015-03 | pat_cagr_10yr | INSUFFICIENT
CAGR | POWERGRID | 2015-03 | eps_cagr_3yr | INSUFFICIENT
CAGR | POWERGRID | 2015-03 | eps_cagr_5yr | INSUFFICIENT
CAGR | POWERGRID | 2015-03 | eps_cagr_10yr | INSUFFICIENT
CAGR | POWERGRID | 2016-03 | revenue_cagr_5yr | INSUFFICIENT
CAGR | POWERGRID | 2016-03 | revenue_cagr_10yr | INSUFFICIENT
CAGR | POWERGRID | 2016-03 | pat_cagr_5yr | INSUFFICIENT
CAGR | POWERGRID | 2016-03 | pat_cagr_10yr | INSUFFICIENT
CAGR | POWERGRID | 2016-03 | eps_cagr_5yr | INSUFFICIENT
CAGR | POWERGRID | 2016-03 | eps_cagr_10yr | INSUFFICIENT
CAGR | POWERGRID | 2017-03 | revenue_cagr_5yr | INSUFFICIENT
CAGR | POWERGRID | 2017-03 | revenue_cagr_10yr | INSUFFICIENT
CAGR | POWERGRID | 2017-03 | pat_cagr_5yr | INSUFFICIENT
CAGR | POWERGRID | 2017-03 | pat_cagr_10yr | INSUFFICIENT
CAGR | POWERGRID | 2017-03 | eps_cagr_5yr | INSUFFICIENT
CAGR | POWERGRID | 2017-03 | eps_cagr_10yr | INSUFFICIENT
CAGR | POWERGRID | 2018-03 | revenue_cagr_10yr | INSUFFICIENT
CAGR | POWERGRID | 2018-03 | pat_cagr_10yr | INSUFFICIENT
CAGR | POWERGRID | 2018-03 | eps_cagr_10yr | INSUFFICIENT
CAGR | POWERGRID | 2019-03 | revenue_cagr_10yr | INSUFFICIENT
CAGR | POWERGRID | 2019-03 | pat_cagr_10yr | INSUFFICIENT
CAGR | POWERGRID | 2019-03 | eps_cagr_10yr | INSUFFICIENT
CAGR | POWERGRID | 2020-03 | revenue_cagr_10yr | INSUFFICIENT
CAGR | POWERGRID | 2020-03 | pat_cagr_10yr | INSUFFICIENT
CAGR | POWERGRID | 2020-03 | eps_cagr_10yr | INSUFFICIENT
CAGR | POWERGRID | 2021-03 | revenue_cagr_10yr | INSUFFICIENT
CAGR | POWERGRID | 2021-03 | pat_cagr_10yr | INSUFFICIENT
CAGR | POWERGRID | 2021-03 | eps_cagr_10yr | INSUFFICIENT
CAGR | POWERGRID | 2022-03 | revenue_cagr_10yr | INSUFFICIENT
CAGR | POWERGRID | 2022-03 | pat_cagr_10yr | INSUFFICIENT
CAGR | POWERGRID | 2022-03 | eps_cagr_10yr | INSUFFICIENT
CAGR | POWERGRID | 2024-09 | revenue_cagr_3yr | INSUFFICIENT
CAGR | POWERGRID | 2024-09 | revenue_cagr_5yr | INSUFFICIENT
CAGR | POWERGRID | 2024-09 | revenue_cagr_10yr | INSUFFICIENT
CAGR | POWERGRID | 2024-09 | pat_cagr_3yr | INSUFFICIENT
CAGR | POWERGRID | 2024-09 | pat_cagr_5yr | INSUFFICIENT
CAGR | POWERGRID | 2024-09 | pat_cagr_10yr | INSUFFICIENT
CAGR | POWERGRID | 2024-09 | eps_cagr_3yr | INSUFFICIENT
CAGR | POWERGRID | 2024-09 | eps_cagr_5yr | INSUFFICIENT
CAGR | POWERGRID | 2024-09 | eps_cagr_10yr | INSUFFICIENT
CAGR | RECLTD | 2013-03 | revenue_cagr_3yr | INSUFFICIENT
CAGR | RECLTD | 2013-03 | revenue_cagr_5yr | INSUFFICIENT
CAGR | RECLTD | 2013-03 | revenue_cagr_10yr | INSUFFICIENT
CAGR | RECLTD | 2013-03 | pat_cagr_3yr | INSUFFICIENT
CAGR | RECLTD | 2013-03 | pat_cagr_5yr | INSUFFICIENT
CAGR | RECLTD | 2013-03 | pat_cagr_10yr | INSUFFICIENT
CAGR | RECLTD | 2013-03 | eps_cagr_3yr | INSUFFICIENT
CAGR | RECLTD | 2013-03 | eps_cagr_5yr | INSUFFICIENT
CAGR | RECLTD | 2013-03 | eps_cagr_10yr | INSUFFICIENT
CAGR | RECLTD | 2014-03 | revenue_cagr_3yr | INSUFFICIENT
CAGR | RECLTD | 2014-03 | revenue_cagr_5yr | INSUFFICIENT
CAGR | RECLTD | 2014-03 | revenue_cagr_10yr | INSUFFICIENT
CAGR | RECLTD | 2014-03 | pat_cagr_3yr | INSUFFICIENT
CAGR | RECLTD | 2014-03 | pat_cagr_5yr | INSUFFICIENT
CAGR | RECLTD | 2014-03 | pat_cagr_10yr | INSUFFICIENT
CAGR | RECLTD | 2014-03 | eps_cagr_3yr | INSUFFICIENT
CAGR | RECLTD | 2014-03 | eps_cagr_5yr | INSUFFICIENT
CAGR | RECLTD | 2014-03 | eps_cagr_10yr | INSUFFICIENT
CAGR | RECLTD | 2015-03 | revenue_cagr_3yr | INSUFFICIENT
CAGR | RECLTD | 2015-03 | revenue_cagr_5yr | INSUFFICIENT
CAGR | RECLTD | 2015-03 | revenue_cagr_10yr | INSUFFICIENT
CAGR | RECLTD | 2015-03 | pat_cagr_3yr | INSUFFICIENT
CAGR | RECLTD | 2015-03 | pat_cagr_5yr | INSUFFICIENT
CAGR | RECLTD | 2015-03 | pat_cagr_10yr | INSUFFICIENT
CAGR | RECLTD | 2015-03 | eps_cagr_3yr | INSUFFICIENT
CAGR | RECLTD | 2015-03 | eps_cagr_5yr | INSUFFICIENT
CAGR | RECLTD | 2015-03 | eps_cagr_10yr | INSUFFICIENT
CAGR | RECLTD | 2016-03 | revenue_cagr_5yr | INSUFFICIENT
CAGR | RECLTD | 2016-03 | revenue_cagr_10yr | INSUFFICIENT
CAGR | RECLTD | 2016-03 | pat_cagr_5yr | INSUFFICIENT
CAGR | RECLTD | 2016-03 | pat_cagr_10yr | INSUFFICIENT
CAGR | RECLTD | 2016-03 | eps_cagr_5yr | INSUFFICIENT
CAGR | RECLTD | 2016-03 | eps_cagr_10yr | INSUFFICIENT
CAGR | RECLTD | 2017-03 | revenue_cagr_5yr | INSUFFICIENT
CAGR | RECLTD | 2017-03 | revenue_cagr_10yr | INSUFFICIENT
CAGR | RECLTD | 2017-03 | pat_cagr_5yr | INSUFFICIENT
CAGR | RECLTD | 2017-03 | pat_cagr_10yr | INSUFFICIENT
CAGR | RECLTD | 2017-03 | eps_cagr_5yr | INSUFFICIENT
CAGR | RECLTD | 2017-03 | eps_cagr_10yr | INSUFFICIENT
CAGR | RECLTD | 2018-03 | revenue_cagr_10yr | INSUFFICIENT
CAGR | RECLTD | 2018-03 | pat_cagr_10yr | INSUFFICIENT
CAGR | RECLTD | 2018-03 | eps_cagr_10yr | INSUFFICIENT
CAGR | RECLTD | 2019-03 | revenue_cagr_10yr | INSUFFICIENT
CAGR | RECLTD | 2019-03 | pat_cagr_10yr | INSUFFICIENT
CAGR | RECLTD | 2019-03 | eps_cagr_10yr | INSUFFICIENT
CAGR | RECLTD | 2020-03 | revenue_cagr_10yr | INSUFFICIENT
CAGR | RECLTD | 2020-03 | pat_cagr_10yr | INSUFFICIENT
CAGR | RECLTD | 2020-03 | eps_cagr_10yr | INSUFFICIENT
CAGR | RECLTD | 2021-03 | revenue_cagr_10yr | INSUFFICIENT
CAGR | RECLTD | 2021-03 | pat_cagr_10yr | INSUFFICIENT
CAGR | RECLTD | 2021-03 | eps_cagr_10yr | INSUFFICIENT
CAGR | RECLTD | 2022-03 | revenue_cagr_10yr | INSUFFICIENT
CAGR | RECLTD | 2022-03 | pat_cagr_10yr | INSUFFICIENT
CAGR | RECLTD | 2022-03 | eps_cagr_10yr | INSUFFICIENT
CAGR | RECLTD | 2024-09 | revenue_cagr_3yr | INSUFFICIENT
CAGR | RECLTD | 2024-09 | revenue_cagr_5yr | INSUFFICIENT
CAGR | RECLTD | 2024-09 | revenue_cagr_10yr | INSUFFICIENT
CAGR | RECLTD | 2024-09 | pat_cagr_3yr | INSUFFICIENT
CAGR | RECLTD | 2024-09 | pat_cagr_5yr | INSUFFICIENT
CAGR | RECLTD | 2024-09 | pat_cagr_10yr | INSUFFICIENT
CAGR | RECLTD | 2024-09 | eps_cagr_3yr | INSUFFICIENT
CAGR | RECLTD | 2024-09 | eps_cagr_5yr | INSUFFICIENT
CAGR | RECLTD | 2024-09 | eps_cagr_10yr | INSUFFICIENT
CAGR | RELIANCE | 2013-03 | revenue_cagr_3yr | INSUFFICIENT
CAGR | RELIANCE | 2013-03 | revenue_cagr_5yr | INSUFFICIENT
CAGR | RELIANCE | 2013-03 | revenue_cagr_10yr | INSUFFICIENT
CAGR | RELIANCE | 2013-03 | pat_cagr_3yr | INSUFFICIENT
CAGR | RELIANCE | 2013-03 | pat_cagr_5yr | INSUFFICIENT
CAGR | RELIANCE | 2013-03 | pat_cagr_10yr | INSUFFICIENT
CAGR | RELIANCE | 2013-03 | eps_cagr_3yr | INSUFFICIENT
CAGR | RELIANCE | 2013-03 | eps_cagr_5yr | INSUFFICIENT
CAGR | RELIANCE | 2013-03 | eps_cagr_10yr | INSUFFICIENT
CAGR | RELIANCE | 2014-03 | revenue_cagr_3yr | INSUFFICIENT
CAGR | RELIANCE | 2014-03 | revenue_cagr_5yr | INSUFFICIENT
CAGR | RELIANCE | 2014-03 | revenue_cagr_10yr | INSUFFICIENT
CAGR | RELIANCE | 2014-03 | pat_cagr_3yr | INSUFFICIENT
CAGR | RELIANCE | 2014-03 | pat_cagr_5yr | INSUFFICIENT
CAGR | RELIANCE | 2014-03 | pat_cagr_10yr | INSUFFICIENT
CAGR | RELIANCE | 2014-03 | eps_cagr_3yr | INSUFFICIENT
CAGR | RELIANCE | 2014-03 | eps_cagr_5yr | INSUFFICIENT
CAGR | RELIANCE | 2014-03 | eps_cagr_10yr | INSUFFICIENT
CAGR | RELIANCE | 2015-03 | revenue_cagr_3yr | INSUFFICIENT
CAGR | RELIANCE | 2015-03 | revenue_cagr_5yr | INSUFFICIENT
CAGR | RELIANCE | 2015-03 | revenue_cagr_10yr | INSUFFICIENT
CAGR | RELIANCE | 2015-03 | pat_cagr_3yr | INSUFFICIENT
CAGR | RELIANCE | 2015-03 | pat_cagr_5yr | INSUFFICIENT
CAGR | RELIANCE | 2015-03 | pat_cagr_10yr | INSUFFICIENT
CAGR | RELIANCE | 2015-03 | eps_cagr_3yr | INSUFFICIENT
CAGR | RELIANCE | 2015-03 | eps_cagr_5yr | INSUFFICIENT
CAGR | RELIANCE | 2015-03 | eps_cagr_10yr | INSUFFICIENT
CAGR | RELIANCE | 2016-03 | revenue_cagr_5yr | INSUFFICIENT
CAGR | RELIANCE | 2016-03 | revenue_cagr_10yr | INSUFFICIENT
CAGR | RELIANCE | 2016-03 | pat_cagr_5yr | INSUFFICIENT
CAGR | RELIANCE | 2016-03 | pat_cagr_10yr | INSUFFICIENT
CAGR | RELIANCE | 2016-03 | eps_cagr_5yr | INSUFFICIENT
CAGR | RELIANCE | 2016-03 | eps_cagr_10yr | INSUFFICIENT
CAGR | RELIANCE | 2017-03 | revenue_cagr_5yr | INSUFFICIENT
CAGR | RELIANCE | 2017-03 | revenue_cagr_10yr | INSUFFICIENT
CAGR | RELIANCE | 2017-03 | pat_cagr_5yr | INSUFFICIENT
CAGR | RELIANCE | 2017-03 | pat_cagr_10yr | INSUFFICIENT
CAGR | RELIANCE | 2017-03 | eps_cagr_5yr | INSUFFICIENT
CAGR | RELIANCE | 2017-03 | eps_cagr_10yr | INSUFFICIENT
CAGR | RELIANCE | 2018-03 | revenue_cagr_10yr | INSUFFICIENT
CAGR | RELIANCE | 2018-03 | pat_cagr_10yr | INSUFFICIENT
CAGR | RELIANCE | 2018-03 | eps_cagr_10yr | INSUFFICIENT
CAGR | RELIANCE | 2019-03 | revenue_cagr_10yr | INSUFFICIENT
CAGR | RELIANCE | 2019-03 | pat_cagr_10yr | INSUFFICIENT
CAGR | RELIANCE | 2019-03 | eps_cagr_10yr | INSUFFICIENT
CAGR | RELIANCE | 2020-03 | revenue_cagr_10yr | INSUFFICIENT
CAGR | RELIANCE | 2020-03 | pat_cagr_10yr | INSUFFICIENT
CAGR | RELIANCE | 2020-03 | eps_cagr_10yr | INSUFFICIENT
CAGR | RELIANCE | 2021-03 | revenue_cagr_10yr | INSUFFICIENT
CAGR | RELIANCE | 2021-03 | pat_cagr_10yr | INSUFFICIENT
CAGR | RELIANCE | 2021-03 | eps_cagr_10yr | INSUFFICIENT
CAGR | RELIANCE | 2022-03 | revenue_cagr_10yr | INSUFFICIENT
CAGR | RELIANCE | 2022-03 | pat_cagr_10yr | INSUFFICIENT
CAGR | RELIANCE | 2022-03 | eps_cagr_10yr | INSUFFICIENT
CAGR | RELIANCE | 2024-09 | revenue_cagr_3yr | INSUFFICIENT
CAGR | RELIANCE | 2024-09 | revenue_cagr_5yr | INSUFFICIENT
CAGR | RELIANCE | 2024-09 | revenue_cagr_10yr | INSUFFICIENT
CAGR | RELIANCE | 2024-09 | pat_cagr_3yr | INSUFFICIENT
CAGR | RELIANCE | 2024-09 | pat_cagr_5yr | INSUFFICIENT
CAGR | RELIANCE | 2024-09 | pat_cagr_10yr | INSUFFICIENT
CAGR | RELIANCE | 2024-09 | eps_cagr_3yr | INSUFFICIENT
CAGR | RELIANCE | 2024-09 | eps_cagr_5yr | INSUFFICIENT
CAGR | RELIANCE | 2024-09 | eps_cagr_10yr | INSUFFICIENT
CAGR | SBILIFE | 2013-03 | revenue_cagr_3yr | INSUFFICIENT
CAGR | SBILIFE | 2013-03 | revenue_cagr_5yr | INSUFFICIENT
CAGR | SBILIFE | 2013-03 | revenue_cagr_10yr | INSUFFICIENT
CAGR | SBILIFE | 2013-03 | pat_cagr_3yr | INSUFFICIENT
CAGR | SBILIFE | 2013-03 | pat_cagr_5yr | INSUFFICIENT
CAGR | SBILIFE | 2013-03 | pat_cagr_10yr | INSUFFICIENT
CAGR | SBILIFE | 2013-03 | eps_cagr_3yr | INSUFFICIENT
CAGR | SBILIFE | 2013-03 | eps_cagr_5yr | INSUFFICIENT
CAGR | SBILIFE | 2013-03 | eps_cagr_10yr | INSUFFICIENT
CAGR | SBILIFE | 2014-03 | revenue_cagr_3yr | INSUFFICIENT
CAGR | SBILIFE | 2014-03 | revenue_cagr_5yr | INSUFFICIENT
CAGR | SBILIFE | 2014-03 | revenue_cagr_10yr | INSUFFICIENT
CAGR | SBILIFE | 2014-03 | pat_cagr_3yr | INSUFFICIENT
CAGR | SBILIFE | 2014-03 | pat_cagr_5yr | INSUFFICIENT
CAGR | SBILIFE | 2014-03 | pat_cagr_10yr | INSUFFICIENT
CAGR | SBILIFE | 2014-03 | eps_cagr_3yr | INSUFFICIENT
CAGR | SBILIFE | 2014-03 | eps_cagr_5yr | INSUFFICIENT
CAGR | SBILIFE | 2014-03 | eps_cagr_10yr | INSUFFICIENT
CAGR | SBILIFE | 2015-03 | revenue_cagr_3yr | INSUFFICIENT
CAGR | SBILIFE | 2015-03 | revenue_cagr_5yr | INSUFFICIENT
CAGR | SBILIFE | 2015-03 | revenue_cagr_10yr | INSUFFICIENT
CAGR | SBILIFE | 2015-03 | pat_cagr_3yr | INSUFFICIENT
CAGR | SBILIFE | 2015-03 | pat_cagr_5yr | INSUFFICIENT
CAGR | SBILIFE | 2015-03 | pat_cagr_10yr | INSUFFICIENT
CAGR | SBILIFE | 2015-03 | eps_cagr_3yr | INSUFFICIENT
CAGR | SBILIFE | 2015-03 | eps_cagr_5yr | INSUFFICIENT
CAGR | SBILIFE | 2015-03 | eps_cagr_10yr | INSUFFICIENT
CAGR | SBILIFE | 2016-03 | revenue_cagr_5yr | INSUFFICIENT
CAGR | SBILIFE | 2016-03 | revenue_cagr_10yr | INSUFFICIENT
CAGR | SBILIFE | 2016-03 | pat_cagr_5yr | INSUFFICIENT
CAGR | SBILIFE | 2016-03 | pat_cagr_10yr | INSUFFICIENT
CAGR | SBILIFE | 2016-03 | eps_cagr_5yr | INSUFFICIENT
CAGR | SBILIFE | 2016-03 | eps_cagr_10yr | INSUFFICIENT
CAGR | SBILIFE | 2017-03 | revenue_cagr_5yr | INSUFFICIENT
CAGR | SBILIFE | 2017-03 | revenue_cagr_10yr | INSUFFICIENT
CAGR | SBILIFE | 2017-03 | pat_cagr_5yr | INSUFFICIENT
CAGR | SBILIFE | 2017-03 | pat_cagr_10yr | INSUFFICIENT
CAGR | SBILIFE | 2017-03 | eps_cagr_5yr | INSUFFICIENT
CAGR | SBILIFE | 2017-03 | eps_cagr_10yr | INSUFFICIENT
CAGR | SBILIFE | 2018-03 | revenue_cagr_10yr | INSUFFICIENT
CAGR | SBILIFE | 2018-03 | pat_cagr_10yr | INSUFFICIENT
CAGR | SBILIFE | 2018-03 | eps_cagr_10yr | INSUFFICIENT
CAGR | SBILIFE | 2019-03 | revenue_cagr_10yr | INSUFFICIENT
CAGR | SBILIFE | 2019-03 | pat_cagr_10yr | INSUFFICIENT
CAGR | SBILIFE | 2019-03 | eps_cagr_10yr | INSUFFICIENT
CAGR | SBILIFE | 2020-03 | revenue_cagr_10yr | INSUFFICIENT
CAGR | SBILIFE | 2020-03 | pat_cagr_10yr | INSUFFICIENT
CAGR | SBILIFE | 2020-03 | eps_cagr_10yr | INSUFFICIENT
CAGR | SBILIFE | 2021-03 | revenue_cagr_10yr | INSUFFICIENT
CAGR | SBILIFE | 2021-03 | pat_cagr_10yr | INSUFFICIENT
CAGR | SBILIFE | 2021-03 | eps_cagr_10yr | INSUFFICIENT
CAGR | SBILIFE | 2022-03 | revenue_cagr_10yr | INSUFFICIENT
CAGR | SBILIFE | 2022-03 | pat_cagr_10yr | INSUFFICIENT
CAGR | SBILIFE | 2022-03 | eps_cagr_10yr | INSUFFICIENT
CAGR | SBILIFE | 2024-09 | revenue_cagr_3yr | INSUFFICIENT
CAGR | SBILIFE | 2024-09 | revenue_cagr_5yr | INSUFFICIENT
CAGR | SBILIFE | 2024-09 | revenue_cagr_10yr | INSUFFICIENT
CAGR | SBILIFE | 2024-09 | pat_cagr_3yr | INSUFFICIENT
CAGR | SBILIFE | 2024-09 | pat_cagr_5yr | INSUFFICIENT
CAGR | SBILIFE | 2024-09 | pat_cagr_10yr | INSUFFICIENT
CAGR | SBILIFE | 2024-09 | eps_cagr_3yr | INSUFFICIENT
CAGR | SBILIFE | 2024-09 | eps_cagr_5yr | INSUFFICIENT
CAGR | SBILIFE | 2024-09 | eps_cagr_10yr | INSUFFICIENT
CAGR | SBIN | 2013-03 | revenue_cagr_3yr | INSUFFICIENT
CAGR | SBIN | 2013-03 | revenue_cagr_5yr | INSUFFICIENT
CAGR | SBIN | 2013-03 | revenue_cagr_10yr | INSUFFICIENT
CAGR | SBIN | 2013-03 | pat_cagr_3yr | INSUFFICIENT
CAGR | SBIN | 2013-03 | pat_cagr_5yr | INSUFFICIENT
CAGR | SBIN | 2013-03 | pat_cagr_10yr | INSUFFICIENT
CAGR | SBIN | 2013-03 | eps_cagr_3yr | INSUFFICIENT
CAGR | SBIN | 2013-03 | eps_cagr_5yr | INSUFFICIENT
CAGR | SBIN | 2013-03 | eps_cagr_10yr | INSUFFICIENT
CAGR | SBIN | 2014-03 | revenue_cagr_3yr | INSUFFICIENT
CAGR | SBIN | 2014-03 | revenue_cagr_5yr | INSUFFICIENT
CAGR | SBIN | 2014-03 | revenue_cagr_10yr | INSUFFICIENT
CAGR | SBIN | 2014-03 | pat_cagr_3yr | INSUFFICIENT
CAGR | SBIN | 2014-03 | pat_cagr_5yr | INSUFFICIENT
CAGR | SBIN | 2014-03 | pat_cagr_10yr | INSUFFICIENT
CAGR | SBIN | 2014-03 | eps_cagr_3yr | INSUFFICIENT
CAGR | SBIN | 2014-03 | eps_cagr_5yr | INSUFFICIENT
CAGR | SBIN | 2014-03 | eps_cagr_10yr | INSUFFICIENT
CAGR | SBIN | 2015-03 | revenue_cagr_3yr | INSUFFICIENT
CAGR | SBIN | 2015-03 | revenue_cagr_5yr | INSUFFICIENT
CAGR | SBIN | 2015-03 | revenue_cagr_10yr | INSUFFICIENT
CAGR | SBIN | 2015-03 | pat_cagr_3yr | INSUFFICIENT
CAGR | SBIN | 2015-03 | pat_cagr_5yr | INSUFFICIENT
CAGR | SBIN | 2015-03 | pat_cagr_10yr | INSUFFICIENT
CAGR | SBIN | 2015-03 | eps_cagr_3yr | INSUFFICIENT
CAGR | SBIN | 2015-03 | eps_cagr_5yr | INSUFFICIENT
CAGR | SBIN | 2015-03 | eps_cagr_10yr | INSUFFICIENT
CAGR | SBIN | 2016-03 | revenue_cagr_5yr | INSUFFICIENT
CAGR | SBIN | 2016-03 | revenue_cagr_10yr | INSUFFICIENT
CAGR | SBIN | 2016-03 | pat_cagr_5yr | INSUFFICIENT
CAGR | SBIN | 2016-03 | pat_cagr_10yr | INSUFFICIENT
CAGR | SBIN | 2016-03 | eps_cagr_5yr | INSUFFICIENT
CAGR | SBIN | 2016-03 | eps_cagr_10yr | INSUFFICIENT
CAGR | SBIN | 2017-03 | revenue_cagr_5yr | INSUFFICIENT
CAGR | SBIN | 2017-03 | revenue_cagr_10yr | INSUFFICIENT
CAGR | SBIN | 2017-03 | pat_cagr_3yr | DECLINE_TO_LOSS
CAGR | SBIN | 2017-03 | pat_cagr_5yr | INSUFFICIENT
CAGR | SBIN | 2017-03 | pat_cagr_10yr | INSUFFICIENT
CAGR | SBIN | 2017-03 | eps_cagr_5yr | INSUFFICIENT
CAGR | SBIN | 2017-03 | eps_cagr_10yr | INSUFFICIENT
CAGR | SBIN | 2018-03 | revenue_cagr_10yr | INSUFFICIENT
CAGR | SBIN | 2018-03 | pat_cagr_3yr | DECLINE_TO_LOSS
CAGR | SBIN | 2018-03 | pat_cagr_5yr | DECLINE_TO_LOSS
CAGR | SBIN | 2018-03 | pat_cagr_10yr | INSUFFICIENT
CAGR | SBIN | 2018-03 | eps_cagr_3yr | DECLINE_TO_LOSS
CAGR | SBIN | 2018-03 | eps_cagr_5yr | DECLINE_TO_LOSS
CAGR | SBIN | 2018-03 | eps_cagr_10yr | INSUFFICIENT
CAGR | SBIN | 2019-03 | revenue_cagr_10yr | INSUFFICIENT
CAGR | SBIN | 2019-03 | pat_cagr_10yr | INSUFFICIENT
CAGR | SBIN | 2019-03 | eps_cagr_10yr | INSUFFICIENT
CAGR | SBIN | 2020-03 | revenue_cagr_10yr | INSUFFICIENT
CAGR | SBIN | 2020-03 | pat_cagr_3yr | TURNAROUND
CAGR | SBIN | 2020-03 | pat_cagr_10yr | INSUFFICIENT
CAGR | SBIN | 2020-03 | eps_cagr_3yr | ZERO_BASE
CAGR | SBIN | 2020-03 | eps_cagr_10yr | INSUFFICIENT
CAGR | SBIN | 2021-03 | revenue_cagr_10yr | INSUFFICIENT
CAGR | SBIN | 2021-03 | pat_cagr_3yr | TURNAROUND
CAGR | SBIN | 2021-03 | pat_cagr_10yr | INSUFFICIENT
CAGR | SBIN | 2021-03 | eps_cagr_3yr | TURNAROUND
CAGR | SBIN | 2021-03 | eps_cagr_10yr | INSUFFICIENT
CAGR | SBIN | 2022-03 | revenue_cagr_10yr | INSUFFICIENT
CAGR | SBIN | 2022-03 | pat_cagr_5yr | TURNAROUND
CAGR | SBIN | 2022-03 | pat_cagr_10yr | INSUFFICIENT
CAGR | SBIN | 2022-03 | eps_cagr_5yr | ZERO_BASE
CAGR | SBIN | 2022-03 | eps_cagr_10yr | INSUFFICIENT
CAGR | SBIN | 2023-03 | pat_cagr_5yr | TURNAROUND
CAGR | SBIN | 2023-03 | eps_cagr_5yr | TURNAROUND
CAGR | SHREECEM | 2013-06 | revenue_cagr_3yr | INSUFFICIENT
CAGR | SHREECEM | 2013-06 | revenue_cagr_5yr | INSUFFICIENT
CAGR | SHREECEM | 2013-06 | revenue_cagr_10yr | INSUFFICIENT
CAGR | SHREECEM | 2013-06 | pat_cagr_3yr | INSUFFICIENT
CAGR | SHREECEM | 2013-06 | pat_cagr_5yr | INSUFFICIENT
CAGR | SHREECEM | 2013-06 | pat_cagr_10yr | INSUFFICIENT
CAGR | SHREECEM | 2013-06 | eps_cagr_3yr | INSUFFICIENT
CAGR | SHREECEM | 2013-06 | eps_cagr_5yr | INSUFFICIENT
CAGR | SHREECEM | 2013-06 | eps_cagr_10yr | INSUFFICIENT
CAGR | SHREECEM | 2014-06 | revenue_cagr_3yr | INSUFFICIENT
CAGR | SHREECEM | 2014-06 | revenue_cagr_5yr | INSUFFICIENT
CAGR | SHREECEM | 2014-06 | revenue_cagr_10yr | INSUFFICIENT
CAGR | SHREECEM | 2014-06 | pat_cagr_3yr | INSUFFICIENT
CAGR | SHREECEM | 2014-06 | pat_cagr_5yr | INSUFFICIENT
CAGR | SHREECEM | 2014-06 | pat_cagr_10yr | INSUFFICIENT
CAGR | SHREECEM | 2014-06 | eps_cagr_3yr | INSUFFICIENT
CAGR | SHREECEM | 2014-06 | eps_cagr_5yr | INSUFFICIENT
CAGR | SHREECEM | 2014-06 | eps_cagr_10yr | INSUFFICIENT
CAGR | SHREECEM | 2015-06 | revenue_cagr_3yr | INSUFFICIENT
CAGR | SHREECEM | 2015-06 | revenue_cagr_5yr | INSUFFICIENT
CAGR | SHREECEM | 2015-06 | revenue_cagr_10yr | INSUFFICIENT
CAGR | SHREECEM | 2015-06 | pat_cagr_3yr | INSUFFICIENT
CAGR | SHREECEM | 2015-06 | pat_cagr_5yr | INSUFFICIENT
CAGR | SHREECEM | 2015-06 | pat_cagr_10yr | INSUFFICIENT
CAGR | SHREECEM | 2015-06 | eps_cagr_3yr | INSUFFICIENT
CAGR | SHREECEM | 2015-06 | eps_cagr_5yr | INSUFFICIENT
CAGR | SHREECEM | 2015-06 | eps_cagr_10yr | INSUFFICIENT
CAGR | SHREECEM | 2016-03 | revenue_cagr_3yr | INSUFFICIENT
CAGR | SHREECEM | 2016-03 | revenue_cagr_5yr | INSUFFICIENT
CAGR | SHREECEM | 2016-03 | revenue_cagr_10yr | INSUFFICIENT
CAGR | SHREECEM | 2016-03 | pat_cagr_3yr | INSUFFICIENT
CAGR | SHREECEM | 2016-03 | pat_cagr_5yr | INSUFFICIENT
CAGR | SHREECEM | 2016-03 | pat_cagr_10yr | INSUFFICIENT
CAGR | SHREECEM | 2016-03 | eps_cagr_3yr | INSUFFICIENT
CAGR | SHREECEM | 2016-03 | eps_cagr_5yr | INSUFFICIENT
CAGR | SHREECEM | 2016-03 | eps_cagr_10yr | INSUFFICIENT
CAGR | SHREECEM | 2017-03 | revenue_cagr_5yr | INSUFFICIENT
CAGR | SHREECEM | 2017-03 | revenue_cagr_10yr | INSUFFICIENT
CAGR | SHREECEM | 2017-03 | pat_cagr_5yr | INSUFFICIENT
CAGR | SHREECEM | 2017-03 | pat_cagr_10yr | INSUFFICIENT
CAGR | SHREECEM | 2017-03 | eps_cagr_5yr | INSUFFICIENT
CAGR | SHREECEM | 2017-03 | eps_cagr_10yr | INSUFFICIENT
CAGR | SHREECEM | 2018-03 | revenue_cagr_10yr | INSUFFICIENT
CAGR | SHREECEM | 2018-03 | pat_cagr_10yr | INSUFFICIENT
CAGR | SHREECEM | 2018-03 | eps_cagr_10yr | INSUFFICIENT
CAGR | SHREECEM | 2019-03 | revenue_cagr_3yr | INSUFFICIENT
CAGR | SHREECEM | 2019-03 | revenue_cagr_10yr | INSUFFICIENT
CAGR | SHREECEM | 2019-03 | pat_cagr_3yr | INSUFFICIENT
CAGR | SHREECEM | 2019-03 | pat_cagr_10yr | INSUFFICIENT
CAGR | SHREECEM | 2019-03 | eps_cagr_3yr | INSUFFICIENT
CAGR | SHREECEM | 2019-03 | eps_cagr_10yr | INSUFFICIENT
CAGR | SHREECEM | 2020-03 | revenue_cagr_10yr | INSUFFICIENT
CAGR | SHREECEM | 2020-03 | pat_cagr_10yr | INSUFFICIENT
CAGR | SHREECEM | 2020-03 | eps_cagr_10yr | INSUFFICIENT
CAGR | SHREECEM | 2021-03 | revenue_cagr_5yr | INSUFFICIENT
CAGR | SHREECEM | 2021-03 | revenue_cagr_10yr | INSUFFICIENT
CAGR | SHREECEM | 2021-03 | pat_cagr_5yr | INSUFFICIENT
CAGR | SHREECEM | 2021-03 | pat_cagr_10yr | INSUFFICIENT
CAGR | SHREECEM | 2021-03 | eps_cagr_5yr | INSUFFICIENT
CAGR | SHREECEM | 2021-03 | eps_cagr_10yr | INSUFFICIENT
CAGR | SHREECEM | 2022-03 | revenue_cagr_10yr | INSUFFICIENT
CAGR | SHREECEM | 2022-03 | pat_cagr_10yr | INSUFFICIENT
CAGR | SHREECEM | 2022-03 | eps_cagr_10yr | INSUFFICIENT
CAGR | SHREECEM | 2024-09 | revenue_cagr_3yr | INSUFFICIENT
CAGR | SHREECEM | 2024-09 | revenue_cagr_5yr | INSUFFICIENT
CAGR | SHREECEM | 2024-09 | revenue_cagr_10yr | INSUFFICIENT
CAGR | SHREECEM | 2024-09 | pat_cagr_3yr | INSUFFICIENT
CAGR | SHREECEM | 2024-09 | pat_cagr_5yr | INSUFFICIENT
CAGR | SHREECEM | 2024-09 | pat_cagr_10yr | INSUFFICIENT
CAGR | SHREECEM | 2024-09 | eps_cagr_3yr | INSUFFICIENT
CAGR | SHREECEM | 2024-09 | eps_cagr_5yr | INSUFFICIENT
CAGR | SHREECEM | 2024-09 | eps_cagr_10yr | INSUFFICIENT
CAGR | SHRIRAMFIN | 2013-03 | revenue_cagr_3yr | INSUFFICIENT
CAGR | SHRIRAMFIN | 2013-03 | revenue_cagr_5yr | INSUFFICIENT
CAGR | SHRIRAMFIN | 2013-03 | revenue_cagr_10yr | INSUFFICIENT
CAGR | SHRIRAMFIN | 2013-03 | pat_cagr_3yr | INSUFFICIENT
CAGR | SHRIRAMFIN | 2013-03 | pat_cagr_5yr | INSUFFICIENT
CAGR | SHRIRAMFIN | 2013-03 | pat_cagr_10yr | INSUFFICIENT
CAGR | SHRIRAMFIN | 2013-03 | eps_cagr_3yr | INSUFFICIENT
CAGR | SHRIRAMFIN | 2013-03 | eps_cagr_5yr | INSUFFICIENT
CAGR | SHRIRAMFIN | 2013-03 | eps_cagr_10yr | INSUFFICIENT
CAGR | SHRIRAMFIN | 2014-03 | revenue_cagr_3yr | INSUFFICIENT
CAGR | SHRIRAMFIN | 2014-03 | revenue_cagr_5yr | INSUFFICIENT
CAGR | SHRIRAMFIN | 2014-03 | revenue_cagr_10yr | INSUFFICIENT
CAGR | SHRIRAMFIN | 2014-03 | pat_cagr_3yr | INSUFFICIENT
CAGR | SHRIRAMFIN | 2014-03 | pat_cagr_5yr | INSUFFICIENT
CAGR | SHRIRAMFIN | 2014-03 | pat_cagr_10yr | INSUFFICIENT
CAGR | SHRIRAMFIN | 2014-03 | eps_cagr_3yr | INSUFFICIENT
CAGR | SHRIRAMFIN | 2014-03 | eps_cagr_5yr | INSUFFICIENT
CAGR | SHRIRAMFIN | 2014-03 | eps_cagr_10yr | INSUFFICIENT
CAGR | SHRIRAMFIN | 2015-03 | revenue_cagr_3yr | INSUFFICIENT
CAGR | SHRIRAMFIN | 2015-03 | revenue_cagr_5yr | INSUFFICIENT
CAGR | SHRIRAMFIN | 2015-03 | revenue_cagr_10yr | INSUFFICIENT
CAGR | SHRIRAMFIN | 2015-03 | pat_cagr_3yr | INSUFFICIENT
CAGR | SHRIRAMFIN | 2015-03 | pat_cagr_5yr | INSUFFICIENT
CAGR | SHRIRAMFIN | 2015-03 | pat_cagr_10yr | INSUFFICIENT
CAGR | SHRIRAMFIN | 2015-03 | eps_cagr_3yr | INSUFFICIENT
CAGR | SHRIRAMFIN | 2015-03 | eps_cagr_5yr | INSUFFICIENT
CAGR | SHRIRAMFIN | 2015-03 | eps_cagr_10yr | INSUFFICIENT
CAGR | SHRIRAMFIN | 2016-03 | revenue_cagr_5yr | INSUFFICIENT
CAGR | SHRIRAMFIN | 2016-03 | revenue_cagr_10yr | INSUFFICIENT
CAGR | SHRIRAMFIN | 2016-03 | pat_cagr_5yr | INSUFFICIENT
CAGR | SHRIRAMFIN | 2016-03 | pat_cagr_10yr | INSUFFICIENT
CAGR | SHRIRAMFIN | 2016-03 | eps_cagr_5yr | INSUFFICIENT
CAGR | SHRIRAMFIN | 2016-03 | eps_cagr_10yr | INSUFFICIENT
CAGR | SHRIRAMFIN | 2017-03 | revenue_cagr_5yr | INSUFFICIENT
CAGR | SHRIRAMFIN | 2017-03 | revenue_cagr_10yr | INSUFFICIENT
CAGR | SHRIRAMFIN | 2017-03 | pat_cagr_5yr | INSUFFICIENT
CAGR | SHRIRAMFIN | 2017-03 | pat_cagr_10yr | INSUFFICIENT
CAGR | SHRIRAMFIN | 2017-03 | eps_cagr_5yr | INSUFFICIENT
CAGR | SHRIRAMFIN | 2017-03 | eps_cagr_10yr | INSUFFICIENT
CAGR | SHRIRAMFIN | 2018-03 | revenue_cagr_10yr | INSUFFICIENT
CAGR | SHRIRAMFIN | 2018-03 | pat_cagr_10yr | INSUFFICIENT
CAGR | SHRIRAMFIN | 2018-03 | eps_cagr_10yr | INSUFFICIENT
CAGR | SHRIRAMFIN | 2019-03 | revenue_cagr_10yr | INSUFFICIENT
CAGR | SHRIRAMFIN | 2019-03 | pat_cagr_10yr | INSUFFICIENT
CAGR | SHRIRAMFIN | 2019-03 | eps_cagr_10yr | INSUFFICIENT
CAGR | SHRIRAMFIN | 2020-03 | revenue_cagr_10yr | INSUFFICIENT
CAGR | SHRIRAMFIN | 2020-03 | pat_cagr_10yr | INSUFFICIENT
CAGR | SHRIRAMFIN | 2020-03 | eps_cagr_10yr | INSUFFICIENT
CAGR | SHRIRAMFIN | 2021-03 | revenue_cagr_10yr | INSUFFICIENT
CAGR | SHRIRAMFIN | 2021-03 | pat_cagr_10yr | INSUFFICIENT
CAGR | SHRIRAMFIN | 2021-03 | eps_cagr_10yr | INSUFFICIENT
CAGR | SHRIRAMFIN | 2022-03 | revenue_cagr_10yr | INSUFFICIENT
CAGR | SHRIRAMFIN | 2022-03 | pat_cagr_10yr | INSUFFICIENT
CAGR | SHRIRAMFIN | 2022-03 | eps_cagr_10yr | INSUFFICIENT
CAGR | SHRIRAMFIN | 2024-09 | revenue_cagr_3yr | INSUFFICIENT
CAGR | SHRIRAMFIN | 2024-09 | revenue_cagr_5yr | INSUFFICIENT
CAGR | SHRIRAMFIN | 2024-09 | revenue_cagr_10yr | INSUFFICIENT
CAGR | SHRIRAMFIN | 2024-09 | pat_cagr_3yr | INSUFFICIENT
CAGR | SHRIRAMFIN | 2024-09 | pat_cagr_5yr | INSUFFICIENT
CAGR | SHRIRAMFIN | 2024-09 | pat_cagr_10yr | INSUFFICIENT
CAGR | SHRIRAMFIN | 2024-09 | eps_cagr_3yr | INSUFFICIENT
CAGR | SHRIRAMFIN | 2024-09 | eps_cagr_5yr | INSUFFICIENT
CAGR | SHRIRAMFIN | 2024-09 | eps_cagr_10yr | INSUFFICIENT
CAGR | SIEMENS | 2011-09 | revenue_cagr_3yr | INSUFFICIENT
CAGR | SIEMENS | 2011-09 | revenue_cagr_5yr | INSUFFICIENT
CAGR | SIEMENS | 2011-09 | revenue_cagr_10yr | INSUFFICIENT
CAGR | SIEMENS | 2011-09 | pat_cagr_3yr | INSUFFICIENT
CAGR | SIEMENS | 2011-09 | pat_cagr_5yr | INSUFFICIENT
CAGR | SIEMENS | 2011-09 | pat_cagr_10yr | INSUFFICIENT
CAGR | SIEMENS | 2011-09 | eps_cagr_3yr | INSUFFICIENT
CAGR | SIEMENS | 2011-09 | eps_cagr_5yr | INSUFFICIENT
CAGR | SIEMENS | 2011-09 | eps_cagr_10yr | INSUFFICIENT
CAGR | SIEMENS | 2014-09 | revenue_cagr_5yr | INSUFFICIENT
CAGR | SIEMENS | 2014-09 | revenue_cagr_10yr | INSUFFICIENT
CAGR | SIEMENS | 2014-09 | pat_cagr_5yr | INSUFFICIENT
CAGR | SIEMENS | 2014-09 | pat_cagr_10yr | INSUFFICIENT
CAGR | SIEMENS | 2014-09 | eps_cagr_3yr | INSUFFICIENT
CAGR | SIEMENS | 2014-09 | eps_cagr_5yr | INSUFFICIENT
CAGR | SIEMENS | 2014-09 | eps_cagr_10yr | INSUFFICIENT
CAGR | SIEMENS | 2015-09 | revenue_cagr_3yr | INSUFFICIENT
CAGR | SIEMENS | 2015-09 | revenue_cagr_5yr | INSUFFICIENT
CAGR | SIEMENS | 2015-09 | revenue_cagr_10yr | INSUFFICIENT
CAGR | SIEMENS | 2015-09 | pat_cagr_3yr | INSUFFICIENT
CAGR | SIEMENS | 2015-09 | pat_cagr_5yr | INSUFFICIENT
CAGR | SIEMENS | 2015-09 | pat_cagr_10yr | INSUFFICIENT
CAGR | SIEMENS | 2015-09 | eps_cagr_3yr | INSUFFICIENT
CAGR | SIEMENS | 2015-09 | eps_cagr_5yr | INSUFFICIENT
CAGR | SIEMENS | 2015-09 | eps_cagr_10yr | INSUFFICIENT
CAGR | SIEMENS | 2016-09 | revenue_cagr_3yr | INSUFFICIENT
CAGR | SIEMENS | 2016-09 | revenue_cagr_10yr | INSUFFICIENT
CAGR | SIEMENS | 2016-09 | pat_cagr_3yr | INSUFFICIENT
CAGR | SIEMENS | 2016-09 | pat_cagr_10yr | INSUFFICIENT
CAGR | SIEMENS | 2016-09 | eps_cagr_3yr | INSUFFICIENT
CAGR | SIEMENS | 2016-09 | eps_cagr_5yr | INSUFFICIENT
CAGR | SIEMENS | 2016-09 | eps_cagr_10yr | INSUFFICIENT
CAGR | SIEMENS | 2017-09 | revenue_cagr_5yr | INSUFFICIENT
CAGR | SIEMENS | 2017-09 | revenue_cagr_10yr | INSUFFICIENT
CAGR | SIEMENS | 2017-09 | pat_cagr_5yr | INSUFFICIENT
CAGR | SIEMENS | 2017-09 | pat_cagr_10yr | INSUFFICIENT
CAGR | SIEMENS | 2017-09 | eps_cagr_5yr | INSUFFICIENT
CAGR | SIEMENS | 2017-09 | eps_cagr_10yr | INSUFFICIENT
CAGR | SIEMENS | 2018-09 | revenue_cagr_5yr | INSUFFICIENT
CAGR | SIEMENS | 2018-09 | revenue_cagr_10yr | INSUFFICIENT
CAGR | SIEMENS | 2018-09 | pat_cagr_5yr | INSUFFICIENT
CAGR | SIEMENS | 2018-09 | pat_cagr_10yr | INSUFFICIENT
CAGR | SIEMENS | 2018-09 | eps_cagr_5yr | INSUFFICIENT
CAGR | SIEMENS | 2018-09 | eps_cagr_10yr | INSUFFICIENT
CAGR | SIEMENS | 2019-09 | revenue_cagr_10yr | INSUFFICIENT
CAGR | SIEMENS | 2019-09 | pat_cagr_10yr | INSUFFICIENT
CAGR | SIEMENS | 2019-09 | eps_cagr_10yr | INSUFFICIENT
CAGR | SIEMENS | 2020-09 | revenue_cagr_10yr | INSUFFICIENT
CAGR | SIEMENS | 2020-09 | pat_cagr_10yr | INSUFFICIENT
CAGR | SIEMENS | 2020-09 | eps_cagr_10yr | INSUFFICIENT
CAGR | SIEMENS | 2021-09 | eps_cagr_10yr | INSUFFICIENT
CAGR | SIEMENS | 2022-09 | revenue_cagr_10yr | INSUFFICIENT
CAGR | SIEMENS | 2022-09 | pat_cagr_10yr | INSUFFICIENT
CAGR | SIEMENS | 2022-09 | eps_cagr_10yr | INSUFFICIENT
CAGR | SIEMENS | 2023-09 | revenue_cagr_10yr | INSUFFICIENT
CAGR | SIEMENS | 2023-09 | pat_cagr_10yr | INSUFFICIENT
CAGR | SIEMENS | 2023-09 | eps_cagr_10yr | INSUFFICIENT
CAGR | SUNPHARMA | 2013-03 | revenue_cagr_3yr | INSUFFICIENT
CAGR | SUNPHARMA | 2013-03 | revenue_cagr_5yr | INSUFFICIENT
CAGR | SUNPHARMA | 2013-03 | revenue_cagr_10yr | INSUFFICIENT
CAGR | SUNPHARMA | 2013-03 | pat_cagr_3yr | INSUFFICIENT
CAGR | SUNPHARMA | 2013-03 | pat_cagr_5yr | INSUFFICIENT
CAGR | SUNPHARMA | 2013-03 | pat_cagr_10yr | INSUFFICIENT
CAGR | SUNPHARMA | 2013-03 | eps_cagr_3yr | INSUFFICIENT
CAGR | SUNPHARMA | 2013-03 | eps_cagr_5yr | INSUFFICIENT
CAGR | SUNPHARMA | 2013-03 | eps_cagr_10yr | INSUFFICIENT
CAGR | SUNPHARMA | 2014-03 | revenue_cagr_3yr | INSUFFICIENT
CAGR | SUNPHARMA | 2014-03 | revenue_cagr_5yr | INSUFFICIENT
CAGR | SUNPHARMA | 2014-03 | revenue_cagr_10yr | INSUFFICIENT
CAGR | SUNPHARMA | 2014-03 | pat_cagr_3yr | INSUFFICIENT
CAGR | SUNPHARMA | 2014-03 | pat_cagr_5yr | INSUFFICIENT
CAGR | SUNPHARMA | 2014-03 | pat_cagr_10yr | INSUFFICIENT
CAGR | SUNPHARMA | 2014-03 | eps_cagr_3yr | INSUFFICIENT
CAGR | SUNPHARMA | 2014-03 | eps_cagr_5yr | INSUFFICIENT
CAGR | SUNPHARMA | 2014-03 | eps_cagr_10yr | INSUFFICIENT
CAGR | SUNPHARMA | 2015-03 | revenue_cagr_3yr | INSUFFICIENT
CAGR | SUNPHARMA | 2015-03 | revenue_cagr_5yr | INSUFFICIENT
CAGR | SUNPHARMA | 2015-03 | revenue_cagr_10yr | INSUFFICIENT
CAGR | SUNPHARMA | 2015-03 | pat_cagr_3yr | INSUFFICIENT
CAGR | SUNPHARMA | 2015-03 | pat_cagr_5yr | INSUFFICIENT
CAGR | SUNPHARMA | 2015-03 | pat_cagr_10yr | INSUFFICIENT
CAGR | SUNPHARMA | 2015-03 | eps_cagr_3yr | INSUFFICIENT
CAGR | SUNPHARMA | 2015-03 | eps_cagr_5yr | INSUFFICIENT
CAGR | SUNPHARMA | 2015-03 | eps_cagr_10yr | INSUFFICIENT
CAGR | SUNPHARMA | 2016-03 | revenue_cagr_5yr | INSUFFICIENT
CAGR | SUNPHARMA | 2016-03 | revenue_cagr_10yr | INSUFFICIENT
CAGR | SUNPHARMA | 2016-03 | pat_cagr_5yr | INSUFFICIENT
CAGR | SUNPHARMA | 2016-03 | pat_cagr_10yr | INSUFFICIENT
CAGR | SUNPHARMA | 2016-03 | eps_cagr_5yr | INSUFFICIENT
CAGR | SUNPHARMA | 2016-03 | eps_cagr_10yr | INSUFFICIENT
CAGR | SUNPHARMA | 2017-03 | revenue_cagr_5yr | INSUFFICIENT
CAGR | SUNPHARMA | 2017-03 | revenue_cagr_10yr | INSUFFICIENT
CAGR | SUNPHARMA | 2017-03 | pat_cagr_5yr | INSUFFICIENT
CAGR | SUNPHARMA | 2017-03 | pat_cagr_10yr | INSUFFICIENT
CAGR | SUNPHARMA | 2017-03 | eps_cagr_5yr | INSUFFICIENT
CAGR | SUNPHARMA | 2017-03 | eps_cagr_10yr | INSUFFICIENT
CAGR | SUNPHARMA | 2018-03 | revenue_cagr_10yr | INSUFFICIENT
CAGR | SUNPHARMA | 2018-03 | pat_cagr_10yr | INSUFFICIENT
CAGR | SUNPHARMA | 2018-03 | eps_cagr_10yr | INSUFFICIENT
CAGR | SUNPHARMA | 2019-03 | revenue_cagr_10yr | INSUFFICIENT
CAGR | SUNPHARMA | 2019-03 | pat_cagr_10yr | INSUFFICIENT
CAGR | SUNPHARMA | 2019-03 | eps_cagr_10yr | INSUFFICIENT
CAGR | SUNPHARMA | 2020-03 | revenue_cagr_10yr | INSUFFICIENT
CAGR | SUNPHARMA | 2020-03 | pat_cagr_10yr | INSUFFICIENT
CAGR | SUNPHARMA | 2020-03 | eps_cagr_10yr | INSUFFICIENT
CAGR | SUNPHARMA | 2021-03 | revenue_cagr_10yr | INSUFFICIENT
CAGR | SUNPHARMA | 2021-03 | pat_cagr_10yr | INSUFFICIENT
CAGR | SUNPHARMA | 2021-03 | eps_cagr_10yr | INSUFFICIENT
CAGR | SUNPHARMA | 2022-03 | revenue_cagr_10yr | INSUFFICIENT
CAGR | SUNPHARMA | 2022-03 | pat_cagr_10yr | INSUFFICIENT
CAGR | SUNPHARMA | 2022-03 | eps_cagr_10yr | INSUFFICIENT
OPM | SUNPHARMA | 2024-03 | source=28.0 computed=26.8429 | SOURCE_MISMATCH
CAGR | SUNPHARMA | 2024-09 | revenue_cagr_3yr | INSUFFICIENT
CAGR | SUNPHARMA | 2024-09 | revenue_cagr_5yr | INSUFFICIENT
CAGR | SUNPHARMA | 2024-09 | revenue_cagr_10yr | INSUFFICIENT
CAGR | SUNPHARMA | 2024-09 | pat_cagr_3yr | INSUFFICIENT
CAGR | SUNPHARMA | 2024-09 | pat_cagr_5yr | INSUFFICIENT
CAGR | SUNPHARMA | 2024-09 | pat_cagr_10yr | INSUFFICIENT
CAGR | SUNPHARMA | 2024-09 | eps_cagr_3yr | INSUFFICIENT
CAGR | SUNPHARMA | 2024-09 | eps_cagr_5yr | INSUFFICIENT
CAGR | SUNPHARMA | 2024-09 | eps_cagr_10yr | INSUFFICIENT
CAGR | TATACONSUM | 2013-03 | revenue_cagr_3yr | INSUFFICIENT
CAGR | TATACONSUM | 2013-03 | revenue_cagr_5yr | INSUFFICIENT
CAGR | TATACONSUM | 2013-03 | revenue_cagr_10yr | INSUFFICIENT
CAGR | TATACONSUM | 2013-03 | pat_cagr_3yr | INSUFFICIENT
CAGR | TATACONSUM | 2013-03 | pat_cagr_5yr | INSUFFICIENT
CAGR | TATACONSUM | 2013-03 | pat_cagr_10yr | INSUFFICIENT
CAGR | TATACONSUM | 2013-03 | eps_cagr_3yr | INSUFFICIENT
CAGR | TATACONSUM | 2013-03 | eps_cagr_5yr | INSUFFICIENT
CAGR | TATACONSUM | 2013-03 | eps_cagr_10yr | INSUFFICIENT
CAGR | TATACONSUM | 2014-03 | revenue_cagr_3yr | INSUFFICIENT
CAGR | TATACONSUM | 2014-03 | revenue_cagr_5yr | INSUFFICIENT
CAGR | TATACONSUM | 2014-03 | revenue_cagr_10yr | INSUFFICIENT
CAGR | TATACONSUM | 2014-03 | pat_cagr_3yr | INSUFFICIENT
CAGR | TATACONSUM | 2014-03 | pat_cagr_5yr | INSUFFICIENT
CAGR | TATACONSUM | 2014-03 | pat_cagr_10yr | INSUFFICIENT
CAGR | TATACONSUM | 2014-03 | eps_cagr_3yr | INSUFFICIENT
CAGR | TATACONSUM | 2014-03 | eps_cagr_5yr | INSUFFICIENT
CAGR | TATACONSUM | 2014-03 | eps_cagr_10yr | INSUFFICIENT
CAGR | TATACONSUM | 2015-03 | revenue_cagr_3yr | INSUFFICIENT
CAGR | TATACONSUM | 2015-03 | revenue_cagr_5yr | INSUFFICIENT
CAGR | TATACONSUM | 2015-03 | revenue_cagr_10yr | INSUFFICIENT
CAGR | TATACONSUM | 2015-03 | pat_cagr_3yr | INSUFFICIENT
CAGR | TATACONSUM | 2015-03 | pat_cagr_5yr | INSUFFICIENT
CAGR | TATACONSUM | 2015-03 | pat_cagr_10yr | INSUFFICIENT
CAGR | TATACONSUM | 2015-03 | eps_cagr_3yr | INSUFFICIENT
CAGR | TATACONSUM | 2015-03 | eps_cagr_5yr | INSUFFICIENT
CAGR | TATACONSUM | 2015-03 | eps_cagr_10yr | INSUFFICIENT
CAGR | TATACONSUM | 2016-03 | revenue_cagr_5yr | INSUFFICIENT
CAGR | TATACONSUM | 2016-03 | revenue_cagr_10yr | INSUFFICIENT
CAGR | TATACONSUM | 2016-03 | pat_cagr_3yr | DECLINE_TO_LOSS
CAGR | TATACONSUM | 2016-03 | pat_cagr_5yr | INSUFFICIENT
CAGR | TATACONSUM | 2016-03 | pat_cagr_10yr | INSUFFICIENT
CAGR | TATACONSUM | 2016-03 | eps_cagr_5yr | INSUFFICIENT
CAGR | TATACONSUM | 2016-03 | eps_cagr_10yr | INSUFFICIENT
CAGR | TATACONSUM | 2017-03 | revenue_cagr_5yr | INSUFFICIENT
CAGR | TATACONSUM | 2017-03 | revenue_cagr_10yr | INSUFFICIENT
CAGR | TATACONSUM | 2017-03 | pat_cagr_5yr | INSUFFICIENT
CAGR | TATACONSUM | 2017-03 | pat_cagr_10yr | INSUFFICIENT
CAGR | TATACONSUM | 2017-03 | eps_cagr_5yr | INSUFFICIENT
CAGR | TATACONSUM | 2017-03 | eps_cagr_10yr | INSUFFICIENT
CAGR | TATACONSUM | 2018-03 | revenue_cagr_10yr | INSUFFICIENT
CAGR | TATACONSUM | 2018-03 | pat_cagr_10yr | INSUFFICIENT
CAGR | TATACONSUM | 2018-03 | eps_cagr_10yr | INSUFFICIENT
CAGR | TATACONSUM | 2019-03 | revenue_cagr_10yr | INSUFFICIENT
CAGR | TATACONSUM | 2019-03 | pat_cagr_3yr | TURNAROUND
CAGR | TATACONSUM | 2019-03 | pat_cagr_10yr | INSUFFICIENT
CAGR | TATACONSUM | 2019-03 | eps_cagr_3yr | ZERO_BASE
CAGR | TATACONSUM | 2019-03 | eps_cagr_10yr | INSUFFICIENT
CAGR | TATACONSUM | 2020-03 | revenue_cagr_10yr | INSUFFICIENT
CAGR | TATACONSUM | 2020-03 | pat_cagr_10yr | INSUFFICIENT
CAGR | TATACONSUM | 2020-03 | eps_cagr_10yr | INSUFFICIENT
CAGR | TATACONSUM | 2021-03 | revenue_cagr_10yr | INSUFFICIENT
CAGR | TATACONSUM | 2021-03 | pat_cagr_5yr | TURNAROUND
CAGR | TATACONSUM | 2021-03 | pat_cagr_10yr | INSUFFICIENT
CAGR | TATACONSUM | 2021-03 | eps_cagr_5yr | ZERO_BASE
CAGR | TATACONSUM | 2021-03 | eps_cagr_10yr | INSUFFICIENT
CAGR | TATACONSUM | 2022-03 | revenue_cagr_10yr | INSUFFICIENT
CAGR | TATACONSUM | 2022-03 | pat_cagr_10yr | INSUFFICIENT
CAGR | TATACONSUM | 2022-03 | eps_cagr_10yr | INSUFFICIENT
CAGR | TATACONSUM | 2024-09 | revenue_cagr_3yr | INSUFFICIENT
CAGR | TATACONSUM | 2024-09 | revenue_cagr_5yr | INSUFFICIENT
CAGR | TATACONSUM | 2024-09 | revenue_cagr_10yr | INSUFFICIENT
CAGR | TATACONSUM | 2024-09 | pat_cagr_3yr | INSUFFICIENT
CAGR | TATACONSUM | 2024-09 | pat_cagr_5yr | INSUFFICIENT
CAGR | TATACONSUM | 2024-09 | pat_cagr_10yr | INSUFFICIENT
CAGR | TATACONSUM | 2024-09 | eps_cagr_3yr | INSUFFICIENT
CAGR | TATACONSUM | 2024-09 | eps_cagr_5yr | INSUFFICIENT
CAGR | TATACONSUM | 2024-09 | eps_cagr_10yr | INSUFFICIENT
CAGR | TATAMOTORS | 2013-03 | revenue_cagr_3yr | INSUFFICIENT
CAGR | TATAMOTORS | 2013-03 | revenue_cagr_5yr | INSUFFICIENT
CAGR | TATAMOTORS | 2013-03 | revenue_cagr_10yr | INSUFFICIENT
CAGR | TATAMOTORS | 2013-03 | pat_cagr_3yr | INSUFFICIENT
CAGR | TATAMOTORS | 2013-03 | pat_cagr_5yr | INSUFFICIENT
CAGR | TATAMOTORS | 2013-03 | pat_cagr_10yr | INSUFFICIENT
CAGR | TATAMOTORS | 2013-03 | eps_cagr_3yr | INSUFFICIENT
CAGR | TATAMOTORS | 2013-03 | eps_cagr_5yr | INSUFFICIENT
CAGR | TATAMOTORS | 2013-03 | eps_cagr_10yr | INSUFFICIENT
CAGR | TATAMOTORS | 2014-03 | revenue_cagr_3yr | INSUFFICIENT
CAGR | TATAMOTORS | 2014-03 | revenue_cagr_5yr | INSUFFICIENT
CAGR | TATAMOTORS | 2014-03 | revenue_cagr_10yr | INSUFFICIENT
CAGR | TATAMOTORS | 2014-03 | pat_cagr_3yr | INSUFFICIENT
CAGR | TATAMOTORS | 2014-03 | pat_cagr_5yr | INSUFFICIENT
CAGR | TATAMOTORS | 2014-03 | pat_cagr_10yr | INSUFFICIENT
CAGR | TATAMOTORS | 2014-03 | eps_cagr_3yr | INSUFFICIENT
CAGR | TATAMOTORS | 2014-03 | eps_cagr_5yr | INSUFFICIENT
CAGR | TATAMOTORS | 2014-03 | eps_cagr_10yr | INSUFFICIENT
CAGR | TATAMOTORS | 2015-03 | revenue_cagr_3yr | INSUFFICIENT
CAGR | TATAMOTORS | 2015-03 | revenue_cagr_5yr | INSUFFICIENT
CAGR | TATAMOTORS | 2015-03 | revenue_cagr_10yr | INSUFFICIENT
CAGR | TATAMOTORS | 2015-03 | pat_cagr_3yr | INSUFFICIENT
CAGR | TATAMOTORS | 2015-03 | pat_cagr_5yr | INSUFFICIENT
CAGR | TATAMOTORS | 2015-03 | pat_cagr_10yr | INSUFFICIENT
CAGR | TATAMOTORS | 2015-03 | eps_cagr_3yr | INSUFFICIENT
CAGR | TATAMOTORS | 2015-03 | eps_cagr_5yr | INSUFFICIENT
CAGR | TATAMOTORS | 2015-03 | eps_cagr_10yr | INSUFFICIENT
CAGR | TATAMOTORS | 2016-03 | revenue_cagr_5yr | INSUFFICIENT
CAGR | TATAMOTORS | 2016-03 | revenue_cagr_10yr | INSUFFICIENT
CAGR | TATAMOTORS | 2016-03 | pat_cagr_5yr | INSUFFICIENT
CAGR | TATAMOTORS | 2016-03 | pat_cagr_10yr | INSUFFICIENT
CAGR | TATAMOTORS | 2016-03 | eps_cagr_5yr | INSUFFICIENT
CAGR | TATAMOTORS | 2016-03 | eps_cagr_10yr | INSUFFICIENT
CAGR | TATAMOTORS | 2017-03 | revenue_cagr_5yr | INSUFFICIENT
CAGR | TATAMOTORS | 2017-03 | revenue_cagr_10yr | INSUFFICIENT
CAGR | TATAMOTORS | 2017-03 | pat_cagr_5yr | INSUFFICIENT
CAGR | TATAMOTORS | 2017-03 | pat_cagr_10yr | INSUFFICIENT
CAGR | TATAMOTORS | 2017-03 | eps_cagr_5yr | INSUFFICIENT
CAGR | TATAMOTORS | 2017-03 | eps_cagr_10yr | INSUFFICIENT
CAGR | TATAMOTORS | 2018-03 | revenue_cagr_10yr | INSUFFICIENT
CAGR | TATAMOTORS | 2018-03 | pat_cagr_10yr | INSUFFICIENT
CAGR | TATAMOTORS | 2018-03 | eps_cagr_10yr | INSUFFICIENT
CAGR | TATAMOTORS | 2019-03 | revenue_cagr_10yr | INSUFFICIENT
CAGR | TATAMOTORS | 2019-03 | pat_cagr_3yr | DECLINE_TO_LOSS
CAGR | TATAMOTORS | 2019-03 | pat_cagr_5yr | DECLINE_TO_LOSS
CAGR | TATAMOTORS | 2019-03 | pat_cagr_10yr | INSUFFICIENT
CAGR | TATAMOTORS | 2019-03 | eps_cagr_3yr | DECLINE_TO_LOSS
CAGR | TATAMOTORS | 2019-03 | eps_cagr_5yr | DECLINE_TO_LOSS
CAGR | TATAMOTORS | 2019-03 | eps_cagr_10yr | INSUFFICIENT
CAGR | TATAMOTORS | 2020-03 | revenue_cagr_10yr | INSUFFICIENT
CAGR | TATAMOTORS | 2020-03 | pat_cagr_3yr | DECLINE_TO_LOSS
CAGR | TATAMOTORS | 2020-03 | pat_cagr_5yr | DECLINE_TO_LOSS
CAGR | TATAMOTORS | 2020-03 | pat_cagr_10yr | INSUFFICIENT
CAGR | TATAMOTORS | 2020-03 | eps_cagr_3yr | DECLINE_TO_LOSS
CAGR | TATAMOTORS | 2020-03 | eps_cagr_5yr | DECLINE_TO_LOSS
CAGR | TATAMOTORS | 2020-03 | eps_cagr_10yr | INSUFFICIENT
CAGR | TATAMOTORS | 2021-03 | revenue_cagr_10yr | INSUFFICIENT
CAGR | TATAMOTORS | 2021-03 | pat_cagr_3yr | DECLINE_TO_LOSS
CAGR | TATAMOTORS | 2021-03 | pat_cagr_5yr | DECLINE_TO_LOSS
CAGR | TATAMOTORS | 2021-03 | pat_cagr_10yr | INSUFFICIENT
CAGR | TATAMOTORS | 2021-03 | eps_cagr_3yr | DECLINE_TO_LOSS
CAGR | TATAMOTORS | 2021-03 | eps_cagr_5yr | DECLINE_TO_LOSS
CAGR | TATAMOTORS | 2021-03 | eps_cagr_10yr | INSUFFICIENT
CAGR | TATAMOTORS | 2022-03 | revenue_cagr_10yr | INSUFFICIENT
CAGR | TATAMOTORS | 2022-03 | pat_cagr_3yr | BOTH_NEGATIVE
CAGR | TATAMOTORS | 2022-03 | pat_cagr_5yr | DECLINE_TO_LOSS
CAGR | TATAMOTORS | 2022-03 | pat_cagr_10yr | INSUFFICIENT
CAGR | TATAMOTORS | 2022-03 | eps_cagr_3yr | BOTH_NEGATIVE
CAGR | TATAMOTORS | 2022-03 | eps_cagr_5yr | DECLINE_TO_LOSS
CAGR | TATAMOTORS | 2022-03 | eps_cagr_10yr | INSUFFICIENT
CAGR | TATAMOTORS | 2023-03 | pat_cagr_3yr | TURNAROUND
CAGR | TATAMOTORS | 2023-03 | eps_cagr_3yr | TURNAROUND
CAGR | TATAMOTORS | 2024-03 | pat_cagr_3yr | TURNAROUND
CAGR | TATAMOTORS | 2024-03 | pat_cagr_5yr | TURNAROUND
CAGR | TATAMOTORS | 2024-03 | eps_cagr_3yr | TURNAROUND
CAGR | TATAMOTORS | 2024-03 | eps_cagr_5yr | TURNAROUND
CAGR | TATAMOTORS | 2024-09 | revenue_cagr_3yr | INSUFFICIENT
CAGR | TATAMOTORS | 2024-09 | revenue_cagr_5yr | INSUFFICIENT
CAGR | TATAMOTORS | 2024-09 | revenue_cagr_10yr | INSUFFICIENT
CAGR | TATAMOTORS | 2024-09 | pat_cagr_3yr | INSUFFICIENT
CAGR | TATAMOTORS | 2024-09 | pat_cagr_5yr | INSUFFICIENT
CAGR | TATAMOTORS | 2024-09 | pat_cagr_10yr | INSUFFICIENT
CAGR | TATAMOTORS | 2024-09 | eps_cagr_3yr | INSUFFICIENT
CAGR | TATAMOTORS | 2024-09 | eps_cagr_5yr | INSUFFICIENT
CAGR | TATAMOTORS | 2024-09 | eps_cagr_10yr | INSUFFICIENT
CAGR | TATAPOWER | 2013-03 | revenue_cagr_3yr | INSUFFICIENT
CAGR | TATAPOWER | 2013-03 | revenue_cagr_5yr | INSUFFICIENT
CAGR | TATAPOWER | 2013-03 | revenue_cagr_10yr | INSUFFICIENT
CAGR | TATAPOWER | 2013-03 | pat_cagr_3yr | INSUFFICIENT
CAGR | TATAPOWER | 2013-03 | pat_cagr_5yr | INSUFFICIENT
CAGR | TATAPOWER | 2013-03 | pat_cagr_10yr | INSUFFICIENT
CAGR | TATAPOWER | 2013-03 | eps_cagr_3yr | INSUFFICIENT
CAGR | TATAPOWER | 2013-03 | eps_cagr_5yr | INSUFFICIENT
CAGR | TATAPOWER | 2013-03 | eps_cagr_10yr | INSUFFICIENT
CAGR | TATAPOWER | 2014-03 | revenue_cagr_3yr | INSUFFICIENT
CAGR | TATAPOWER | 2014-03 | revenue_cagr_5yr | INSUFFICIENT
CAGR | TATAPOWER | 2014-03 | revenue_cagr_10yr | INSUFFICIENT
CAGR | TATAPOWER | 2014-03 | pat_cagr_3yr | INSUFFICIENT
CAGR | TATAPOWER | 2014-03 | pat_cagr_5yr | INSUFFICIENT
CAGR | TATAPOWER | 2014-03 | pat_cagr_10yr | INSUFFICIENT
CAGR | TATAPOWER | 2014-03 | eps_cagr_3yr | INSUFFICIENT
CAGR | TATAPOWER | 2014-03 | eps_cagr_5yr | INSUFFICIENT
CAGR | TATAPOWER | 2014-03 | eps_cagr_10yr | INSUFFICIENT
CAGR | TATAPOWER | 2015-03 | revenue_cagr_3yr | INSUFFICIENT
CAGR | TATAPOWER | 2015-03 | revenue_cagr_5yr | INSUFFICIENT
CAGR | TATAPOWER | 2015-03 | revenue_cagr_10yr | INSUFFICIENT
CAGR | TATAPOWER | 2015-03 | pat_cagr_3yr | INSUFFICIENT
CAGR | TATAPOWER | 2015-03 | pat_cagr_5yr | INSUFFICIENT
CAGR | TATAPOWER | 2015-03 | pat_cagr_10yr | INSUFFICIENT
CAGR | TATAPOWER | 2015-03 | eps_cagr_3yr | INSUFFICIENT
CAGR | TATAPOWER | 2015-03 | eps_cagr_5yr | INSUFFICIENT
CAGR | TATAPOWER | 2015-03 | eps_cagr_10yr | INSUFFICIENT
CAGR | TATAPOWER | 2016-03 | revenue_cagr_5yr | INSUFFICIENT
CAGR | TATAPOWER | 2016-03 | revenue_cagr_10yr | INSUFFICIENT
CAGR | TATAPOWER | 2016-03 | pat_cagr_5yr | INSUFFICIENT
CAGR | TATAPOWER | 2016-03 | pat_cagr_10yr | INSUFFICIENT
CAGR | TATAPOWER | 2016-03 | eps_cagr_3yr | ZERO_BASE
CAGR | TATAPOWER | 2016-03 | eps_cagr_5yr | INSUFFICIENT
CAGR | TATAPOWER | 2016-03 | eps_cagr_10yr | INSUFFICIENT
CAGR | TATAPOWER | 2017-03 | revenue_cagr_5yr | INSUFFICIENT
CAGR | TATAPOWER | 2017-03 | revenue_cagr_10yr | INSUFFICIENT
CAGR | TATAPOWER | 2017-03 | pat_cagr_5yr | INSUFFICIENT
CAGR | TATAPOWER | 2017-03 | pat_cagr_10yr | INSUFFICIENT
CAGR | TATAPOWER | 2017-03 | eps_cagr_3yr | TURNAROUND
CAGR | TATAPOWER | 2017-03 | eps_cagr_5yr | INSUFFICIENT
CAGR | TATAPOWER | 2017-03 | eps_cagr_10yr | INSUFFICIENT
CAGR | TATAPOWER | 2018-03 | revenue_cagr_10yr | INSUFFICIENT
CAGR | TATAPOWER | 2018-03 | pat_cagr_10yr | INSUFFICIENT
CAGR | TATAPOWER | 2018-03 | eps_cagr_5yr | ZERO_BASE
CAGR | TATAPOWER | 2018-03 | eps_cagr_10yr | INSUFFICIENT
CAGR | TATAPOWER | 2019-03 | revenue_cagr_10yr | INSUFFICIENT
CAGR | TATAPOWER | 2019-03 | pat_cagr_10yr | INSUFFICIENT
CAGR | TATAPOWER | 2019-03 | eps_cagr_5yr | TURNAROUND
CAGR | TATAPOWER | 2019-03 | eps_cagr_10yr | INSUFFICIENT
CAGR | TATAPOWER | 2020-03 | revenue_cagr_10yr | INSUFFICIENT
CAGR | TATAPOWER | 2020-03 | pat_cagr_10yr | INSUFFICIENT
CAGR | TATAPOWER | 2020-03 | eps_cagr_10yr | INSUFFICIENT
CAGR | TATAPOWER | 2021-03 | revenue_cagr_10yr | INSUFFICIENT
CAGR | TATAPOWER | 2021-03 | pat_cagr_10yr | INSUFFICIENT
CAGR | TATAPOWER | 2021-03 | eps_cagr_10yr | INSUFFICIENT
CAGR | TATAPOWER | 2022-03 | revenue_cagr_10yr | INSUFFICIENT
CAGR | TATAPOWER | 2022-03 | pat_cagr_10yr | INSUFFICIENT
CAGR | TATAPOWER | 2022-03 | eps_cagr_10yr | INSUFFICIENT
CAGR | TATAPOWER | 2023-03 | eps_cagr_10yr | ZERO_BASE
CAGR | TATAPOWER | 2024-03 | eps_cagr_10yr | TURNAROUND
CAGR | TATAPOWER | 2024-09 | revenue_cagr_3yr | INSUFFICIENT
CAGR | TATAPOWER | 2024-09 | revenue_cagr_5yr | INSUFFICIENT
CAGR | TATAPOWER | 2024-09 | revenue_cagr_10yr | INSUFFICIENT
CAGR | TATAPOWER | 2024-09 | pat_cagr_3yr | INSUFFICIENT
CAGR | TATAPOWER | 2024-09 | pat_cagr_5yr | INSUFFICIENT
CAGR | TATAPOWER | 2024-09 | pat_cagr_10yr | INSUFFICIENT
CAGR | TATAPOWER | 2024-09 | eps_cagr_3yr | INSUFFICIENT
CAGR | TATAPOWER | 2024-09 | eps_cagr_5yr | INSUFFICIENT
CAGR | TATAPOWER | 2024-09 | eps_cagr_10yr | INSUFFICIENT
CAGR | TATASTEEL | 2013-03 | revenue_cagr_3yr | INSUFFICIENT
CAGR | TATASTEEL | 2013-03 | revenue_cagr_5yr | INSUFFICIENT
CAGR | TATASTEEL | 2013-03 | revenue_cagr_10yr | INSUFFICIENT
CAGR | TATASTEEL | 2013-03 | pat_cagr_3yr | INSUFFICIENT
CAGR | TATASTEEL | 2013-03 | pat_cagr_5yr | INSUFFICIENT
CAGR | TATASTEEL | 2013-03 | pat_cagr_10yr | INSUFFICIENT
CAGR | TATASTEEL | 2013-03 | eps_cagr_3yr | INSUFFICIENT
CAGR | TATASTEEL | 2013-03 | eps_cagr_5yr | INSUFFICIENT
CAGR | TATASTEEL | 2013-03 | eps_cagr_10yr | INSUFFICIENT
CAGR | TATASTEEL | 2014-03 | revenue_cagr_3yr | INSUFFICIENT
CAGR | TATASTEEL | 2014-03 | revenue_cagr_5yr | INSUFFICIENT
CAGR | TATASTEEL | 2014-03 | revenue_cagr_10yr | INSUFFICIENT
CAGR | TATASTEEL | 2014-03 | pat_cagr_3yr | INSUFFICIENT
CAGR | TATASTEEL | 2014-03 | pat_cagr_5yr | INSUFFICIENT
CAGR | TATASTEEL | 2014-03 | pat_cagr_10yr | INSUFFICIENT
CAGR | TATASTEEL | 2014-03 | eps_cagr_3yr | INSUFFICIENT
CAGR | TATASTEEL | 2014-03 | eps_cagr_5yr | INSUFFICIENT
CAGR | TATASTEEL | 2014-03 | eps_cagr_10yr | INSUFFICIENT
CAGR | TATASTEEL | 2015-03 | revenue_cagr_3yr | INSUFFICIENT
CAGR | TATASTEEL | 2015-03 | revenue_cagr_5yr | INSUFFICIENT
CAGR | TATASTEEL | 2015-03 | revenue_cagr_10yr | INSUFFICIENT
CAGR | TATASTEEL | 2015-03 | pat_cagr_3yr | INSUFFICIENT
CAGR | TATASTEEL | 2015-03 | pat_cagr_5yr | INSUFFICIENT
CAGR | TATASTEEL | 2015-03 | pat_cagr_10yr | INSUFFICIENT
CAGR | TATASTEEL | 2015-03 | eps_cagr_3yr | INSUFFICIENT
CAGR | TATASTEEL | 2015-03 | eps_cagr_5yr | INSUFFICIENT
CAGR | TATASTEEL | 2015-03 | eps_cagr_10yr | INSUFFICIENT
CAGR | TATASTEEL | 2016-03 | revenue_cagr_5yr | INSUFFICIENT
CAGR | TATASTEEL | 2016-03 | revenue_cagr_10yr | INSUFFICIENT
CAGR | TATASTEEL | 2016-03 | pat_cagr_3yr | BOTH_NEGATIVE
CAGR | TATASTEEL | 2016-03 | pat_cagr_5yr | INSUFFICIENT
CAGR | TATASTEEL | 2016-03 | pat_cagr_10yr | INSUFFICIENT
CAGR | TATASTEEL | 2016-03 | eps_cagr_5yr | INSUFFICIENT
CAGR | TATASTEEL | 2016-03 | eps_cagr_10yr | INSUFFICIENT
CAGR | TATASTEEL | 2017-03 | revenue_cagr_5yr | INSUFFICIENT
CAGR | TATASTEEL | 2017-03 | revenue_cagr_10yr | INSUFFICIENT
CAGR | TATASTEEL | 2017-03 | pat_cagr_3yr | DECLINE_TO_LOSS
CAGR | TATASTEEL | 2017-03 | pat_cagr_5yr | INSUFFICIENT
CAGR | TATASTEEL | 2017-03 | pat_cagr_10yr | INSUFFICIENT
CAGR | TATASTEEL | 2017-03 | eps_cagr_3yr | DECLINE_TO_LOSS
CAGR | TATASTEEL | 2017-03 | eps_cagr_5yr | INSUFFICIENT
CAGR | TATASTEEL | 2017-03 | eps_cagr_10yr | INSUFFICIENT
CAGR | TATASTEEL | 2018-03 | revenue_cagr_10yr | INSUFFICIENT
CAGR | TATASTEEL | 2018-03 | pat_cagr_3yr | TURNAROUND
CAGR | TATASTEEL | 2018-03 | pat_cagr_5yr | TURNAROUND
CAGR | TATASTEEL | 2018-03 | pat_cagr_10yr | INSUFFICIENT
CAGR | TATASTEEL | 2018-03 | eps_cagr_3yr | TURNAROUND
CAGR | TATASTEEL | 2018-03 | eps_cagr_5yr | TURNAROUND
CAGR | TATASTEEL | 2018-03 | eps_cagr_10yr | INSUFFICIENT
CAGR | TATASTEEL | 2019-03 | revenue_cagr_10yr | INSUFFICIENT
CAGR | TATASTEEL | 2019-03 | pat_cagr_3yr | TURNAROUND
CAGR | TATASTEEL | 2019-03 | pat_cagr_10yr | INSUFFICIENT
CAGR | TATASTEEL | 2019-03 | eps_cagr_3yr | ZERO_BASE
CAGR | TATASTEEL | 2019-03 | eps_cagr_10yr | INSUFFICIENT
CAGR | TATASTEEL | 2020-03 | revenue_cagr_10yr | INSUFFICIENT
CAGR | TATASTEEL | 2020-03 | pat_cagr_3yr | TURNAROUND
CAGR | TATASTEEL | 2020-03 | pat_cagr_5yr | TURNAROUND
CAGR | TATASTEEL | 2020-03 | pat_cagr_10yr | INSUFFICIENT
CAGR | TATASTEEL | 2020-03 | eps_cagr_3yr | TURNAROUND
CAGR | TATASTEEL | 2020-03 | eps_cagr_5yr | TURNAROUND
CAGR | TATASTEEL | 2020-03 | eps_cagr_10yr | INSUFFICIENT
CAGR | TATASTEEL | 2021-03 | revenue_cagr_10yr | INSUFFICIENT
CAGR | TATASTEEL | 2021-03 | pat_cagr_5yr | TURNAROUND
CAGR | TATASTEEL | 2021-03 | pat_cagr_10yr | INSUFFICIENT
CAGR | TATASTEEL | 2021-03 | eps_cagr_5yr | ZERO_BASE
CAGR | TATASTEEL | 2021-03 | eps_cagr_10yr | INSUFFICIENT
CAGR | TATASTEEL | 2022-03 | revenue_cagr_10yr | INSUFFICIENT
CAGR | TATASTEEL | 2022-03 | pat_cagr_5yr | TURNAROUND
CAGR | TATASTEEL | 2022-03 | pat_cagr_10yr | INSUFFICIENT
CAGR | TATASTEEL | 2022-03 | eps_cagr_5yr | TURNAROUND
CAGR | TATASTEEL | 2022-03 | eps_cagr_10yr | INSUFFICIENT
CAGR | TATASTEEL | 2023-03 | pat_cagr_10yr | TURNAROUND
CAGR | TATASTEEL | 2023-03 | eps_cagr_10yr | TURNAROUND
CAGR | TATASTEEL | 2024-03 | pat_cagr_3yr | DECLINE_TO_LOSS
CAGR | TATASTEEL | 2024-03 | pat_cagr_5yr | DECLINE_TO_LOSS
CAGR | TATASTEEL | 2024-03 | pat_cagr_10yr | DECLINE_TO_LOSS
CAGR | TATASTEEL | 2024-03 | eps_cagr_3yr | DECLINE_TO_LOSS
CAGR | TATASTEEL | 2024-03 | eps_cagr_5yr | DECLINE_TO_LOSS
CAGR | TATASTEEL | 2024-03 | eps_cagr_10yr | DECLINE_TO_LOSS
CAGR | TATASTEEL | 2024-09 | revenue_cagr_3yr | INSUFFICIENT
CAGR | TATASTEEL | 2024-09 | revenue_cagr_5yr | INSUFFICIENT
CAGR | TATASTEEL | 2024-09 | revenue_cagr_10yr | INSUFFICIENT
CAGR | TATASTEEL | 2024-09 | pat_cagr_3yr | INSUFFICIENT
CAGR | TATASTEEL | 2024-09 | pat_cagr_5yr | INSUFFICIENT
CAGR | TATASTEEL | 2024-09 | pat_cagr_10yr | INSUFFICIENT
CAGR | TATASTEEL | 2024-09 | eps_cagr_3yr | INSUFFICIENT
CAGR | TATASTEEL | 2024-09 | eps_cagr_5yr | INSUFFICIENT
CAGR | TATASTEEL | 2024-09 | eps_cagr_10yr | INSUFFICIENT
CAGR | TCS | 2013-03 | revenue_cagr_3yr | INSUFFICIENT
CAGR | TCS | 2013-03 | revenue_cagr_5yr | INSUFFICIENT
CAGR | TCS | 2013-03 | revenue_cagr_10yr | INSUFFICIENT
CAGR | TCS | 2013-03 | pat_cagr_3yr | INSUFFICIENT
CAGR | TCS | 2013-03 | pat_cagr_5yr | INSUFFICIENT
CAGR | TCS | 2013-03 | pat_cagr_10yr | INSUFFICIENT
CAGR | TCS | 2013-03 | eps_cagr_3yr | INSUFFICIENT
CAGR | TCS | 2013-03 | eps_cagr_5yr | INSUFFICIENT
CAGR | TCS | 2013-03 | eps_cagr_10yr | INSUFFICIENT
CAGR | TCS | 2014-03 | revenue_cagr_3yr | INSUFFICIENT
CAGR | TCS | 2014-03 | revenue_cagr_5yr | INSUFFICIENT
CAGR | TCS | 2014-03 | revenue_cagr_10yr | INSUFFICIENT
CAGR | TCS | 2014-03 | pat_cagr_3yr | INSUFFICIENT
CAGR | TCS | 2014-03 | pat_cagr_5yr | INSUFFICIENT
CAGR | TCS | 2014-03 | pat_cagr_10yr | INSUFFICIENT
CAGR | TCS | 2014-03 | eps_cagr_3yr | INSUFFICIENT
CAGR | TCS | 2014-03 | eps_cagr_5yr | INSUFFICIENT
CAGR | TCS | 2014-03 | eps_cagr_10yr | INSUFFICIENT
CAGR | TCS | 2015-03 | revenue_cagr_3yr | INSUFFICIENT
CAGR | TCS | 2015-03 | revenue_cagr_5yr | INSUFFICIENT
CAGR | TCS | 2015-03 | revenue_cagr_10yr | INSUFFICIENT
CAGR | TCS | 2015-03 | pat_cagr_3yr | INSUFFICIENT
CAGR | TCS | 2015-03 | pat_cagr_5yr | INSUFFICIENT
CAGR | TCS | 2015-03 | pat_cagr_10yr | INSUFFICIENT
CAGR | TCS | 2015-03 | eps_cagr_3yr | INSUFFICIENT
CAGR | TCS | 2015-03 | eps_cagr_5yr | INSUFFICIENT
CAGR | TCS | 2015-03 | eps_cagr_10yr | INSUFFICIENT
CAGR | TCS | 2016-03 | revenue_cagr_5yr | INSUFFICIENT
CAGR | TCS | 2016-03 | revenue_cagr_10yr | INSUFFICIENT
CAGR | TCS | 2016-03 | pat_cagr_5yr | INSUFFICIENT
CAGR | TCS | 2016-03 | pat_cagr_10yr | INSUFFICIENT
CAGR | TCS | 2016-03 | eps_cagr_5yr | INSUFFICIENT
CAGR | TCS | 2016-03 | eps_cagr_10yr | INSUFFICIENT
CAGR | TCS | 2017-03 | revenue_cagr_5yr | INSUFFICIENT
CAGR | TCS | 2017-03 | revenue_cagr_10yr | INSUFFICIENT
CAGR | TCS | 2017-03 | pat_cagr_5yr | INSUFFICIENT
CAGR | TCS | 2017-03 | pat_cagr_10yr | INSUFFICIENT
CAGR | TCS | 2017-03 | eps_cagr_5yr | INSUFFICIENT
CAGR | TCS | 2017-03 | eps_cagr_10yr | INSUFFICIENT
CAGR | TCS | 2018-03 | revenue_cagr_10yr | INSUFFICIENT
CAGR | TCS | 2018-03 | pat_cagr_10yr | INSUFFICIENT
CAGR | TCS | 2018-03 | eps_cagr_10yr | INSUFFICIENT
CAGR | TCS | 2019-03 | revenue_cagr_10yr | INSUFFICIENT
CAGR | TCS | 2019-03 | pat_cagr_10yr | INSUFFICIENT
CAGR | TCS | 2019-03 | eps_cagr_10yr | INSUFFICIENT
CAGR | TCS | 2020-03 | revenue_cagr_10yr | INSUFFICIENT
CAGR | TCS | 2020-03 | pat_cagr_10yr | INSUFFICIENT
CAGR | TCS | 2020-03 | eps_cagr_10yr | INSUFFICIENT
CAGR | TCS | 2021-03 | revenue_cagr_10yr | INSUFFICIENT
CAGR | TCS | 2021-03 | pat_cagr_10yr | INSUFFICIENT
CAGR | TCS | 2021-03 | eps_cagr_10yr | INSUFFICIENT
CAGR | TCS | 2022-03 | revenue_cagr_10yr | INSUFFICIENT
CAGR | TCS | 2022-03 | pat_cagr_10yr | INSUFFICIENT
CAGR | TCS | 2022-03 | eps_cagr_10yr | INSUFFICIENT
CAGR | TCS | 2024-09 | revenue_cagr_3yr | INSUFFICIENT
CAGR | TCS | 2024-09 | revenue_cagr_5yr | INSUFFICIENT
CAGR | TCS | 2024-09 | revenue_cagr_10yr | INSUFFICIENT
CAGR | TCS | 2024-09 | pat_cagr_3yr | INSUFFICIENT
CAGR | TCS | 2024-09 | pat_cagr_5yr | INSUFFICIENT
CAGR | TCS | 2024-09 | pat_cagr_10yr | INSUFFICIENT
CAGR | TCS | 2024-09 | eps_cagr_3yr | INSUFFICIENT
CAGR | TCS | 2024-09 | eps_cagr_5yr | INSUFFICIENT
CAGR | TCS | 2024-09 | eps_cagr_10yr | INSUFFICIENT
CAGR | TECHM | 2013-03 | revenue_cagr_3yr | INSUFFICIENT
CAGR | TECHM | 2013-03 | revenue_cagr_5yr | INSUFFICIENT
CAGR | TECHM | 2013-03 | revenue_cagr_10yr | INSUFFICIENT
CAGR | TECHM | 2013-03 | pat_cagr_3yr | INSUFFICIENT
CAGR | TECHM | 2013-03 | pat_cagr_5yr | INSUFFICIENT
CAGR | TECHM | 2013-03 | pat_cagr_10yr | INSUFFICIENT
CAGR | TECHM | 2013-03 | eps_cagr_3yr | INSUFFICIENT
CAGR | TECHM | 2013-03 | eps_cagr_5yr | INSUFFICIENT
CAGR | TECHM | 2013-03 | eps_cagr_10yr | INSUFFICIENT
CAGR | TECHM | 2014-03 | revenue_cagr_3yr | INSUFFICIENT
CAGR | TECHM | 2014-03 | revenue_cagr_5yr | INSUFFICIENT
CAGR | TECHM | 2014-03 | revenue_cagr_10yr | INSUFFICIENT
CAGR | TECHM | 2014-03 | pat_cagr_3yr | INSUFFICIENT
CAGR | TECHM | 2014-03 | pat_cagr_5yr | INSUFFICIENT
CAGR | TECHM | 2014-03 | pat_cagr_10yr | INSUFFICIENT
CAGR | TECHM | 2014-03 | eps_cagr_3yr | INSUFFICIENT
CAGR | TECHM | 2014-03 | eps_cagr_5yr | INSUFFICIENT
CAGR | TECHM | 2014-03 | eps_cagr_10yr | INSUFFICIENT
CAGR | TECHM | 2015-03 | revenue_cagr_3yr | INSUFFICIENT
CAGR | TECHM | 2015-03 | revenue_cagr_5yr | INSUFFICIENT
CAGR | TECHM | 2015-03 | revenue_cagr_10yr | INSUFFICIENT
CAGR | TECHM | 2015-03 | pat_cagr_3yr | INSUFFICIENT
CAGR | TECHM | 2015-03 | pat_cagr_5yr | INSUFFICIENT
CAGR | TECHM | 2015-03 | pat_cagr_10yr | INSUFFICIENT
CAGR | TECHM | 2015-03 | eps_cagr_3yr | INSUFFICIENT
CAGR | TECHM | 2015-03 | eps_cagr_5yr | INSUFFICIENT
CAGR | TECHM | 2015-03 | eps_cagr_10yr | INSUFFICIENT
CAGR | TECHM | 2016-03 | revenue_cagr_5yr | INSUFFICIENT
CAGR | TECHM | 2016-03 | revenue_cagr_10yr | INSUFFICIENT
CAGR | TECHM | 2016-03 | pat_cagr_5yr | INSUFFICIENT
CAGR | TECHM | 2016-03 | pat_cagr_10yr | INSUFFICIENT
CAGR | TECHM | 2016-03 | eps_cagr_5yr | INSUFFICIENT
CAGR | TECHM | 2016-03 | eps_cagr_10yr | INSUFFICIENT
CAGR | TECHM | 2017-03 | revenue_cagr_5yr | INSUFFICIENT
CAGR | TECHM | 2017-03 | revenue_cagr_10yr | INSUFFICIENT
CAGR | TECHM | 2017-03 | pat_cagr_5yr | INSUFFICIENT
CAGR | TECHM | 2017-03 | pat_cagr_10yr | INSUFFICIENT
CAGR | TECHM | 2017-03 | eps_cagr_5yr | INSUFFICIENT
CAGR | TECHM | 2017-03 | eps_cagr_10yr | INSUFFICIENT
CAGR | TECHM | 2018-03 | revenue_cagr_10yr | INSUFFICIENT
CAGR | TECHM | 2018-03 | pat_cagr_10yr | INSUFFICIENT
CAGR | TECHM | 2018-03 | eps_cagr_10yr | INSUFFICIENT
CAGR | TECHM | 2019-03 | revenue_cagr_10yr | INSUFFICIENT
CAGR | TECHM | 2019-03 | pat_cagr_10yr | INSUFFICIENT
CAGR | TECHM | 2019-03 | eps_cagr_10yr | INSUFFICIENT
CAGR | TECHM | 2020-03 | revenue_cagr_10yr | INSUFFICIENT
CAGR | TECHM | 2020-03 | pat_cagr_10yr | INSUFFICIENT
CAGR | TECHM | 2020-03 | eps_cagr_10yr | INSUFFICIENT
CAGR | TECHM | 2021-03 | revenue_cagr_10yr | INSUFFICIENT
CAGR | TECHM | 2021-03 | pat_cagr_10yr | INSUFFICIENT
CAGR | TECHM | 2021-03 | eps_cagr_10yr | INSUFFICIENT
CAGR | TECHM | 2022-03 | revenue_cagr_10yr | INSUFFICIENT
CAGR | TECHM | 2022-03 | pat_cagr_10yr | INSUFFICIENT
CAGR | TECHM | 2022-03 | eps_cagr_10yr | INSUFFICIENT
CAGR | TECHM | 2024-09 | revenue_cagr_3yr | INSUFFICIENT
CAGR | TECHM | 2024-09 | revenue_cagr_5yr | INSUFFICIENT
CAGR | TECHM | 2024-09 | revenue_cagr_10yr | INSUFFICIENT
CAGR | TECHM | 2024-09 | pat_cagr_3yr | INSUFFICIENT
CAGR | TECHM | 2024-09 | pat_cagr_5yr | INSUFFICIENT
CAGR | TECHM | 2024-09 | pat_cagr_10yr | INSUFFICIENT
CAGR | TECHM | 2024-09 | eps_cagr_3yr | INSUFFICIENT
CAGR | TECHM | 2024-09 | eps_cagr_5yr | INSUFFICIENT
CAGR | TECHM | 2024-09 | eps_cagr_10yr | INSUFFICIENT
CAGR | TITAN | 2013-03 | revenue_cagr_3yr | INSUFFICIENT
CAGR | TITAN | 2013-03 | revenue_cagr_5yr | INSUFFICIENT
CAGR | TITAN | 2013-03 | revenue_cagr_10yr | INSUFFICIENT
CAGR | TITAN | 2013-03 | pat_cagr_3yr | INSUFFICIENT
CAGR | TITAN | 2013-03 | pat_cagr_5yr | INSUFFICIENT
CAGR | TITAN | 2013-03 | pat_cagr_10yr | INSUFFICIENT
CAGR | TITAN | 2013-03 | eps_cagr_3yr | INSUFFICIENT
CAGR | TITAN | 2013-03 | eps_cagr_5yr | INSUFFICIENT
CAGR | TITAN | 2013-03 | eps_cagr_10yr | INSUFFICIENT
CAGR | TITAN | 2014-03 | revenue_cagr_3yr | INSUFFICIENT
CAGR | TITAN | 2014-03 | revenue_cagr_5yr | INSUFFICIENT
CAGR | TITAN | 2014-03 | revenue_cagr_10yr | INSUFFICIENT
CAGR | TITAN | 2014-03 | pat_cagr_3yr | INSUFFICIENT
CAGR | TITAN | 2014-03 | pat_cagr_5yr | INSUFFICIENT
CAGR | TITAN | 2014-03 | pat_cagr_10yr | INSUFFICIENT
CAGR | TITAN | 2014-03 | eps_cagr_3yr | INSUFFICIENT
CAGR | TITAN | 2014-03 | eps_cagr_5yr | INSUFFICIENT
CAGR | TITAN | 2014-03 | eps_cagr_10yr | INSUFFICIENT
CAGR | TITAN | 2015-03 | revenue_cagr_3yr | INSUFFICIENT
CAGR | TITAN | 2015-03 | revenue_cagr_5yr | INSUFFICIENT
CAGR | TITAN | 2015-03 | revenue_cagr_10yr | INSUFFICIENT
CAGR | TITAN | 2015-03 | pat_cagr_3yr | INSUFFICIENT
CAGR | TITAN | 2015-03 | pat_cagr_5yr | INSUFFICIENT
CAGR | TITAN | 2015-03 | pat_cagr_10yr | INSUFFICIENT
CAGR | TITAN | 2015-03 | eps_cagr_3yr | INSUFFICIENT
CAGR | TITAN | 2015-03 | eps_cagr_5yr | INSUFFICIENT
CAGR | TITAN | 2015-03 | eps_cagr_10yr | INSUFFICIENT
CAGR | TITAN | 2016-03 | revenue_cagr_5yr | INSUFFICIENT
CAGR | TITAN | 2016-03 | revenue_cagr_10yr | INSUFFICIENT
CAGR | TITAN | 2016-03 | pat_cagr_5yr | INSUFFICIENT
CAGR | TITAN | 2016-03 | pat_cagr_10yr | INSUFFICIENT
CAGR | TITAN | 2016-03 | eps_cagr_5yr | INSUFFICIENT
CAGR | TITAN | 2016-03 | eps_cagr_10yr | INSUFFICIENT
CAGR | TITAN | 2017-03 | revenue_cagr_5yr | INSUFFICIENT
CAGR | TITAN | 2017-03 | revenue_cagr_10yr | INSUFFICIENT
CAGR | TITAN | 2017-03 | pat_cagr_5yr | INSUFFICIENT
CAGR | TITAN | 2017-03 | pat_cagr_10yr | INSUFFICIENT
CAGR | TITAN | 2017-03 | eps_cagr_5yr | INSUFFICIENT
CAGR | TITAN | 2017-03 | eps_cagr_10yr | INSUFFICIENT
CAGR | TITAN | 2018-03 | revenue_cagr_10yr | INSUFFICIENT
CAGR | TITAN | 2018-03 | pat_cagr_10yr | INSUFFICIENT
CAGR | TITAN | 2018-03 | eps_cagr_10yr | INSUFFICIENT
CAGR | TITAN | 2019-03 | revenue_cagr_10yr | INSUFFICIENT
CAGR | TITAN | 2019-03 | pat_cagr_10yr | INSUFFICIENT
CAGR | TITAN | 2019-03 | eps_cagr_10yr | INSUFFICIENT
CAGR | TITAN | 2020-03 | revenue_cagr_10yr | INSUFFICIENT
CAGR | TITAN | 2020-03 | pat_cagr_10yr | INSUFFICIENT
CAGR | TITAN | 2020-03 | eps_cagr_10yr | INSUFFICIENT
CAGR | TITAN | 2021-03 | revenue_cagr_10yr | INSUFFICIENT
CAGR | TITAN | 2021-03 | pat_cagr_10yr | INSUFFICIENT
CAGR | TITAN | 2021-03 | eps_cagr_10yr | INSUFFICIENT
CAGR | TITAN | 2022-03 | revenue_cagr_10yr | INSUFFICIENT
CAGR | TITAN | 2022-03 | pat_cagr_10yr | INSUFFICIENT
CAGR | TITAN | 2022-03 | eps_cagr_10yr | INSUFFICIENT
CAGR | TITAN | 2024-09 | revenue_cagr_3yr | INSUFFICIENT
CAGR | TITAN | 2024-09 | revenue_cagr_5yr | INSUFFICIENT
CAGR | TITAN | 2024-09 | revenue_cagr_10yr | INSUFFICIENT
CAGR | TITAN | 2024-09 | pat_cagr_3yr | INSUFFICIENT
CAGR | TITAN | 2024-09 | pat_cagr_5yr | INSUFFICIENT
CAGR | TITAN | 2024-09 | pat_cagr_10yr | INSUFFICIENT
CAGR | TITAN | 2024-09 | eps_cagr_3yr | INSUFFICIENT
CAGR | TITAN | 2024-09 | eps_cagr_5yr | INSUFFICIENT
CAGR | TITAN | 2024-09 | eps_cagr_10yr | INSUFFICIENT
CAGR | TORNTPHARM | 2013-03 | revenue_cagr_3yr | INSUFFICIENT
CAGR | TORNTPHARM | 2013-03 | revenue_cagr_5yr | INSUFFICIENT
CAGR | TORNTPHARM | 2013-03 | revenue_cagr_10yr | INSUFFICIENT
CAGR | TORNTPHARM | 2013-03 | pat_cagr_3yr | INSUFFICIENT
CAGR | TORNTPHARM | 2013-03 | pat_cagr_5yr | INSUFFICIENT
CAGR | TORNTPHARM | 2013-03 | pat_cagr_10yr | INSUFFICIENT
CAGR | TORNTPHARM | 2013-03 | eps_cagr_3yr | INSUFFICIENT
CAGR | TORNTPHARM | 2013-03 | eps_cagr_5yr | INSUFFICIENT
CAGR | TORNTPHARM | 2013-03 | eps_cagr_10yr | INSUFFICIENT
CAGR | TORNTPHARM | 2014-03 | revenue_cagr_3yr | INSUFFICIENT
CAGR | TORNTPHARM | 2014-03 | revenue_cagr_5yr | INSUFFICIENT
CAGR | TORNTPHARM | 2014-03 | revenue_cagr_10yr | INSUFFICIENT
CAGR | TORNTPHARM | 2014-03 | pat_cagr_3yr | INSUFFICIENT
CAGR | TORNTPHARM | 2014-03 | pat_cagr_5yr | INSUFFICIENT
CAGR | TORNTPHARM | 2014-03 | pat_cagr_10yr | INSUFFICIENT
CAGR | TORNTPHARM | 2014-03 | eps_cagr_3yr | INSUFFICIENT
CAGR | TORNTPHARM | 2014-03 | eps_cagr_5yr | INSUFFICIENT
CAGR | TORNTPHARM | 2014-03 | eps_cagr_10yr | INSUFFICIENT
CAGR | TORNTPHARM | 2015-03 | revenue_cagr_3yr | INSUFFICIENT
CAGR | TORNTPHARM | 2015-03 | revenue_cagr_5yr | INSUFFICIENT
CAGR | TORNTPHARM | 2015-03 | revenue_cagr_10yr | INSUFFICIENT
CAGR | TORNTPHARM | 2015-03 | pat_cagr_3yr | INSUFFICIENT
CAGR | TORNTPHARM | 2015-03 | pat_cagr_5yr | INSUFFICIENT
CAGR | TORNTPHARM | 2015-03 | pat_cagr_10yr | INSUFFICIENT
CAGR | TORNTPHARM | 2015-03 | eps_cagr_3yr | INSUFFICIENT
CAGR | TORNTPHARM | 2015-03 | eps_cagr_5yr | INSUFFICIENT
CAGR | TORNTPHARM | 2015-03 | eps_cagr_10yr | INSUFFICIENT
CAGR | TORNTPHARM | 2016-03 | revenue_cagr_5yr | INSUFFICIENT
CAGR | TORNTPHARM | 2016-03 | revenue_cagr_10yr | INSUFFICIENT
CAGR | TORNTPHARM | 2016-03 | pat_cagr_5yr | INSUFFICIENT
CAGR | TORNTPHARM | 2016-03 | pat_cagr_10yr | INSUFFICIENT
CAGR | TORNTPHARM | 2016-03 | eps_cagr_5yr | INSUFFICIENT
CAGR | TORNTPHARM | 2016-03 | eps_cagr_10yr | INSUFFICIENT
CAGR | TORNTPHARM | 2017-03 | revenue_cagr_5yr | INSUFFICIENT
CAGR | TORNTPHARM | 2017-03 | revenue_cagr_10yr | INSUFFICIENT
CAGR | TORNTPHARM | 2017-03 | pat_cagr_5yr | INSUFFICIENT
CAGR | TORNTPHARM | 2017-03 | pat_cagr_10yr | INSUFFICIENT
CAGR | TORNTPHARM | 2017-03 | eps_cagr_5yr | INSUFFICIENT
CAGR | TORNTPHARM | 2017-03 | eps_cagr_10yr | INSUFFICIENT
CAGR | TORNTPHARM | 2018-03 | revenue_cagr_10yr | INSUFFICIENT
CAGR | TORNTPHARM | 2018-03 | pat_cagr_10yr | INSUFFICIENT
CAGR | TORNTPHARM | 2018-03 | eps_cagr_10yr | INSUFFICIENT
CAGR | TORNTPHARM | 2019-03 | revenue_cagr_10yr | INSUFFICIENT
CAGR | TORNTPHARM | 2019-03 | pat_cagr_10yr | INSUFFICIENT
CAGR | TORNTPHARM | 2019-03 | eps_cagr_10yr | INSUFFICIENT
CAGR | TORNTPHARM | 2020-03 | revenue_cagr_10yr | INSUFFICIENT
CAGR | TORNTPHARM | 2020-03 | pat_cagr_10yr | INSUFFICIENT
CAGR | TORNTPHARM | 2020-03 | eps_cagr_10yr | INSUFFICIENT
CAGR | TORNTPHARM | 2021-03 | revenue_cagr_10yr | INSUFFICIENT
CAGR | TORNTPHARM | 2021-03 | pat_cagr_10yr | INSUFFICIENT
CAGR | TORNTPHARM | 2021-03 | eps_cagr_10yr | INSUFFICIENT
CAGR | TORNTPHARM | 2022-03 | revenue_cagr_10yr | INSUFFICIENT
CAGR | TORNTPHARM | 2022-03 | pat_cagr_10yr | INSUFFICIENT
CAGR | TORNTPHARM | 2022-03 | eps_cagr_10yr | INSUFFICIENT
CAGR | TORNTPHARM | 2024-09 | revenue_cagr_3yr | INSUFFICIENT
CAGR | TORNTPHARM | 2024-09 | revenue_cagr_5yr | INSUFFICIENT
CAGR | TORNTPHARM | 2024-09 | revenue_cagr_10yr | INSUFFICIENT
CAGR | TORNTPHARM | 2024-09 | pat_cagr_3yr | INSUFFICIENT
CAGR | TORNTPHARM | 2024-09 | pat_cagr_5yr | INSUFFICIENT
CAGR | TORNTPHARM | 2024-09 | pat_cagr_10yr | INSUFFICIENT
CAGR | TORNTPHARM | 2024-09 | eps_cagr_3yr | INSUFFICIENT
CAGR | TORNTPHARM | 2024-09 | eps_cagr_5yr | INSUFFICIENT
CAGR | TORNTPHARM | 2024-09 | eps_cagr_10yr | INSUFFICIENT
CAGR | TRENT | 2013-03 | revenue_cagr_3yr | INSUFFICIENT
CAGR | TRENT | 2013-03 | revenue_cagr_5yr | INSUFFICIENT
CAGR | TRENT | 2013-03 | revenue_cagr_10yr | INSUFFICIENT
CAGR | TRENT | 2013-03 | pat_cagr_3yr | INSUFFICIENT
CAGR | TRENT | 2013-03 | pat_cagr_5yr | INSUFFICIENT
CAGR | TRENT | 2013-03 | pat_cagr_10yr | INSUFFICIENT
CAGR | TRENT | 2013-03 | eps_cagr_3yr | INSUFFICIENT
CAGR | TRENT | 2013-03 | eps_cagr_5yr | INSUFFICIENT
CAGR | TRENT | 2013-03 | eps_cagr_10yr | INSUFFICIENT
CAGR | TRENT | 2014-03 | revenue_cagr_3yr | INSUFFICIENT
CAGR | TRENT | 2014-03 | revenue_cagr_5yr | INSUFFICIENT
CAGR | TRENT | 2014-03 | revenue_cagr_10yr | INSUFFICIENT
CAGR | TRENT | 2014-03 | pat_cagr_3yr | INSUFFICIENT
CAGR | TRENT | 2014-03 | pat_cagr_5yr | INSUFFICIENT
CAGR | TRENT | 2014-03 | pat_cagr_10yr | INSUFFICIENT
CAGR | TRENT | 2014-03 | eps_cagr_3yr | INSUFFICIENT
CAGR | TRENT | 2014-03 | eps_cagr_5yr | INSUFFICIENT
CAGR | TRENT | 2014-03 | eps_cagr_10yr | INSUFFICIENT
CAGR | TRENT | 2015-03 | revenue_cagr_3yr | INSUFFICIENT
CAGR | TRENT | 2015-03 | revenue_cagr_5yr | INSUFFICIENT
CAGR | TRENT | 2015-03 | revenue_cagr_10yr | INSUFFICIENT
CAGR | TRENT | 2015-03 | pat_cagr_3yr | INSUFFICIENT
CAGR | TRENT | 2015-03 | pat_cagr_5yr | INSUFFICIENT
CAGR | TRENT | 2015-03 | pat_cagr_10yr | INSUFFICIENT
CAGR | TRENT | 2015-03 | eps_cagr_3yr | INSUFFICIENT
CAGR | TRENT | 2015-03 | eps_cagr_5yr | INSUFFICIENT
CAGR | TRENT | 2015-03 | eps_cagr_10yr | INSUFFICIENT
CAGR | TRENT | 2016-03 | revenue_cagr_5yr | INSUFFICIENT
CAGR | TRENT | 2016-03 | revenue_cagr_10yr | INSUFFICIENT
CAGR | TRENT | 2016-03 | pat_cagr_3yr | TURNAROUND
CAGR | TRENT | 2016-03 | pat_cagr_5yr | INSUFFICIENT
CAGR | TRENT | 2016-03 | pat_cagr_10yr | INSUFFICIENT
CAGR | TRENT | 2016-03 | eps_cagr_3yr | TURNAROUND
CAGR | TRENT | 2016-03 | eps_cagr_5yr | INSUFFICIENT
CAGR | TRENT | 2016-03 | eps_cagr_10yr | INSUFFICIENT
CAGR | TRENT | 2017-03 | revenue_cagr_5yr | INSUFFICIENT
CAGR | TRENT | 2017-03 | revenue_cagr_10yr | INSUFFICIENT
CAGR | TRENT | 2017-03 | pat_cagr_3yr | TURNAROUND
CAGR | TRENT | 2017-03 | pat_cagr_5yr | INSUFFICIENT
CAGR | TRENT | 2017-03 | pat_cagr_10yr | INSUFFICIENT
CAGR | TRENT | 2017-03 | eps_cagr_3yr | TURNAROUND
CAGR | TRENT | 2017-03 | eps_cagr_5yr | INSUFFICIENT
CAGR | TRENT | 2017-03 | eps_cagr_10yr | INSUFFICIENT
CAGR | TRENT | 2018-03 | revenue_cagr_10yr | INSUFFICIENT
CAGR | TRENT | 2018-03 | pat_cagr_5yr | TURNAROUND
CAGR | TRENT | 2018-03 | pat_cagr_10yr | INSUFFICIENT
CAGR | TRENT | 2018-03 | eps_cagr_5yr | TURNAROUND
CAGR | TRENT | 2018-03 | eps_cagr_10yr | INSUFFICIENT
CAGR | TRENT | 2019-03 | revenue_cagr_10yr | INSUFFICIENT
CAGR | TRENT | 2019-03 | pat_cagr_5yr | TURNAROUND
CAGR | TRENT | 2019-03 | pat_cagr_10yr | INSUFFICIENT
CAGR | TRENT | 2019-03 | eps_cagr_5yr | TURNAROUND
CAGR | TRENT | 2019-03 | eps_cagr_10yr | INSUFFICIENT
CAGR | TRENT | 2020-03 | revenue_cagr_10yr | INSUFFICIENT
CAGR | TRENT | 2020-03 | pat_cagr_10yr | INSUFFICIENT
CAGR | TRENT | 2020-03 | eps_cagr_10yr | INSUFFICIENT
CAGR | TRENT | 2021-03 | revenue_cagr_10yr | INSUFFICIENT
CAGR | TRENT | 2021-03 | pat_cagr_3yr | DECLINE_TO_LOSS
CAGR | TRENT | 2021-03 | pat_cagr_5yr | DECLINE_TO_LOSS
CAGR | TRENT | 2021-03 | pat_cagr_10yr | INSUFFICIENT
CAGR | TRENT | 2021-03 | eps_cagr_3yr | DECLINE_TO_LOSS
CAGR | TRENT | 2021-03 | eps_cagr_5yr | DECLINE_TO_LOSS
CAGR | TRENT | 2021-03 | eps_cagr_10yr | INSUFFICIENT
CAGR | TRENT | 2022-03 | revenue_cagr_10yr | INSUFFICIENT
CAGR | TRENT | 2022-03 | pat_cagr_10yr | INSUFFICIENT
CAGR | TRENT | 2022-03 | eps_cagr_10yr | INSUFFICIENT
CAGR | TRENT | 2023-03 | pat_cagr_10yr | TURNAROUND
CAGR | TRENT | 2023-03 | eps_cagr_10yr | TURNAROUND
CAGR | TRENT | 2024-03 | pat_cagr_3yr | TURNAROUND
CAGR | TRENT | 2024-03 | pat_cagr_10yr | TURNAROUND
CAGR | TRENT | 2024-03 | eps_cagr_3yr | TURNAROUND
CAGR | TRENT | 2024-03 | eps_cagr_10yr | TURNAROUND
CAGR | TRENT | 2024-09 | revenue_cagr_3yr | INSUFFICIENT
CAGR | TRENT | 2024-09 | revenue_cagr_5yr | INSUFFICIENT
CAGR | TRENT | 2024-09 | revenue_cagr_10yr | INSUFFICIENT
CAGR | TRENT | 2024-09 | pat_cagr_3yr | INSUFFICIENT
CAGR | TRENT | 2024-09 | pat_cagr_5yr | INSUFFICIENT
CAGR | TRENT | 2024-09 | pat_cagr_10yr | INSUFFICIENT
CAGR | TRENT | 2024-09 | eps_cagr_3yr | INSUFFICIENT
CAGR | TRENT | 2024-09 | eps_cagr_5yr | INSUFFICIENT
CAGR | TRENT | 2024-09 | eps_cagr_10yr | INSUFFICIENT
CAGR | TVSMOTOR | 2013-03 | revenue_cagr_3yr | INSUFFICIENT
CAGR | TVSMOTOR | 2013-03 | revenue_cagr_5yr | INSUFFICIENT
CAGR | TVSMOTOR | 2013-03 | revenue_cagr_10yr | INSUFFICIENT
CAGR | TVSMOTOR | 2013-03 | pat_cagr_3yr | INSUFFICIENT
CAGR | TVSMOTOR | 2013-03 | pat_cagr_5yr | INSUFFICIENT
CAGR | TVSMOTOR | 2013-03 | pat_cagr_10yr | INSUFFICIENT
CAGR | TVSMOTOR | 2013-03 | eps_cagr_3yr | INSUFFICIENT
CAGR | TVSMOTOR | 2013-03 | eps_cagr_5yr | INSUFFICIENT
CAGR | TVSMOTOR | 2013-03 | eps_cagr_10yr | INSUFFICIENT
CAGR | TVSMOTOR | 2014-03 | revenue_cagr_3yr | INSUFFICIENT
CAGR | TVSMOTOR | 2014-03 | revenue_cagr_5yr | INSUFFICIENT
CAGR | TVSMOTOR | 2014-03 | revenue_cagr_10yr | INSUFFICIENT
CAGR | TVSMOTOR | 2014-03 | pat_cagr_3yr | INSUFFICIENT
CAGR | TVSMOTOR | 2014-03 | pat_cagr_5yr | INSUFFICIENT
CAGR | TVSMOTOR | 2014-03 | pat_cagr_10yr | INSUFFICIENT
CAGR | TVSMOTOR | 2014-03 | eps_cagr_3yr | INSUFFICIENT
CAGR | TVSMOTOR | 2014-03 | eps_cagr_5yr | INSUFFICIENT
CAGR | TVSMOTOR | 2014-03 | eps_cagr_10yr | INSUFFICIENT
CAGR | TVSMOTOR | 2015-03 | revenue_cagr_3yr | INSUFFICIENT
CAGR | TVSMOTOR | 2015-03 | revenue_cagr_5yr | INSUFFICIENT
CAGR | TVSMOTOR | 2015-03 | revenue_cagr_10yr | INSUFFICIENT
CAGR | TVSMOTOR | 2015-03 | pat_cagr_3yr | INSUFFICIENT
CAGR | TVSMOTOR | 2015-03 | pat_cagr_5yr | INSUFFICIENT
CAGR | TVSMOTOR | 2015-03 | pat_cagr_10yr | INSUFFICIENT
CAGR | TVSMOTOR | 2015-03 | eps_cagr_3yr | INSUFFICIENT
CAGR | TVSMOTOR | 2015-03 | eps_cagr_5yr | INSUFFICIENT
CAGR | TVSMOTOR | 2015-03 | eps_cagr_10yr | INSUFFICIENT
CAGR | TVSMOTOR | 2016-03 | revenue_cagr_5yr | INSUFFICIENT
CAGR | TVSMOTOR | 2016-03 | revenue_cagr_10yr | INSUFFICIENT
CAGR | TVSMOTOR | 2016-03 | pat_cagr_5yr | INSUFFICIENT
CAGR | TVSMOTOR | 2016-03 | pat_cagr_10yr | INSUFFICIENT
CAGR | TVSMOTOR | 2016-03 | eps_cagr_5yr | INSUFFICIENT
CAGR | TVSMOTOR | 2016-03 | eps_cagr_10yr | INSUFFICIENT
CAGR | TVSMOTOR | 2017-03 | revenue_cagr_5yr | INSUFFICIENT
CAGR | TVSMOTOR | 2017-03 | revenue_cagr_10yr | INSUFFICIENT
CAGR | TVSMOTOR | 2017-03 | pat_cagr_5yr | INSUFFICIENT
CAGR | TVSMOTOR | 2017-03 | pat_cagr_10yr | INSUFFICIENT
CAGR | TVSMOTOR | 2017-03 | eps_cagr_5yr | INSUFFICIENT
CAGR | TVSMOTOR | 2017-03 | eps_cagr_10yr | INSUFFICIENT
CAGR | TVSMOTOR | 2018-03 | revenue_cagr_10yr | INSUFFICIENT
CAGR | TVSMOTOR | 2018-03 | pat_cagr_10yr | INSUFFICIENT
CAGR | TVSMOTOR | 2018-03 | eps_cagr_10yr | INSUFFICIENT
CAGR | TVSMOTOR | 2019-03 | revenue_cagr_10yr | INSUFFICIENT
CAGR | TVSMOTOR | 2019-03 | pat_cagr_10yr | INSUFFICIENT
CAGR | TVSMOTOR | 2019-03 | eps_cagr_10yr | INSUFFICIENT
CAGR | TVSMOTOR | 2020-03 | revenue_cagr_10yr | INSUFFICIENT
CAGR | TVSMOTOR | 2020-03 | pat_cagr_10yr | INSUFFICIENT
CAGR | TVSMOTOR | 2020-03 | eps_cagr_10yr | INSUFFICIENT
CAGR | TVSMOTOR | 2021-03 | revenue_cagr_10yr | INSUFFICIENT
CAGR | TVSMOTOR | 2021-03 | pat_cagr_10yr | INSUFFICIENT
CAGR | TVSMOTOR | 2021-03 | eps_cagr_10yr | INSUFFICIENT
CAGR | TVSMOTOR | 2022-03 | revenue_cagr_10yr | INSUFFICIENT
CAGR | TVSMOTOR | 2022-03 | pat_cagr_10yr | INSUFFICIENT
CAGR | TVSMOTOR | 2022-03 | eps_cagr_10yr | INSUFFICIENT
CAGR | TVSMOTOR | 2024-09 | revenue_cagr_3yr | INSUFFICIENT
CAGR | TVSMOTOR | 2024-09 | revenue_cagr_5yr | INSUFFICIENT
CAGR | TVSMOTOR | 2024-09 | revenue_cagr_10yr | INSUFFICIENT
CAGR | TVSMOTOR | 2024-09 | pat_cagr_3yr | INSUFFICIENT
CAGR | TVSMOTOR | 2024-09 | pat_cagr_5yr | INSUFFICIENT
CAGR | TVSMOTOR | 2024-09 | pat_cagr_10yr | INSUFFICIENT
CAGR | TVSMOTOR | 2024-09 | eps_cagr_3yr | INSUFFICIENT
CAGR | TVSMOTOR | 2024-09 | eps_cagr_5yr | INSUFFICIENT
CAGR | TVSMOTOR | 2024-09 | eps_cagr_10yr | INSUFFICIENT
ROCE | IRCTC | 2024-03 | source=53.8 computed=46.0486 | ROCE_SOURCE_MISMATCH
ROCE | HAL | 2024-03 | source=38.9 computed=3180.7453 | ROCE_SOURCE_MISMATCH
ROCE | INDIGO | 2024-03 | source=24.5 computed=1112.5536 | ROCE_SOURCE_MISMATCH
ROCE | ADANIGREEN | 2024-03 | source=96.5 computed=8.9394 | ROCE_SOURCE_MISMATCH
ROCE | GODREJCP | 2024-03 | source=26.49 computed=3.2111 | ROCE_SOURCE_MISMATCH
ROCE | ICICIPRULI | 2024-03 | source=8.75 computed=32.7571 | ROCE_SOURCE_MISMATCH
ROCE | TRENT | 2024-03 | source=23.8 computed=39.3231 | ROCE_SOURCE_MISMATCH
ROCE | NESTLEIND | 2024-03 | source=185.43 computed=147.4627 | ROCE_SOURCE_MISMATCH
ROCE | BOSCHLTD | 2024-03 | source=20.6 computed=26.7041 | ROCE_SOURCE_MISMATCH
ROCE | ASIANPAINT | 2024-03 | source=41.75 computed=35.6240 | ROCE_SOURCE_MISMATCH
ROCE | BEL | 2024-03 | source=34.6 computed=4155.9055 | ROCE_SOURCE_MISMATCH
ROCE | PNB | 2024-03 | source=1.63 computed=118.2187 | ROCE_SOURCE_MISMATCH
ROCE | BAJFINANCE | 2024-03 | source=11.9 computed=5.2199 | ROCE_SOURCE_MISMATCH
ROCE | BAJAJFINSV | 2024-03 | source=21.14 computed=11.4476 | ROCE_SOURCE_MISMATCH
ROCE | LICI | 2024-03 | source=63.79 computed=56.9712 | ROCE_SOURCE_MISMATCH
ROCE | LT | 2024-03 | source=17.18 computed=135.9455 | ROCE_SOURCE_MISMATCH
ROCE | LTIM | 2024-03 | source=34.1 computed=28.3897 | ROCE_SOURCE_MISMATCH
ROCE | CHOLAFIN | 2024-03 | source=10.4 computed=3.1545 | ROCE_SOURCE_MISMATCH
ROCE | M&M | 2024-03 | source=26.98 computed=13.4216 | ROCE_SOURCE_MISMATCH